{"type": "FeatureCollection", "features": [{"type": "Feature", "geometry": {"type": "Point", "coordinates": [-91.31306727788159, 40.650880179153425]}, "properties": {"state": "IA", "cluster_id": 43, "county": "LEE", "severity": 2281, "radius_m": 3000.0, "share_of_state": 0.05140860942077981}}, {"type": "Feature", "geometry": {"type": "Point", "coordinates": [-92.82723265505315, 42.00212144186518]}, "properties": {"state": "IA", "cluster_id": 23, "county": "MARSHALL", "severity": 917, "radius_m": 3000.0, "share_of_state": 0.020667117421681317}}, {"type": "Feature", "geometry": {"type": "Point", "coordinates": [-91.55515740214076, 41.96694923900866]}, "properties": {"state": "IA", "cluster_id": 101, "county": "LINN", "severity": 876, "radius_m": 3000.0, "share_of_state": 0.019743069641649763}}, {"type": "Feature", "geometry": {"type": "Point", "coordinates": [-92.45241475682624, 42.64816077963003]}, "properties": {"state": "IA", "cluster_id": 46, "county": "BREMER", "severity": 793, "radius_m": 3000.0, "share_of_state": 0.01787243633085418}}, {"type": "Feature", "geometry": {"type": "Point", "coordinates": [-93.94968877151021, 41.563462420415505]}, "properties": {"state": "IA", "cluster_id": 38, "county": "DALLAS", "severity": 701, "radius_m": 3000.0, "share_of_state": 0.015798963263466307}}, {"type": "Feature", "geometry": {"type": "Point", "coordinates": [-93.62145391404037, 42.00749151781781]}, "properties": {"state": "IA", "cluster_id": 78, "county": "STORY", "severity": 694, "radius_m": 3000.0, "share_of_state": 0.015641199008338966}}, {"type": "Feature", "geometry": {"type": "Point", "coordinates": [-90.71761623647772, 42.459815699157645]}, "properties": {"state": "IA", "cluster_id": 20, "county": "DUBUQUE", "severity": 598, "radius_m": 3000.0, "share_of_state": 0.013477574938021186}}, {"type": "Feature", "geometry": {"type": "Point", "coordinates": [-91.77183099408205, 43.28609859832233]}, "properties": {"state": "IA", "cluster_id": 48, "county": "WINNESHIEK", "severity": 528, "radius_m": 3000.0, "share_of_state": 0.011899932386747802}}, {"type": "Feature", "geometry": {"type": "Point", "coordinates": [-91.71393485818486, 42.1015713632108]}, "properties": {"state": "IA", "cluster_id": 33, "county": "LINN", "severity": 465, "radius_m": 3000.0, "share_of_state": 0.010480054090601758}}, {"type": "Feature", "geometry": {"type": "Point", "coordinates": [-95.78208025075652, 41.28622980524816]}, "properties": {"state": "IA", "cluster_id": 168, "county": "POTTAWATTAMIE", "severity": 447, "radius_m": 3000.0, "share_of_state": 0.010074374577417174}}, {"type": "Feature", "geometry": {"type": "Point", "coordinates": [-91.56162331719295, 41.6893830230669]}, "properties": {"state": "IA", "cluster_id": 45, "county": "JOHNSON", "severity": 433, "radius_m": 3000.0, "share_of_state": 0.009758846067162498}}, {"type": "Feature", "geometry": {"type": "Point", "coordinates": [-90.70826494222403, 42.53993055028858]}, "properties": {"state": "IA", "cluster_id": 14, "county": "DUBUQUE", "severity": 395, "radius_m": 3000.0, "share_of_state": 0.008902411539328374}}, {"type": "Feature", "geometry": {"type": "Point", "coordinates": [-91.28391947469684, 42.092369469989485]}, "properties": {"state": "IA", "cluster_id": 34, "county": "JONES", "severity": 384, "radius_m": 275.1199787130341, "share_of_state": 0.008654496281271129}}, {"type": "Feature", "geometry": {"type": "Point", "coordinates": [-93.56791776748187, 42.1469153533548]}, "properties": {"state": "IA", "cluster_id": 126, "county": "STORY", "severity": 371, "radius_m": 3000.0, "share_of_state": 0.008361505521748929}}, {"type": "Feature", "geometry": {"type": "Point", "coordinates": [-93.55854309137628, 41.465744395987514]}, "properties": {"state": "IA", "cluster_id": 113, "county": "WARREN", "severity": 350, "radius_m": 3000.0, "share_of_state": 0.007888212756366914}}, {"type": "Feature", "geometry": {"type": "Point", "coordinates": [-90.55674575617635, 41.72041025291017]}, "properties": {"state": "IA", "cluster_id": 99, "county": "SCOTT", "severity": 346, "radius_m": 3000.0, "share_of_state": 0.007798061753437007}}, {"type": "Feature", "geometry": {"type": "Point", "coordinates": [-90.71769316484547, 42.411860661699855]}, "properties": {"state": "IA", "cluster_id": 10, "county": "DUBUQUE", "severity": 327, "radius_m": 3000.0, "share_of_state": 0.007369844489519946}}, {"type": "Feature", "geometry": {"type": "Point", "coordinates": [-90.55228556540419, 41.59516875153056]}, "properties": {"state": "IA", "cluster_id": 68, "county": "SCOTT", "severity": 327, "radius_m": 3000.0, "share_of_state": 0.007369844489519946}}, {"type": "Feature", "geometry": {"type": "Point", "coordinates": [-92.24827638673516, 42.45028989243475]}, "properties": {"state": "IA", "cluster_id": 107, "county": "BLACK HAWK", "severity": 294, "radius_m": 3000.0, "share_of_state": 0.006626098715348208}}, {"type": "Feature", "geometry": {"type": "Point", "coordinates": [-92.9517714651585, 41.40390825392007]}, "properties": {"state": "IA", "cluster_id": 28, "county": "MARION", "severity": 290, "radius_m": 3000.0, "share_of_state": 0.006535947712418301}}, {"type": "Feature", "geometry": {"type": "Point", "coordinates": [-93.93357218329459, 42.03568768925053]}, "properties": {"state": "IA", "cluster_id": 142, "county": "BOONE", "severity": 287, "radius_m": 3000.0, "share_of_state": 0.00646833446022087}}, {"type": "Feature", "geometry": {"type": "Point", "coordinates": [-91.05092337687583, 41.450098555149246]}, "properties": {"state": "IA", "cluster_id": 1, "county": "MUSCATINE", "severity": 285, "radius_m": 3000.0, "share_of_state": 0.006423258958755916}}, {"type": "Feature", "geometry": {"type": "Point", "coordinates": [-90.87588951183344, 41.512182408656614]}, "properties": {"state": "IA", "cluster_id": 100, "county": "MUSCATINE", "severity": 285, "radius_m": 100.0, "share_of_state": 0.006423258958755916}}, {"type": "Feature", "geometry": {"type": "Point", "coordinates": [-96.33737828267107, 42.466738229475816]}, "properties": {"state": "IA", "cluster_id": 19, "county": "WOODBURY", "severity": 284, "radius_m": 3000.0, "share_of_state": 0.0064007212080234395}}, {"type": "Feature", "geometry": {"type": "Point", "coordinates": [-92.6202591238409, 43.00855213426444]}, "properties": {"state": "IA", "cluster_id": 196, "county": "FLOYD", "severity": 255, "radius_m": 266.1070036673324, "share_of_state": 0.005747126436781609}}, {"type": "Feature", "geometry": {"type": "Point", "coordinates": [-92.33887036644029, 42.68071772256483]}, "properties": {"state": "IA", "cluster_id": 97, "county": "BREMER", "severity": 253, "radius_m": 195.13407443286087, "share_of_state": 0.005702050935316655}}, {"type": "Feature", "geometry": {"type": "Point", "coordinates": [-91.57711128531284, 41.64769034873694]}, "properties": {"state": "IA", "cluster_id": 37, "county": "JOHNSON", "severity": 249, "radius_m": 3000.0, "share_of_state": 0.005611899932386748}}, {"type": "Feature", "geometry": {"type": "Point", "coordinates": [-93.22649324804567, 43.20059958815387]}, "properties": {"state": "IA", "cluster_id": 93, "county": "CERRO GORDO", "severity": 242, "radius_m": 3000.0, "share_of_state": 0.00545413567725941}}, {"type": "Feature", "geometry": {"type": "Point", "coordinates": [-93.33790136899091, 41.42991250867836]}, "properties": {"state": "IA", "cluster_id": 122, "county": "MARION", "severity": 241, "radius_m": 105.98981655774071, "share_of_state": 0.005431597926526932}}, {"type": "Feature", "geometry": {"type": "Point", "coordinates": [-94.20642384082473, 42.521782897073855]}, "properties": {"state": "IA", "cluster_id": 102, "county": "WEBSTER", "severity": 240, "radius_m": 3000.0, "share_of_state": 0.005409060175794456}}, {"type": "Feature", "geometry": {"type": "Point", "coordinates": [-92.39029142191326, 41.96370125388642]}, "properties": {"state": "IA", "cluster_id": 7, "county": "TAMA", "severity": 237, "radius_m": 100.0, "share_of_state": 0.005341446923597025}}, {"type": "Feature", "geometry": {"type": "Point", "coordinates": [-91.10188561660856, 41.64724023289215]}, "properties": {"state": "IA", "cluster_id": 145, "county": "CEDAR", "severity": 234, "radius_m": 3000.0, "share_of_state": 0.005273833671399594}}, {"type": "Feature", "geometry": {"type": "Point", "coordinates": [-92.54493123074471, 42.894095030734434]}, "properties": {"state": "IA", "cluster_id": 86, "county": "BREMER", "severity": 231, "radius_m": 100.0, "share_of_state": 0.0052062204192021636}}, {"type": "Feature", "geometry": {"type": "Point", "coordinates": [-90.56913559875852, 41.84110793435191]}, "properties": {"state": "IA", "cluster_id": 2, "county": "CLINTON", "severity": 225, "radius_m": 297.2369976860745, "share_of_state": 0.005070993914807302}}, {"type": "Feature", "geometry": {"type": "Point", "coordinates": [-91.55439223325197, 40.890241996175526]}, "properties": {"state": "IA", "cluster_id": 246, "county": "HENRY", "severity": 223, "radius_m": 3000.0, "share_of_state": 0.005025918413342348}}, {"type": "Feature", "geometry": {"type": "Point", "coordinates": [-90.67185504080047, 41.51408965313952]}, "properties": {"state": "IA", "cluster_id": 136, "county": "SCOTT", "severity": 222, "radius_m": 2916.80592984557, "share_of_state": 0.0050033806626098715}}, {"type": "Feature", "geometry": {"type": "Point", "coordinates": [-93.68202639357662, 41.73916117263687]}, "properties": {"state": "IA", "cluster_id": 3, "county": "POLK", "severity": 210, "radius_m": 3000.0, "share_of_state": 0.004732927653820149}}, {"type": "Feature", "geometry": {"type": "Point", "coordinates": [-92.71748951776516, 43.08673670211752]}, "properties": {"state": "IA", "cluster_id": 76, "county": "FLOYD", "severity": 207, "radius_m": 3000.0, "share_of_state": 0.004665314401622718}}, {"type": "Feature", "geometry": {"type": "Point", "coordinates": [-91.84425332848255, 42.21332772844909]}, "properties": {"state": "IA", "cluster_id": 292, "county": "BENTON", "severity": 207, "radius_m": 253.70800939176806, "share_of_state": 0.004665314401622718}}, {"type": "Feature", "geometry": {"type": "Point", "coordinates": [-90.41528047387544, 41.57157851701653]}, "properties": {"state": "IA", "cluster_id": 167, "county": "SCOTT", "severity": 201, "radius_m": 3000.0, "share_of_state": 0.004530087897227857}}, {"type": "Feature", "geometry": {"type": "Point", "coordinates": [-93.34881685967079, 43.14512165243006]}, "properties": {"state": "IA", "cluster_id": 172, "county": "CERRO GORDO", "severity": 199, "radius_m": 3000.0, "share_of_state": 0.0044850123957629025}}, {"type": "Feature", "geometry": {"type": "Point", "coordinates": [-91.41034409043823, 40.916574151004674]}, "properties": {"state": "IA", "cluster_id": 147, "county": "HENRY", "severity": 196, "radius_m": 202.84748556218898, "share_of_state": 0.004417399143565472}}, {"type": "Feature", "geometry": {"type": "Point", "coordinates": [-91.43579437521228, 42.466026155006176]}, "properties": {"state": "IA", "cluster_id": 63, "county": "DELAWARE", "severity": 194, "radius_m": 3000.0, "share_of_state": 0.004372323642100519}}, {"type": "Feature", "geometry": {"type": "Point", "coordinates": [-93.04031978340767, 41.682190283288094]}, "properties": {"state": "IA", "cluster_id": 226, "county": "JASPER", "severity": 192, "radius_m": 3000.0, "share_of_state": 0.0043272481406355645}}, {"type": "Feature", "geometry": {"type": "Point", "coordinates": [-93.78686814906317, 41.61207718685634]}, "properties": {"state": "IA", "cluster_id": 75, "county": "POLK", "severity": 188, "radius_m": 2734.002716120782, "share_of_state": 0.004237097137705657}}, {"type": "Feature", "geometry": {"type": "Point", "coordinates": [-91.80993749364053, 42.86789940810761]}, "properties": {"state": "IA", "cluster_id": 80, "county": "FAYETTE", "severity": 185, "radius_m": 120.6646600842452, "share_of_state": 0.0041694838855082265}}, {"type": "Feature", "geometry": {"type": "Point", "coordinates": [-93.47926544462398, 41.591268380700406]}, "properties": {"state": "IA", "cluster_id": 257, "county": "POLK", "severity": 184, "radius_m": 3000.0, "share_of_state": 0.004146946134775749}}, {"type": "Feature", "geometry": {"type": "Point", "coordinates": [-93.8050357032153, 42.438663973774005]}, "properties": {"state": "IA", "cluster_id": 154, "county": "HAMILTON", "severity": 182, "radius_m": 3000.0, "share_of_state": 0.004101870633310796}}, {"type": "Feature", "geometry": {"type": "Point", "coordinates": [-93.21642172847942, 41.87442434512375]}, "properties": {"state": "IA", "cluster_id": 55, "county": "MARSHALL", "severity": 176, "radius_m": 100.0, "share_of_state": 0.003966644128915934}}, {"type": "Feature", "geometry": {"type": "Point", "coordinates": [-93.76001400188777, 41.53211089588292]}, "properties": {"state": "IA", "cluster_id": 11, "county": "POLK", "severity": 173, "radius_m": 3000.0, "share_of_state": 0.0038990308767185033}}, {"type": "Feature", "geometry": {"type": "Point", "coordinates": [-91.88275070004275, 42.45115015488378]}, "properties": {"state": "IA", "cluster_id": 307, "county": "BUCHANAN", "severity": 170, "radius_m": 294.82177213443606, "share_of_state": 0.0038314176245210726}}, {"type": "Feature", "geometry": {"type": "Point", "coordinates": [-91.09835269408644, 42.46718950468406]}, "properties": {"state": "IA", "cluster_id": 95, "county": "DUBUQUE", "severity": 169, "radius_m": 228.43539181525006, "share_of_state": 0.003808879873788596}}, {"type": "Feature", "geometry": {"type": "Point", "coordinates": [-92.07330783254329, 41.00962085297488]}, "properties": {"state": "IA", "cluster_id": 305, "county": "JEFFERSON", "severity": 165, "radius_m": 195.79981861108496, "share_of_state": 0.0037187288708586883}}, {"type": "Feature", "geometry": {"type": "Point", "coordinates": [-91.873847441136, 41.76331862136084]}, "properties": {"state": "IA", "cluster_id": 16, "county": "IOWA", "severity": 162, "radius_m": 153.87715616296288, "share_of_state": 0.0036511156186612576}}, {"type": "Feature", "geometry": {"type": "Point", "coordinates": [-94.82173274874076, 43.37232110438944]}, "properties": {"state": "IA", "cluster_id": 115, "county": "EMMET", "severity": 162, "radius_m": 230.03467236607145, "share_of_state": 0.0036511156186612576}}, {"type": "Feature", "geometry": {"type": "Point", "coordinates": [-91.46380377645832, 42.05029914971115]}, "properties": {"state": "IA", "cluster_id": 0, "county": "LINN", "severity": 160, "radius_m": 106.64692928973905, "share_of_state": 0.003606040117196304}}, {"type": "Feature", "geometry": {"type": "Point", "coordinates": [-92.97182673347552, 41.306260965552624]}, "properties": {"state": "IA", "cluster_id": 353, "county": "MARION", "severity": 160, "radius_m": 3000.0, "share_of_state": 0.003606040117196304}}, {"type": "Feature", "geometry": {"type": "Point", "coordinates": [-93.57134399931506, 41.88718071092638]}, "properties": {"state": "IA", "cluster_id": 54, "county": "STORY", "severity": 157, "radius_m": 365.11973939480987, "share_of_state": 0.003538426864998873}}, {"type": "Feature", "geometry": {"type": "Point", "coordinates": [-92.43684234364534, 42.463731892490685]}, "properties": {"state": "IA", "cluster_id": 161, "county": "BLACK HAWK", "severity": 156, "radius_m": 3000.0, "share_of_state": 0.003515889114266396}}, {"type": "Feature", "geometry": {"type": "Point", "coordinates": [-93.65931447394959, 41.51007536393608]}, "properties": {"state": "IA", "cluster_id": 223, "county": "POLK", "severity": 155, "radius_m": 3000.0, "share_of_state": 0.003493351363533919}}, {"type": "Feature", "geometry": {"type": "Point", "coordinates": [-93.56497728278764, 41.66064111198862]}, "properties": {"state": "IA", "cluster_id": 243, "county": "POLK", "severity": 155, "radius_m": 3000.0, "share_of_state": 0.003493351363533919}}, {"type": "Feature", "geometry": {"type": "Point", "coordinates": [-91.19686979001376, 41.227700174936494]}, "properties": {"state": "IA", "cluster_id": 278, "county": "LOUISA", "severity": 154, "radius_m": 100.0, "share_of_state": 0.0034708136128014425}}, {"type": "Feature", "geometry": {"type": "Point", "coordinates": [-94.12249920431792, 42.45586832899251]}, "properties": {"state": "IA", "cluster_id": 12, "county": "WEBSTER", "severity": 150, "radius_m": 2893.6593860551884, "share_of_state": 0.0033806626098715348}}, {"type": "Feature", "geometry": {"type": "Point", "coordinates": [-93.15518144280162, 41.31964940515431]}, "properties": {"state": "IA", "cluster_id": 81, "county": "MARION", "severity": 150, "radius_m": 184.28696755766387, "share_of_state": 0.0033806626098715348}}, {"type": "Feature", "geometry": {"type": "Point", "coordinates": [-91.38643351037189, 42.86415034634912]}, "properties": {"state": "IA", "cluster_id": 153, "county": "CLAYTON", "severity": 150, "radius_m": 369.0423222588388, "share_of_state": 0.0033806626098715348}}, {"type": "Feature", "geometry": {"type": "Point", "coordinates": [-91.19317190341174, 41.331711999998355]}, "properties": {"state": "IA", "cluster_id": 62, "county": "MUSCATINE", "severity": 149, "radius_m": 320.1615076872471, "share_of_state": 0.0033581248591390577}}, {"type": "Feature", "geometry": {"type": "Point", "coordinates": [-93.95389628401492, 41.83349437601876]}, "properties": {"state": "IA", "cluster_id": 104, "county": "DALLAS", "severity": 147, "radius_m": 100.0, "share_of_state": 0.003313049357674104}}, {"type": "Feature", "geometry": {"type": "Point", "coordinates": [-92.36669714962733, 41.022195281508]}, "properties": {"state": "IA", "cluster_id": 197, "county": "WAPELLO", "severity": 147, "radius_m": 3000.0, "share_of_state": 0.003313049357674104}}, {"type": "Feature", "geometry": {"type": "Point", "coordinates": [-91.54384016150725, 41.00990768499612]}, "properties": {"state": "IA", "cluster_id": 247, "county": "HENRY", "severity": 147, "radius_m": 254.35345286283084, "share_of_state": 0.003313049357674104}}, {"type": "Feature", "geometry": {"type": "Point", "coordinates": [-92.8444118052113, 40.8125496579188]}, "properties": {"state": "IA", "cluster_id": 61, "county": "APPANOOSE", "severity": 138, "radius_m": 143.76365309875405, "share_of_state": 0.003110209601081812}}, {"type": "Feature", "geometry": {"type": "Point", "coordinates": [-91.74749964575592, 40.9874026045]}, "properties": {"state": "IA", "cluster_id": 73, "county": "JEFFERSON", "severity": 138, "radius_m": 100.0, "share_of_state": 0.003110209601081812}}, {"type": "Feature", "geometry": {"type": "Point", "coordinates": [-93.37059259938557, 42.00795444349447]}, "properties": {"state": "IA", "cluster_id": 66, "county": "STORY", "severity": 137, "radius_m": 100.0, "share_of_state": 0.003087671850349335}}, {"type": "Feature", "geometry": {"type": "Point", "coordinates": [-93.19254910843857, 41.690168501758826]}, "properties": {"state": "IA", "cluster_id": 250, "county": "JASPER", "severity": 137, "radius_m": 201.63114626481425, "share_of_state": 0.003087671850349335}}, {"type": "Feature", "geometry": {"type": "Point", "coordinates": [-93.57221035641494, 41.72759147491506]}, "properties": {"state": "IA", "cluster_id": 254, "county": "POLK", "severity": 137, "radius_m": 388.7100473500274, "share_of_state": 0.003087671850349335}}, {"type": "Feature", "geometry": {"type": "Point", "coordinates": [-93.69526803947717, 41.651917726112266]}, "properties": {"state": "IA", "cluster_id": 213, "county": "POLK", "severity": 134, "radius_m": 3000.0, "share_of_state": 0.0030200585981519043}}, {"type": "Feature", "geometry": {"type": "Point", "coordinates": [-91.53591987828321, 42.20482168746531]}, "properties": {"state": "IA", "cluster_id": 184, "county": "LINN", "severity": 132, "radius_m": 371.18803187541226, "share_of_state": 0.0029749830966869506}}, {"type": "Feature", "geometry": {"type": "Point", "coordinates": [-91.94623318562827, 40.990951009087716]}, "properties": {"state": "IA", "cluster_id": 383, "county": "JEFFERSON", "severity": 132, "radius_m": 3000.0, "share_of_state": 0.0029749830966869506}}, {"type": "Feature", "geometry": {"type": "Point", "coordinates": [-93.2358662315116, 43.149698565297484]}, "properties": {"state": "IA", "cluster_id": 59, "county": "CERRO GORDO", "severity": 128, "radius_m": 2378.980887427108, "share_of_state": 0.002884832093757043}}, {"type": "Feature", "geometry": {"type": "Point", "coordinates": [-91.1573681185114, 42.25514197968296]}, "properties": {"state": "IA", "cluster_id": 297, "county": "JONES", "severity": 125, "radius_m": 326.3722435749098, "share_of_state": 0.002817218841559612}}, {"type": "Feature", "geometry": {"type": "Point", "coordinates": [-91.24612795043146, 40.83226644327373]}, "properties": {"state": "IA", "cluster_id": 302, "county": "DES MOINES", "severity": 123, "radius_m": 2764.227236986266, "share_of_state": 0.0027721433400946585}}, {"type": "Feature", "geometry": {"type": "Point", "coordinates": [-92.00684642384248, 41.77441263840172]}, "properties": {"state": "IA", "cluster_id": 52, "county": "IOWA", "severity": 122, "radius_m": 2910.847304506522, "share_of_state": 0.0027496055893621815}}, {"type": "Feature", "geometry": {"type": "Point", "coordinates": [-91.23736566699313, 41.72446022781644]}, "properties": {"state": "IA", "cluster_id": 82, "county": "CEDAR", "severity": 120, "radius_m": 2966.234253318907, "share_of_state": 0.002704530087897228}}, {"type": "Feature", "geometry": {"type": "Point", "coordinates": [-92.7993496643063, 41.69536015060404]}, "properties": {"state": "IA", "cluster_id": 284, "county": "JASPER", "severity": 119, "radius_m": 100.0, "share_of_state": 0.0026819923371647508}}, {"type": "Feature", "geometry": {"type": "Point", "coordinates": [-94.22668260198068, 42.69006970656804]}, "properties": {"state": "IA", "cluster_id": 90, "county": "HUMBOLDT", "severity": 117, "radius_m": 100.0, "share_of_state": 0.002636916835699797}}, {"type": "Feature", "geometry": {"type": "Point", "coordinates": [-93.44904644626095, 43.13437723660342]}, "properties": {"state": "IA", "cluster_id": 350, "county": "CERRO GORDO", "severity": 115, "radius_m": 100.0, "share_of_state": 0.0025918413342348435}}, {"type": "Feature", "geometry": {"type": "Point", "coordinates": [-91.21984923940096, 43.01745462131766]}, "properties": {"state": "IA", "cluster_id": 129, "county": "CLAYTON", "severity": 114, "radius_m": 158.34059877288482, "share_of_state": 0.0025693035835023664}}, {"type": "Feature", "geometry": {"type": "Point", "coordinates": [-93.61649990929482, 42.071284090591966]}, "properties": {"state": "IA", "cluster_id": 132, "county": "STORY", "severity": 111, "radius_m": 1712.1195010881993, "share_of_state": 0.0025016903313049357}}, {"type": "Feature", "geometry": {"type": "Point", "coordinates": [-91.37707849057561, 41.91312572473304]}, "properties": {"state": "IA", "cluster_id": 118, "county": "LINN", "severity": 109, "radius_m": 2615.421006254904, "share_of_state": 0.002456614829839982}}, {"type": "Feature", "geometry": {"type": "Point", "coordinates": [-91.65986922467278, 41.828957430808224]}, "properties": {"state": "IA", "cluster_id": 285, "county": "JOHNSON", "severity": 107, "radius_m": 330.84033402523215, "share_of_state": 0.002411539328375028}}, {"type": "Feature", "geometry": {"type": "Point", "coordinates": [-96.46863099554704, 42.51235846489488]}, "properties": {"state": "IA", "cluster_id": 308, "county": "WOODBURY", "severity": 107, "radius_m": 2210.568879231073, "share_of_state": 0.002411539328375028}}, {"type": "Feature", "geometry": {"type": "Point", "coordinates": [-92.64202568149808, 42.46057533908968]}, "properties": {"state": "IA", "cluster_id": 109, "county": "GRUNDY", "severity": 102, "radius_m": 1903.383869846423, "share_of_state": 0.0022988505747126436}}, {"type": "Feature", "geometry": {"type": "Point", "coordinates": [-93.06885270107003, 41.292260152435524]}, "properties": {"state": "IA", "cluster_id": 166, "county": "MARION", "severity": 99, "radius_m": 322.795800195024, "share_of_state": 0.002231237322515213}}, {"type": "Feature", "geometry": {"type": "Point", "coordinates": [-91.62885581044324, 40.975511956624246]}, "properties": {"state": "IA", "cluster_id": 192, "county": "HENRY", "severity": 98, "radius_m": 270.42420806716643, "share_of_state": 0.002208699571782736}}, {"type": "Feature", "geometry": {"type": "Point", "coordinates": [-91.76932753143957, 42.000224703104315]}, "properties": {"state": "IA", "cluster_id": 433, "county": "LINN", "severity": 98, "radius_m": 100.0, "share_of_state": 0.002208699571782736}}, {"type": "Feature", "geometry": {"type": "Point", "coordinates": [-95.49093710919378, 42.35221268365346]}, "properties": {"state": "IA", "cluster_id": 111, "county": "IDA", "severity": 97, "radius_m": 1532.606439537287, "share_of_state": 0.0021861618210502593}}, {"type": "Feature", "geometry": {"type": "Point", "coordinates": [-93.18348582109977, 43.11081310560302]}, "properties": {"state": "IA", "cluster_id": 204, "county": "CERRO GORDO", "severity": 95, "radius_m": 2243.977804350745, "share_of_state": 0.002141086319585305}}, {"type": "Feature", "geometry": {"type": "Point", "coordinates": [-94.07341565367108, 41.53232081021804]}, "properties": {"state": "IA", "cluster_id": 79, "county": "DALLAS", "severity": 94, "radius_m": 2386.413613090578, "share_of_state": 0.0021185485688528286}}, {"type": "Feature", "geometry": {"type": "Point", "coordinates": [-93.36928075445957, 42.44981877421006]}, "properties": {"state": "IA", "cluster_id": 309, "county": "HARDIN", "severity": 94, "radius_m": 216.2480834561154, "share_of_state": 0.0021185485688528286}}, {"type": "Feature", "geometry": {"type": "Point", "coordinates": [-93.30292691390049, 41.813773928493674]}, "properties": {"state": "IA", "cluster_id": 432, "county": "JASPER", "severity": 94, "radius_m": 177.3746039120512, "share_of_state": 0.0021185485688528286}}, {"type": "Feature", "geometry": {"type": "Point", "coordinates": [-90.1941873262629, 41.922515870770795]}, "properties": {"state": "IA", "cluster_id": 89, "county": "CLINTON", "severity": 93, "radius_m": 175.14444686403286, "share_of_state": 0.0020960108181203516}}, {"type": "Feature", "geometry": {"type": "Point", "coordinates": [-93.78040743368223, 41.46162866881926]}, "properties": {"state": "IA", "cluster_id": 249, "county": "WARREN", "severity": 92, "radius_m": 100.0, "share_of_state": 0.0020734730673878745}}, {"type": "Feature", "geometry": {"type": "Point", "coordinates": [-92.07119855058691, 42.44895188451938]}, "properties": {"state": "IA", "cluster_id": 377, "county": "BLACK HAWK", "severity": 90, "radius_m": 315.5449371686426, "share_of_state": 0.002028397565922921}}, {"type": "Feature", "geometry": {"type": "Point", "coordinates": [-95.51942346717316, 42.75456486454909]}, "properties": {"state": "IA", "cluster_id": 8, "county": "CHEROKEE", "severity": 89, "radius_m": 116.33349044682005, "share_of_state": 0.002005859815190444}}, {"type": "Feature", "geometry": {"type": "Point", "coordinates": [-96.39915886830114, 42.5341091340074]}, "properties": {"state": "IA", "cluster_id": 205, "county": "WOODBURY", "severity": 87, "radius_m": 2152.0264611815196, "share_of_state": 0.00196078431372549}}, {"type": "Feature", "geometry": {"type": "Point", "coordinates": [-93.78287748914826, 41.730209502863296]}, "properties": {"state": "IA", "cluster_id": 456, "county": "POLK", "severity": 87, "radius_m": 100.0, "share_of_state": 0.00196078431372549}}, {"type": "Feature", "geometry": {"type": "Point", "coordinates": [-95.99763832674363, 43.00300496931292]}, "properties": {"state": "IA", "cluster_id": 492, "county": "SIOUX", "severity": 87, "radius_m": 124.04597319822217, "share_of_state": 0.00196078431372549}}, {"type": "Feature", "geometry": {"type": "Point", "coordinates": [-91.41308870057382, 41.283843343382706]}, "properties": {"state": "IA", "cluster_id": 279, "county": "LOUISA", "severity": 86, "radius_m": 102.69607922748891, "share_of_state": 0.0019382465629930133}}, {"type": "Feature", "geometry": {"type": "Point", "coordinates": [-91.19454667169545, 42.206112863519174]}, "properties": {"state": "IA", "cluster_id": 176, "county": "JONES", "severity": 85, "radius_m": 100.0, "share_of_state": 0.0019157088122605363}}, {"type": "Feature", "geometry": {"type": "Point", "coordinates": [-93.34932644600879, 43.257624158231806]}, "properties": {"state": "IA", "cluster_id": 202, "county": "WORTH", "severity": 84, "radius_m": 100.0, "share_of_state": 0.0018931710615280595}}, {"type": "Feature", "geometry": {"type": "Point", "coordinates": [-92.50267235270178, 41.097350670414265]}, "properties": {"state": "IA", "cluster_id": 134, "county": "WAPELLO", "severity": 82, "radius_m": 100.0, "share_of_state": 0.0018480955600631056}}, {"type": "Feature", "geometry": {"type": "Point", "coordinates": [-94.16191656497944, 41.51575445584663]}, "properties": {"state": "IA", "cluster_id": 344, "county": "DALLAS", "severity": 81, "radius_m": 235.34818478328262, "share_of_state": 0.0018255578093306288}}, {"type": "Feature", "geometry": {"type": "Point", "coordinates": [-95.76810874546631, 41.04171722431987]}, "properties": {"state": "IA", "cluster_id": 6, "county": "MILLS", "severity": 79, "radius_m": 106.0029228774283, "share_of_state": 0.001780482307865675}}, {"type": "Feature", "geometry": {"type": "Point", "coordinates": [-93.85504898703822, 42.03575310768118]}, "properties": {"state": "IA", "cluster_id": 30, "county": "BOONE", "severity": 79, "radius_m": 1042.7529117237423, "share_of_state": 0.001780482307865675}}, {"type": "Feature", "geometry": {"type": "Point", "coordinates": [-93.66803478614945, 42.06827080237398]}, "properties": {"state": "IA", "cluster_id": 70, "county": "STORY", "severity": 79, "radius_m": 1737.1734523126577, "share_of_state": 0.001780482307865675}}, {"type": "Feature", "geometry": {"type": "Point", "coordinates": [-92.65379682453954, 41.01469478940076]}, "properties": {"state": "IA", "cluster_id": 216, "county": "MONROE", "severity": 79, "radius_m": 100.0, "share_of_state": 0.001780482307865675}}, {"type": "Feature", "geometry": {"type": "Point", "coordinates": [-96.28744540641058, 42.64206966244976]}, "properties": {"state": "IA", "cluster_id": 21, "county": "PLYMOUTH", "severity": 77, "radius_m": 100.0, "share_of_state": 0.0017354068064007213}}, {"type": "Feature", "geometry": {"type": "Point", "coordinates": [-95.11160207680479, 43.12733020299199]}, "properties": {"state": "IA", "cluster_id": 105, "county": "CLAY", "severity": 76, "radius_m": 288.7159412871227, "share_of_state": 0.0017128690556682442}}, {"type": "Feature", "geometry": {"type": "Point", "coordinates": [-92.06936543224707, 42.35638153928246]}, "properties": {"state": "IA", "cluster_id": 188, "county": "BLACK HAWK", "severity": 76, "radius_m": 100.0, "share_of_state": 0.0017128690556682442}}, {"type": "Feature", "geometry": {"type": "Point", "coordinates": [-91.91017295789499, 42.64541678938222]}, "properties": {"state": "IA", "cluster_id": 193, "county": "FAYETTE", "severity": 76, "radius_m": 100.0, "share_of_state": 0.0017128690556682442}}, {"type": "Feature", "geometry": {"type": "Point", "coordinates": [-92.31753709555197, 42.9395499325499]}, "properties": {"state": "IA", "cluster_id": 199, "county": "CHICKASAW", "severity": 76, "radius_m": 100.0, "share_of_state": 0.0017128690556682442}}, {"type": "Feature", "geometry": {"type": "Point", "coordinates": [-92.78887512145482, 41.01410177395801]}, "properties": {"state": "IA", "cluster_id": 36, "county": "MONROE", "severity": 75, "radius_m": 100.0, "share_of_state": 0.0016903313049357674}}, {"type": "Feature", "geometry": {"type": "Point", "coordinates": [-93.90519020713468, 40.60704497125629]}, "properties": {"state": "IA", "cluster_id": 146, "county": "DECATUR", "severity": 75, "radius_m": 143.93376594587832, "share_of_state": 0.0016903313049357674}}, {"type": "Feature", "geometry": {"type": "Point", "coordinates": [-93.05000639010433, 41.32007349946312]}, "properties": {"state": "IA", "cluster_id": 343, "county": "MARION", "severity": 75, "radius_m": 378.05082825136157, "share_of_state": 0.0016903313049357674}}, {"type": "Feature", "geometry": {"type": "Point", "coordinates": [-90.29411301765495, 41.77916233809224]}, "properties": {"state": "IA", "cluster_id": 124, "county": "CLINTON", "severity": 74, "radius_m": 100.0, "share_of_state": 0.0016677935542032906}}, {"type": "Feature", "geometry": {"type": "Point", "coordinates": [-91.1797132888402, 41.110811151629065]}, "properties": {"state": "IA", "cluster_id": 296, "county": "LOUISA", "severity": 74, "radius_m": 100.0, "share_of_state": 0.0016677935542032906}}, {"type": "Feature", "geometry": {"type": "Point", "coordinates": [-92.57946080121074, 41.92438106396251]}, "properties": {"state": "IA", "cluster_id": 42, "county": "TAMA", "severity": 73, "radius_m": 100.0, "share_of_state": 0.0016452558034708135}}, {"type": "Feature", "geometry": {"type": "Point", "coordinates": [-95.66994626767077, 41.38713796996933]}, "properties": {"state": "IA", "cluster_id": 293, "county": "POTTAWATTAMIE", "severity": 73, "radius_m": 152.55314144445808, "share_of_state": 0.0016452558034708135}}, {"type": "Feature", "geometry": {"type": "Point", "coordinates": [-92.9064539582307, 42.07531982089302]}, "properties": {"state": "IA", "cluster_id": 22, "county": "MARSHALL", "severity": 72, "radius_m": 311.0497917878934, "share_of_state": 0.0016227180527383367}}, {"type": "Feature", "geometry": {"type": "Point", "coordinates": [-92.22153917483956, 42.34484933427017]}, "properties": {"state": "IA", "cluster_id": 224, "county": "BLACK HAWK", "severity": 70, "radius_m": 100.0, "share_of_state": 0.0015776425512733828}}, {"type": "Feature", "geometry": {"type": "Point", "coordinates": [-95.88396794075128, 43.131675940568925]}, "properties": {"state": "IA", "cluster_id": 242, "county": "SIOUX", "severity": 70, "radius_m": 100.0, "share_of_state": 0.0015776425512733828}}, {"type": "Feature", "geometry": {"type": "Point", "coordinates": [-93.85197880398673, 41.76733304266611]}, "properties": {"state": "IA", "cluster_id": 91, "county": "DALLAS", "severity": 69, "radius_m": 1614.9499669511067, "share_of_state": 0.001555104800540906}}, {"type": "Feature", "geometry": {"type": "Point", "coordinates": [-96.3435663937525, 43.19975516924573]}, "properties": {"state": "IA", "cluster_id": 271, "county": "SIOUX", "severity": 69, "radius_m": 100.0, "share_of_state": 0.001555104800540906}}, {"type": "Feature", "geometry": {"type": "Point", "coordinates": [-91.48146789543269, 40.630998022803716]}, "properties": {"state": "IA", "cluster_id": 180, "county": "LEE", "severity": 68, "radius_m": 100.0, "share_of_state": 0.0015325670498084292}}, {"type": "Feature", "geometry": {"type": "Point", "coordinates": [-91.9035676555883, 42.59063440075879]}, "properties": {"state": "IA", "cluster_id": 240, "county": "BUCHANAN", "severity": 68, "radius_m": 100.0, "share_of_state": 0.0015325670498084292}}, {"type": "Feature", "geometry": {"type": "Point", "coordinates": [-94.22335905076696, 42.60233901595385]}, "properties": {"state": "IA", "cluster_id": 397, "county": "WEBSTER", "severity": 68, "radius_m": 100.0, "share_of_state": 0.0015325670498084292}}, {"type": "Feature", "geometry": {"type": "Point", "coordinates": [-96.10534395058193, 42.87631117597448]}, "properties": {"state": "IA", "cluster_id": 39, "county": "PLYMOUTH", "severity": 67, "radius_m": 146.18089675806783, "share_of_state": 0.0015100292990759521}}, {"type": "Feature", "geometry": {"type": "Point", "coordinates": [-90.93986866411095, 42.317300626353166]}, "properties": {"state": "IA", "cluster_id": 127, "county": "DUBUQUE", "severity": 67, "radius_m": 100.0, "share_of_state": 0.0015100292990759521}}, {"type": "Feature", "geometry": {"type": "Point", "coordinates": [-92.84127066493127, 42.05294676418102]}, "properties": {"state": "IA", "cluster_id": 174, "county": "MARSHALL", "severity": 67, "radius_m": 163.3155243292182, "share_of_state": 0.0015100292990759521}}, {"type": "Feature", "geometry": {"type": "Point", "coordinates": [-93.78182435149468, 41.24611069501564]}, "properties": {"state": "IA", "cluster_id": 189, "county": "WARREN", "severity": 67, "radius_m": 100.0, "share_of_state": 0.0015100292990759521}}, {"type": "Feature", "geometry": {"type": "Point", "coordinates": [-93.79776056994062, 41.00912955841999]}, "properties": {"state": "IA", "cluster_id": 190, "county": "CLARKE", "severity": 67, "radius_m": 105.97371378723098, "share_of_state": 0.0015100292990759521}}, {"type": "Feature", "geometry": {"type": "Point", "coordinates": [-91.97240749790171, 42.30777376003069]}, "properties": {"state": "IA", "cluster_id": 313, "county": "BUCHANAN", "severity": 67, "radius_m": 100.0, "share_of_state": 0.0015100292990759521}}, {"type": "Feature", "geometry": {"type": "Point", "coordinates": [-92.03643084485897, 41.816312501970486]}, "properties": {"state": "IA", "cluster_id": 125, "county": "IOWA", "severity": 66, "radius_m": 100.0, "share_of_state": 0.0014874915483434753}}, {"type": "Feature", "geometry": {"type": "Point", "coordinates": [-90.9963084182637, 41.44218901569128]}, "properties": {"state": "IA", "cluster_id": 209, "county": "MUSCATINE", "severity": 66, "radius_m": 100.0, "share_of_state": 0.0014874915483434753}}, {"type": "Feature", "geometry": {"type": "Point", "coordinates": [-91.73210971006888, 42.046379659358124]}, "properties": {"state": "IA", "cluster_id": 231, "county": "LINN", "severity": 66, "radius_m": 100.0, "share_of_state": 0.0014874915483434753}}, {"type": "Feature", "geometry": {"type": "Point", "coordinates": [-92.55209878305833, 41.97160968737421]}, "properties": {"state": "IA", "cluster_id": 392, "county": "TAMA", "severity": 65, "radius_m": 227.10277261211107, "share_of_state": 0.0014649537976109985}}, {"type": "Feature", "geometry": {"type": "Point", "coordinates": [-93.11644495429276, 43.116302340810705]}, "properties": {"state": "IA", "cluster_id": 47, "county": "CERRO GORDO", "severity": 64, "radius_m": 1422.7232963187944, "share_of_state": 0.0014424160468785214}}, {"type": "Feature", "geometry": {"type": "Point", "coordinates": [-95.18132795049394, 43.13285421105166]}, "properties": {"state": "IA", "cluster_id": 201, "county": "CLAY", "severity": 64, "radius_m": 1479.2473994453965, "share_of_state": 0.0014424160468785214}}, {"type": "Feature", "geometry": {"type": "Point", "coordinates": [-92.45506906484627, 42.496438162399315]}, "properties": {"state": "IA", "cluster_id": 304, "county": "BLACK HAWK", "severity": 64, "radius_m": 1655.9635392255602, "share_of_state": 0.0014424160468785214}}, {"type": "Feature", "geometry": {"type": "Point", "coordinates": [-91.10878934426839, 40.849388894263015]}, "properties": {"state": "IA", "cluster_id": 357, "county": "DES MOINES", "severity": 64, "radius_m": 1563.888337335894, "share_of_state": 0.0014424160468785214}}, {"type": "Feature", "geometry": {"type": "Point", "coordinates": [-94.70470678630059, 43.123250147176606]}, "properties": {"state": "IA", "cluster_id": 152, "county": "PALO ALTO", "severity": 63, "radius_m": 1270.1088066526434, "share_of_state": 0.0014198782961460446}}, {"type": "Feature", "geometry": {"type": "Point", "coordinates": [-94.93663001450125, 41.496170646510215]}, "properties": {"state": "IA", "cluster_id": 411, "county": "CASS", "severity": 63, "radius_m": 248.40786718045143, "share_of_state": 0.0014198782961460446}}, {"type": "Feature", "geometry": {"type": "Point", "coordinates": [-96.31798333329361, 42.57566876336217]}, "properties": {"state": "IA", "cluster_id": 4, "county": "PLYMOUTH", "severity": 61, "radius_m": 116.14391320830401, "share_of_state": 0.0013748027946810907}}, {"type": "Feature", "geometry": {"type": "Point", "coordinates": [-90.50144975144721, 41.80722748143829]}, "properties": {"state": "IA", "cluster_id": 266, "county": "CLINTON", "severity": 61, "radius_m": 104.45802152491012, "share_of_state": 0.0013748027946810907}}, {"type": "Feature", "geometry": {"type": "Point", "coordinates": [-93.34427706710115, 42.988358113144095]}, "properties": {"state": "IA", "cluster_id": 395, "county": "CERRO GORDO", "severity": 61, "radius_m": 172.53375700613617, "share_of_state": 0.0013748027946810907}}, {"type": "Feature", "geometry": {"type": "Point", "coordinates": [-93.2561598391001, 42.36896396205332]}, "properties": {"state": "IA", "cluster_id": 414, "county": "HARDIN", "severity": 61, "radius_m": 1819.3300703572763, "share_of_state": 0.0013748027946810907}}, {"type": "Feature", "geometry": {"type": "Point", "coordinates": [-91.7949298270696, 42.46275230201491]}, "properties": {"state": "IA", "cluster_id": 44, "county": "BUCHANAN", "severity": 60, "radius_m": 1491.5492623676914, "share_of_state": 0.001352265043948614}}, {"type": "Feature", "geometry": {"type": "Point", "coordinates": [-92.53490868373733, 42.81995028931213]}, "properties": {"state": "IA", "cluster_id": 258, "county": "BREMER", "severity": 60, "radius_m": 100.0, "share_of_state": 0.001352265043948614}}, {"type": "Feature", "geometry": {"type": "Point", "coordinates": [-92.82408699548087, 40.96871114765891]}, "properties": {"state": "IA", "cluster_id": 15, "county": "MONROE", "severity": 59, "radius_m": 100.0, "share_of_state": 0.001329727293216137}}, {"type": "Feature", "geometry": {"type": "Point", "coordinates": [-91.25603429757174, 42.471086800810035]}, "properties": {"state": "IA", "cluster_id": 17, "county": "DELAWARE", "severity": 59, "radius_m": 100.0, "share_of_state": 0.001329727293216137}}, {"type": "Feature", "geometry": {"type": "Point", "coordinates": [-93.68908695361296, 41.44416998428621]}, "properties": {"state": "IA", "cluster_id": 171, "county": "WARREN", "severity": 59, "radius_m": 100.0, "share_of_state": 0.001329727293216137}}, {"type": "Feature", "geometry": {"type": "Point", "coordinates": [-91.1940485757928, 43.042254798356666]}, "properties": {"state": "IA", "cluster_id": 40, "county": "CLAYTON", "severity": 58, "radius_m": 150.620243524413, "share_of_state": 0.00130718954248366}}, {"type": "Feature", "geometry": {"type": "Point", "coordinates": [-93.15218565569468, 43.14809500593705]}, "properties": {"state": "IA", "cluster_id": 290, "county": "CERRO GORDO", "severity": 58, "radius_m": 100.0, "share_of_state": 0.00130718954248366}}, {"type": "Feature", "geometry": {"type": "Point", "coordinates": [-93.29068170476314, 41.60106816899577]}, "properties": {"state": "IA", "cluster_id": 294, "county": "JASPER", "severity": 58, "radius_m": 100.0, "share_of_state": 0.00130718954248366}}, {"type": "Feature", "geometry": {"type": "Point", "coordinates": [-95.43596016448478, 42.333831348249994]}, "properties": {"state": "IA", "cluster_id": 128, "county": "IDA", "severity": 57, "radius_m": 1787.464129724487, "share_of_state": 0.0012846517917511832}}, {"type": "Feature", "geometry": {"type": "Point", "coordinates": [-93.79985956733276, 40.890245307745886]}, "properties": {"state": "IA", "cluster_id": 235, "county": "DECATUR", "severity": 57, "radius_m": 100.0, "share_of_state": 0.0012846517917511832}}, {"type": "Feature", "geometry": {"type": "Point", "coordinates": [-92.3546427913087, 41.69648319096484]}, "properties": {"state": "IA", "cluster_id": 316, "county": "POWESHIEK", "severity": 57, "radius_m": 148.03698237685023, "share_of_state": 0.0012846517917511832}}, {"type": "Feature", "geometry": {"type": "Point", "coordinates": [-91.32153445118826, 42.47051739364853]}, "properties": {"state": "IA", "cluster_id": 404, "county": "DELAWARE", "severity": 57, "radius_m": 100.0, "share_of_state": 0.0012846517917511832}}, {"type": "Feature", "geometry": {"type": "Point", "coordinates": [-94.03517222508819, 41.694186773964184]}, "properties": {"state": "IA", "cluster_id": 65, "county": "DALLAS", "severity": 56, "radius_m": 1612.1267093123854, "share_of_state": 0.0012621140410187064}}, {"type": "Feature", "geometry": {"type": "Point", "coordinates": [-92.99848851361267, 40.73971992647354]}, "properties": {"state": "IA", "cluster_id": 110, "county": "APPANOOSE", "severity": 56, "radius_m": 100.0, "share_of_state": 0.0012621140410187064}}, {"type": "Feature", "geometry": {"type": "Point", "coordinates": [-93.06332219736221, 41.720111888835945]}, "properties": {"state": "IA", "cluster_id": 148, "county": "JASPER", "severity": 56, "radius_m": 160.75412924511568, "share_of_state": 0.0012621140410187064}}, {"type": "Feature", "geometry": {"type": "Point", "coordinates": [-94.68035163094883, 43.07660507688287]}, "properties": {"state": "IA", "cluster_id": 151, "county": "PALO ALTO", "severity": 56, "radius_m": 1768.485595264142, "share_of_state": 0.0012621140410187064}}, {"type": "Feature", "geometry": {"type": "Point", "coordinates": [-91.2123283071674, 41.08830490672022]}, "properties": {"state": "IA", "cluster_id": 162, "county": "LOUISA", "severity": 56, "radius_m": 100.0, "share_of_state": 0.0012621140410187064}}, {"type": "Feature", "geometry": {"type": "Point", "coordinates": [-91.58522660945957, 40.942024945084526]}, "properties": {"state": "IA", "cluster_id": 227, "county": "HENRY", "severity": 56, "radius_m": 100.0, "share_of_state": 0.0012621140410187064}}, {"type": "Feature", "geometry": {"type": "Point", "coordinates": [-91.82343232851248, 41.96408077330651]}, "properties": {"state": "IA", "cluster_id": 280, "county": "LINN", "severity": 56, "radius_m": 100.0, "share_of_state": 0.0012621140410187064}}, {"type": "Feature", "geometry": {"type": "Point", "coordinates": [-92.98660085747804, 41.348705521957754]}, "properties": {"state": "IA", "cluster_id": 390, "county": "MARION", "severity": 56, "radius_m": 1761.5476465374563, "share_of_state": 0.0012621140410187064}}, {"type": "Feature", "geometry": {"type": "Point", "coordinates": [-92.85686259796763, 40.73615808142288]}, "properties": {"state": "IA", "cluster_id": 121, "county": "APPANOOSE", "severity": 55, "radius_m": 1757.0541851271344, "share_of_state": 0.0012395762902862293}}, {"type": "Feature", "geometry": {"type": "Point", "coordinates": [-92.7544462887838, 42.45934728477084]}, "properties": {"state": "IA", "cluster_id": 178, "county": "GRUNDY", "severity": 55, "radius_m": 1821.9673997911004, "share_of_state": 0.0012395762902862293}}, {"type": "Feature", "geometry": {"type": "Point", "coordinates": [-91.48031810400181, 41.86975408488459]}, "properties": {"state": "IA", "cluster_id": 51, "county": "LINN", "severity": 54, "radius_m": 100.0, "share_of_state": 0.0012170385395537525}}, {"type": "Feature", "geometry": {"type": "Point", "coordinates": [-91.56111947241061, 40.729967000799064]}, "properties": {"state": "IA", "cluster_id": 262, "county": "LEE", "severity": 54, "radius_m": 1201.729845962697, "share_of_state": 0.0012170385395537525}}, {"type": "Feature", "geometry": {"type": "Point", "coordinates": [-93.8441862921143, 40.7121624654669]}, "properties": {"state": "IA", "cluster_id": 323, "county": "DECATUR", "severity": 54, "radius_m": 100.0, "share_of_state": 0.0012170385395537525}}, {"type": "Feature", "geometry": {"type": "Point", "coordinates": [-90.6193007085314, 41.93962283506545]}, "properties": {"state": "IA", "cluster_id": 347, "county": "CLINTON", "severity": 54, "radius_m": 100.0, "share_of_state": 0.0012170385395537525}}, {"type": "Feature", "geometry": {"type": "Point", "coordinates": [-91.34448908123579, 41.2791388269834]}, "properties": {"state": "IA", "cluster_id": 430, "county": "LOUISA", "severity": 54, "radius_m": 336.9848853941802, "share_of_state": 0.0012170385395537525}}, {"type": "Feature", "geometry": {"type": "Point", "coordinates": [-93.4595307537683, 42.66837851365619]}, "properties": {"state": "IA", "cluster_id": 434, "county": "FRANKLIN", "severity": 54, "radius_m": 100.0, "share_of_state": 0.0012170385395537525}}, {"type": "Feature", "geometry": {"type": "Point", "coordinates": [-93.20423848660441, 42.43608887734522]}, "properties": {"state": "IA", "cluster_id": 191, "county": "HARDIN", "severity": 53, "radius_m": 100.0, "share_of_state": 0.0011945007888212757}}, {"type": "Feature", "geometry": {"type": "Point", "coordinates": [-93.35279775672805, 41.68061676295126]}, "properties": {"state": "IA", "cluster_id": 332, "county": "POLK", "severity": 53, "radius_m": 100.0, "share_of_state": 0.0011945007888212757}}, {"type": "Feature", "geometry": {"type": "Point", "coordinates": [-94.34947797630703, 42.03450458289697]}, "properties": {"state": "IA", "cluster_id": 400, "county": "GREENE", "severity": 53, "radius_m": 100.0, "share_of_state": 0.0011945007888212757}}, {"type": "Feature", "geometry": {"type": "Point", "coordinates": [-91.13271164431714, 41.70557714487385]}, "properties": {"state": "IA", "cluster_id": 415, "county": "CEDAR", "severity": 53, "radius_m": 100.0, "share_of_state": 0.0011945007888212757}}, {"type": "Feature", "geometry": {"type": "Point", "coordinates": [-91.13583839515763, 42.0237372185835]}, "properties": {"state": "IA", "cluster_id": 359, "county": "JONES", "severity": 52, "radius_m": 185.47173081060026, "share_of_state": 0.0011719630380887986}}, {"type": "Feature", "geometry": {"type": "Point", "coordinates": [-93.69869570007883, 42.098825891954036]}, "properties": {"state": "IA", "cluster_id": 26, "county": "BOONE", "severity": 51, "radius_m": 197.28931067608573, "share_of_state": 0.0011494252873563218}}, {"type": "Feature", "geometry": {"type": "Point", "coordinates": [-91.7047779911278, 42.461783805668674]}, "properties": {"state": "IA", "cluster_id": 163, "county": "BUCHANAN", "severity": 51, "radius_m": 219.66289289792775, "share_of_state": 0.0011494252873563218}}, {"type": "Feature", "geometry": {"type": "Point", "coordinates": [-93.45124178648929, 42.005196982105225]}, "properties": {"state": "IA", "cluster_id": 362, "county": "STORY", "severity": 51, "radius_m": 1285.5101709642472, "share_of_state": 0.0011494252873563218}}, {"type": "Feature", "geometry": {"type": "Point", "coordinates": [-92.73748418876339, 42.3576138889545]}, "properties": {"state": "IA", "cluster_id": 24, "county": "GRUNDY", "severity": 50, "radius_m": 100.0, "share_of_state": 0.001126887536623845}}, {"type": "Feature", "geometry": {"type": "Point", "coordinates": [-93.13938639050795, 42.36085626016877]}, "properties": {"state": "IA", "cluster_id": 225, "county": "HARDIN", "severity": 50, "radius_m": 100.0, "share_of_state": 0.001126887536623845}}, {"type": "Feature", "geometry": {"type": "Point", "coordinates": [-90.74354554581228, 41.50388312085206]}, "properties": {"state": "IA", "cluster_id": 267, "county": "SCOTT", "severity": 50, "radius_m": 1662.4665685886496, "share_of_state": 0.001126887536623845}}, {"type": "Feature", "geometry": {"type": "Point", "coordinates": [-93.05727931669261, 41.982728101107895]}, "properties": {"state": "IA", "cluster_id": 321, "county": "MARSHALL", "severity": 50, "radius_m": 100.0, "share_of_state": 0.001126887536623845}}, {"type": "Feature", "geometry": {"type": "Point", "coordinates": [-93.61057216691576, 41.9485889961718]}, "properties": {"state": "IA", "cluster_id": 361, "county": "STORY", "severity": 50, "radius_m": 311.3555240432047, "share_of_state": 0.001126887536623845}}, {"type": "Feature", "geometry": {"type": "Point", "coordinates": [-93.10900885211255, 41.350582235957006]}, "properties": {"state": "IA", "cluster_id": 41, "county": "MARION", "severity": 49, "radius_m": 219.15163328704668, "share_of_state": 0.001104349785891368}}, {"type": "Feature", "geometry": {"type": "Point", "coordinates": [-92.41409992035528, 41.038721251560744]}, "properties": {"state": "IA", "cluster_id": 106, "county": "WAPELLO", "severity": 49, "radius_m": 1515.7131482922164, "share_of_state": 0.001104349785891368}}, {"type": "Feature", "geometry": {"type": "Point", "coordinates": [-95.58449506175633, 41.4913518068593]}, "properties": {"state": "IA", "cluster_id": 324, "county": "POTTAWATTAMIE", "severity": 49, "radius_m": 1577.298754511784, "share_of_state": 0.001104349785891368}}, {"type": "Feature", "geometry": {"type": "Point", "coordinates": [-92.4058212054548, 40.954805105318904]}, "properties": {"state": "IA", "cluster_id": 352, "county": "WAPELLO", "severity": 49, "radius_m": 100.0, "share_of_state": 0.001104349785891368}}, {"type": "Feature", "geometry": {"type": "Point", "coordinates": [-92.29163366174313, 41.002433063592136]}, "properties": {"state": "IA", "cluster_id": 420, "county": "WAPELLO", "severity": 49, "radius_m": 100.0, "share_of_state": 0.001104349785891368}}, {"type": "Feature", "geometry": {"type": "Point", "coordinates": [-93.93183798783022, 41.517942641857054]}, "properties": {"state": "IA", "cluster_id": 465, "county": "DALLAS", "severity": 49, "radius_m": 123.60413710631379, "share_of_state": 0.001104349785891368}}, {"type": "Feature", "geometry": {"type": "Point", "coordinates": [-91.63670369112526, 43.01740072256902]}, "properties": {"state": "IA", "cluster_id": 64, "county": "FAYETTE", "severity": 48, "radius_m": 100.0, "share_of_state": 0.0010818120351588911}}, {"type": "Feature", "geometry": {"type": "Point", "coordinates": [-94.45844797428673, 42.034933928570545]}, "properties": {"state": "IA", "cluster_id": 185, "county": "GREENE", "severity": 48, "radius_m": 100.0, "share_of_state": 0.0010818120351588911}}, {"type": "Feature", "geometry": {"type": "Point", "coordinates": [-91.56380965458777, 40.515419868156435]}, "properties": {"state": "IA", "cluster_id": 200, "county": "LEE", "severity": 48, "radius_m": 351.2376205793172, "share_of_state": 0.0010818120351588911}}, {"type": "Feature", "geometry": {"type": "Point", "coordinates": [-90.78435473383998, 42.56291710549443]}, "properties": {"state": "IA", "cluster_id": 327, "county": "DUBUQUE", "severity": 48, "radius_m": 198.0461944782559, "share_of_state": 0.0010818120351588911}}, {"type": "Feature", "geometry": {"type": "Point", "coordinates": [-91.8580902567288, 43.23901537447754]}, "properties": {"state": "IA", "cluster_id": 437, "county": "WINNESHIEK", "severity": 48, "radius_m": 100.0, "share_of_state": 0.0010818120351588911}}, {"type": "Feature", "geometry": {"type": "Point", "coordinates": [-94.01308143502872, 41.41567605122908]}, "properties": {"state": "IA", "cluster_id": 520, "county": "MADISON", "severity": 48, "radius_m": 100.0, "share_of_state": 0.0010818120351588911}}, {"type": "Feature", "geometry": {"type": "Point", "coordinates": [-90.26697206958465, 41.8140416162783]}, "properties": {"state": "IA", "cluster_id": 112, "county": "CLINTON", "severity": 47, "radius_m": 1246.6142380150566, "share_of_state": 0.0010592742844264143}}, {"type": "Feature", "geometry": {"type": "Point", "coordinates": [-92.84023762304017, 41.058149716720095]}, "properties": {"state": "IA", "cluster_id": 182, "county": "MONROE", "severity": 47, "radius_m": 100.0, "share_of_state": 0.0010592742844264143}}, {"type": "Feature", "geometry": {"type": "Point", "coordinates": [-95.89627987037088, 41.59356184384951]}, "properties": {"state": "IA", "cluster_id": 255, "county": "HARRISON", "severity": 47, "radius_m": 100.0, "share_of_state": 0.0010592742844264143}}, {"type": "Feature", "geometry": {"type": "Point", "coordinates": [-91.90795883772823, 41.685925868675945]}, "properties": {"state": "IA", "cluster_id": 277, "county": "IOWA", "severity": 47, "radius_m": 211.6373576370618, "share_of_state": 0.0010592742844264143}}, {"type": "Feature", "geometry": {"type": "Point", "coordinates": [-91.21477436839221, 41.46055796035304]}, "properties": {"state": "IA", "cluster_id": 505, "county": "MUSCATINE", "severity": 47, "radius_m": 100.0, "share_of_state": 0.0010592742844264143}}, {"type": "Feature", "geometry": {"type": "Point", "coordinates": [-93.11089732746429, 41.39163490547426]}, "properties": {"state": "IA", "cluster_id": 169, "county": "MARION", "severity": 46, "radius_m": 217.55324587021528, "share_of_state": 0.0010367365336939373}}, {"type": "Feature", "geometry": {"type": "Point", "coordinates": [-90.35498412776649, 41.69349111163658]}, "properties": {"state": "IA", "cluster_id": 179, "county": "SCOTT", "severity": 46, "radius_m": 135.28322878767293, "share_of_state": 0.0010367365336939373}}, {"type": "Feature", "geometry": {"type": "Point", "coordinates": [-94.40728138889834, 41.684767791820974]}, "properties": {"state": "IA", "cluster_id": 363, "county": "GUTHRIE", "severity": 46, "radius_m": 100.0, "share_of_state": 0.0010367365336939373}}, {"type": "Feature", "geometry": {"type": "Point", "coordinates": [-93.02912692836613, 43.117617823185235]}, "properties": {"state": "IA", "cluster_id": 378, "county": "CERRO GORDO", "severity": 46, "radius_m": 100.0, "share_of_state": 0.0010367365336939373}}, {"type": "Feature", "geometry": {"type": "Point", "coordinates": [-95.87310685591062, 41.494766559158364]}, "properties": {"state": "IA", "cluster_id": 440, "county": "POTTAWATTAMIE", "severity": 46, "radius_m": 100.0, "share_of_state": 0.0010367365336939373}}, {"type": "Feature", "geometry": {"type": "Point", "coordinates": [-93.0559281810572, 42.45138903162238]}, "properties": {"state": "IA", "cluster_id": 114, "county": "HARDIN", "severity": 45, "radius_m": 1750.9952051976031, "share_of_state": 0.0010141987829614604}}, {"type": "Feature", "geometry": {"type": "Point", "coordinates": [-91.88934941044663, 42.367060822353075]}, "properties": {"state": "IA", "cluster_id": 135, "county": "BUCHANAN", "severity": 45, "radius_m": 100.0, "share_of_state": 0.0010141987829614604}}, {"type": "Feature", "geometry": {"type": "Point", "coordinates": [-95.01507922475655, 41.497154565263294]}, "properties": {"state": "IA", "cluster_id": 473, "county": "CASS", "severity": 45, "radius_m": 100.0, "share_of_state": 0.0010141987829614604}}, {"type": "Feature", "geometry": {"type": "Point", "coordinates": [-94.19583065211114, 42.73064753989809]}, "properties": {"state": "IA", "cluster_id": 25, "county": "HUMBOLDT", "severity": 44, "radius_m": 1208.5032810107268, "share_of_state": 0.0009916610322289836}}, {"type": "Feature", "geometry": {"type": "Point", "coordinates": [-90.43497237777598, 41.59631254097351]}, "properties": {"state": "IA", "cluster_id": 206, "county": "SCOTT", "severity": 44, "radius_m": 1587.215154964401, "share_of_state": 0.0009916610322289836}}, {"type": "Feature", "geometry": {"type": "Point", "coordinates": [-93.56959535646175, 42.44922932327475]}, "properties": {"state": "IA", "cluster_id": 265, "county": "HAMILTON", "severity": 44, "radius_m": 1381.981291860526, "share_of_state": 0.0009916610322289836}}, {"type": "Feature", "geometry": {"type": "Point", "coordinates": [-95.56505376263563, 42.784806653420944]}, "properties": {"state": "IA", "cluster_id": 354, "county": "CHEROKEE", "severity": 44, "radius_m": 1301.1013405155904, "share_of_state": 0.0009916610322289836}}, {"type": "Feature", "geometry": {"type": "Point", "coordinates": [-90.18611525124318, 42.022638347250634]}, "properties": {"state": "IA", "cluster_id": 517, "county": "CLINTON", "severity": 44, "radius_m": 100.0, "share_of_state": 0.0009916610322289836}}, {"type": "Feature", "geometry": {"type": "Point", "coordinates": [-96.12737499743834, 42.80589792311068]}, "properties": {"state": "IA", "cluster_id": 137, "county": "PLYMOUTH", "severity": 43, "radius_m": 100.0, "share_of_state": 0.0009691232814965067}}, {"type": "Feature", "geometry": {"type": "Point", "coordinates": [-94.13413857757787, 41.83494828166656]}, "properties": {"state": "IA", "cluster_id": 140, "county": "DALLAS", "severity": 43, "radius_m": 100.0, "share_of_state": 0.0009691232814965067}}, {"type": "Feature", "geometry": {"type": "Point", "coordinates": [-91.30153331959315, 42.095740476902606]}, "properties": {"state": "IA", "cluster_id": 173, "county": "JONES", "severity": 43, "radius_m": 263.78028859183075, "share_of_state": 0.0009691232814965067}}, {"type": "Feature", "geometry": {"type": "Point", "coordinates": [-91.4914904581071, 40.58938301844671]}, "properties": {"state": "IA", "cluster_id": 217, "county": "LEE", "severity": 43, "radius_m": 100.0, "share_of_state": 0.0009691232814965067}}, {"type": "Feature", "geometry": {"type": "Point", "coordinates": [-91.17800088050019, 41.06397750454962]}, "properties": {"state": "IA", "cluster_id": 253, "county": "DES MOINES", "severity": 43, "radius_m": 100.0, "share_of_state": 0.0009691232814965067}}, {"type": "Feature", "geometry": {"type": "Point", "coordinates": [-93.34210884918484, 42.515877208778896]}, "properties": {"state": "IA", "cluster_id": 450, "county": "HARDIN", "severity": 43, "radius_m": 100.0, "share_of_state": 0.0009691232814965067}}, {"type": "Feature", "geometry": {"type": "Point", "coordinates": [-91.03715753913251, 40.98138210581749]}, "properties": {"state": "IA", "cluster_id": 507, "county": "DES MOINES", "severity": 43, "radius_m": 100.0, "share_of_state": 0.0009691232814965067}}, {"type": "Feature", "geometry": {"type": "Point", "coordinates": [-91.31189725238538, 40.83185024343612]}, "properties": {"state": "IA", "cluster_id": 587, "county": "DES MOINES", "severity": 43, "radius_m": 1415.528458953429, "share_of_state": 0.0009691232814965067}}, {"type": "Feature", "geometry": {"type": "Point", "coordinates": [-91.91831700994723, 42.13768309693782]}, "properties": {"state": "IA", "cluster_id": 56, "county": "BENTON", "severity": 42, "radius_m": 100.0, "share_of_state": 0.0009465855307640297}}, {"type": "Feature", "geometry": {"type": "Point", "coordinates": [-92.3791372063026, 42.656554686569905]}, "properties": {"state": "IA", "cluster_id": 60, "county": "BREMER", "severity": 42, "radius_m": 1142.829680440075, "share_of_state": 0.0009465855307640297}}, {"type": "Feature", "geometry": {"type": "Point", "coordinates": [-90.6755376184112, 41.60147446311552]}, "properties": {"state": "IA", "cluster_id": 315, "county": "SCOTT", "severity": 42, "radius_m": 1213.215434860836, "share_of_state": 0.0009465855307640297}}, {"type": "Feature", "geometry": {"type": "Point", "coordinates": [-90.97191872991004, 42.44053738200638]}, "properties": {"state": "IA", "cluster_id": 500, "county": "DUBUQUE", "severity": 42, "radius_m": 100.0, "share_of_state": 0.0009465855307640297}}, {"type": "Feature", "geometry": {"type": "Point", "coordinates": [-92.40957783092487, 40.90387002559768]}, "properties": {"state": "IA", "cluster_id": 58, "county": "WAPELLO", "severity": 41, "radius_m": 100.0, "share_of_state": 0.0009240477800315528}}, {"type": "Feature", "geometry": {"type": "Point", "coordinates": [-92.91778366875617, 41.9342462677596]}, "properties": {"state": "IA", "cluster_id": 88, "county": "MARSHALL", "severity": 41, "radius_m": 100.0, "share_of_state": 0.0009240477800315528}}, {"type": "Feature", "geometry": {"type": "Point", "coordinates": [-91.49270757520384, 40.71901317861983]}, "properties": {"state": "IA", "cluster_id": 138, "county": "LEE", "severity": 41, "radius_m": 100.0, "share_of_state": 0.0009240477800315528}}, {"type": "Feature", "geometry": {"type": "Point", "coordinates": [-93.69862580844419, 42.044721569268276]}, "properties": {"state": "IA", "cluster_id": 158, "county": "BOONE", "severity": 41, "radius_m": 100.0, "share_of_state": 0.0009240477800315528}}, {"type": "Feature", "geometry": {"type": "Point", "coordinates": [-91.68031636837163, 41.69466925210137]}, "properties": {"state": "IA", "cluster_id": 342, "county": "JOHNSON", "severity": 41, "radius_m": 1538.523333101892, "share_of_state": 0.0009240477800315528}}, {"type": "Feature", "geometry": {"type": "Point", "coordinates": [-92.01890985196206, 42.19052648427577]}, "properties": {"state": "IA", "cluster_id": 375, "county": "BENTON", "severity": 41, "radius_m": 100.0, "share_of_state": 0.0009240477800315528}}, {"type": "Feature", "geometry": {"type": "Point", "coordinates": [-96.39224728318018, 42.56968094600255]}, "properties": {"state": "IA", "cluster_id": 506, "county": "PLYMOUTH", "severity": 41, "radius_m": 1443.8535056079902, "share_of_state": 0.0009240477800315528}}, {"type": "Feature", "geometry": {"type": "Point", "coordinates": [-95.87012670160466, 41.56659889929776]}, "properties": {"state": "IA", "cluster_id": 108, "county": "HARRISON", "severity": 40, "radius_m": 100.0, "share_of_state": 0.000901510029299076}}, {"type": "Feature", "geometry": {"type": "Point", "coordinates": [-95.1542488952633, 42.8815436127453]}, "properties": {"state": "IA", "cluster_id": 219, "county": "BUENA VISTA", "severity": 40, "radius_m": 1233.1903856401416, "share_of_state": 0.000901510029299076}}, {"type": "Feature", "geometry": {"type": "Point", "coordinates": [-92.32871496510074, 42.89285470603488]}, "properties": {"state": "IA", "cluster_id": 300, "county": "BREMER", "severity": 40, "radius_m": 155.65374578480672, "share_of_state": 0.000901510029299076}}, {"type": "Feature", "geometry": {"type": "Point", "coordinates": [-91.60198143934079, 40.96498048701561]}, "properties": {"state": "IA", "cluster_id": 360, "county": "HENRY", "severity": 40, "radius_m": 1424.0497894430455, "share_of_state": 0.000901510029299076}}, {"type": "Feature", "geometry": {"type": "Point", "coordinates": [-92.85852903168816, 41.708812478652234]}, "properties": {"state": "IA", "cluster_id": 364, "county": "JASPER", "severity": 40, "radius_m": 103.27043391754005, "share_of_state": 0.000901510029299076}}, {"type": "Feature", "geometry": {"type": "Point", "coordinates": [-95.55475911879118, 42.663920458110915]}, "properties": {"state": "IA", "cluster_id": 368, "county": "CHEROKEE", "severity": 40, "radius_m": 100.0, "share_of_state": 0.000901510029299076}}, {"type": "Feature", "geometry": {"type": "Point", "coordinates": [-93.50628938002674, 42.608149414816744]}, "properties": {"state": "IA", "cluster_id": 372, "county": "WRIGHT", "severity": 40, "radius_m": 100.0, "share_of_state": 0.000901510029299076}}, {"type": "Feature", "geometry": {"type": "Point", "coordinates": [-91.3559717866861, 41.31111325061589]}, "properties": {"state": "IA", "cluster_id": 424, "county": "LOUISA", "severity": 40, "radius_m": 100.0, "share_of_state": 0.000901510029299076}}, {"type": "Feature", "geometry": {"type": "Point", "coordinates": [-92.448147733837, 41.01756904624871]}, "properties": {"state": "IA", "cluster_id": 560, "county": "WAPELLO", "severity": 40, "radius_m": 281.77647127013586, "share_of_state": 0.000901510029299076}}, {"type": "Feature", "geometry": {"type": "Point", "coordinates": [-94.55513996664693, 43.10932339402128]}, "properties": {"state": "IA", "cluster_id": 150, "county": "PALO ALTO", "severity": 39, "radius_m": 695.4237827186023, "share_of_state": 0.000878972278566599}}, {"type": "Feature", "geometry": {"type": "Point", "coordinates": [-91.76083482518077, 42.06657086604489]}, "properties": {"state": "IA", "cluster_id": 229, "county": "LINN", "severity": 39, "radius_m": 100.0, "share_of_state": 0.000878972278566599}}, {"type": "Feature", "geometry": {"type": "Point", "coordinates": [-92.39947459511684, 41.07287311965122]}, "properties": {"state": "IA", "cluster_id": 341, "county": "WAPELLO", "severity": 39, "radius_m": 1065.1322094193545, "share_of_state": 0.000878972278566599}}, {"type": "Feature", "geometry": {"type": "Point", "coordinates": [-92.4653348119685, 42.41645794940197]}, "properties": {"state": "IA", "cluster_id": 381, "county": "BLACK HAWK", "severity": 39, "radius_m": 100.0, "share_of_state": 0.000878972278566599}}, {"type": "Feature", "geometry": {"type": "Point", "coordinates": [-90.64904796039052, 41.97304699844612]}, "properties": {"state": "IA", "cluster_id": 386, "county": "CLINTON", "severity": 39, "radius_m": 100.0, "share_of_state": 0.000878972278566599}}, {"type": "Feature", "geometry": {"type": "Point", "coordinates": [-93.7960273905996, 42.38795112166741]}, "properties": {"state": "IA", "cluster_id": 31, "county": "HAMILTON", "severity": 38, "radius_m": 100.0, "share_of_state": 0.0008564345278341221}}, {"type": "Feature", "geometry": {"type": "Point", "coordinates": [-96.12358808293233, 42.474891117713085]}, "properties": {"state": "IA", "cluster_id": 96, "county": "WOODBURY", "severity": 38, "radius_m": 100.0, "share_of_state": 0.0008564345278341221}}, {"type": "Feature", "geometry": {"type": "Point", "coordinates": [-94.08964700898335, 41.59993253970131]}, "properties": {"state": "IA", "cluster_id": 103, "county": "DALLAS", "severity": 38, "radius_m": 100.0, "share_of_state": 0.0008564345278341221}}, {"type": "Feature", "geometry": {"type": "Point", "coordinates": [-92.47921092375059, 42.77328347889425]}, "properties": {"state": "IA", "cluster_id": 175, "county": "BREMER", "severity": 38, "radius_m": 1296.8133850639779, "share_of_state": 0.0008564345278341221}}, {"type": "Feature", "geometry": {"type": "Point", "coordinates": [-93.69838474730393, 41.366607422811164]}, "properties": {"state": "IA", "cluster_id": 214, "county": "WARREN", "severity": 38, "radius_m": 100.0, "share_of_state": 0.0008564345278341221}}, {"type": "Feature", "geometry": {"type": "Point", "coordinates": [-91.46210389990657, 42.51173549329331]}, "properties": {"state": "IA", "cluster_id": 230, "county": "DELAWARE", "severity": 38, "radius_m": 1001.5305455844754, "share_of_state": 0.0008564345278341221}}, {"type": "Feature", "geometry": {"type": "Point", "coordinates": [-92.16869924472873, 42.71497236649345]}, "properties": {"state": "IA", "cluster_id": 264, "county": "BREMER", "severity": 38, "radius_m": 100.0, "share_of_state": 0.0008564345278341221}}, {"type": "Feature", "geometry": {"type": "Point", "coordinates": [-91.43361011498514, 40.714908736727736]}, "properties": {"state": "IA", "cluster_id": 380, "county": "LEE", "severity": 38, "radius_m": 100.0, "share_of_state": 0.0008564345278341221}}, {"type": "Feature", "geometry": {"type": "Point", "coordinates": [-92.53989959864519, 41.00826113335412]}, "properties": {"state": "IA", "cluster_id": 406, "county": "WAPELLO", "severity": 38, "radius_m": 100.0, "share_of_state": 0.0008564345278341221}}, {"type": "Feature", "geometry": {"type": "Point", "coordinates": [-93.78161254222145, 41.29681758424017]}, "properties": {"state": "IA", "cluster_id": 498, "county": "WARREN", "severity": 38, "radius_m": 1354.4788521966698, "share_of_state": 0.0008564345278341221}}, {"type": "Feature", "geometry": {"type": "Point", "coordinates": [-96.34352568011857, 42.413029384397554]}, "properties": {"state": "IA", "cluster_id": 503, "county": "WOODBURY", "severity": 38, "radius_m": 124.71169620998508, "share_of_state": 0.0008564345278341221}}, {"type": "Feature", "geometry": {"type": "Point", "coordinates": [-94.37599571792843, 41.99162329481627]}, "properties": {"state": "IA", "cluster_id": 556, "county": "GREENE", "severity": 38, "radius_m": 111.41164525542568, "share_of_state": 0.0008564345278341221}}, {"type": "Feature", "geometry": {"type": "Point", "coordinates": [-92.48660975882177, 42.54249874981446]}, "properties": {"state": "IA", "cluster_id": 50, "county": "BLACK HAWK", "severity": 37, "radius_m": 1251.1368803740254, "share_of_state": 0.0008338967771016453}}, {"type": "Feature", "geometry": {"type": "Point", "coordinates": [-93.69864538939255, 41.77726287873427]}, "properties": {"state": "IA", "cluster_id": 57, "county": "POLK", "severity": 37, "radius_m": 263.36230970397327, "share_of_state": 0.0008338967771016453}}, {"type": "Feature", "geometry": {"type": "Point", "coordinates": [-95.57874438106617, 42.683931836468524]}, "properties": {"state": "IA", "cluster_id": 234, "county": "CHEROKEE", "severity": 37, "radius_m": 210.27491468384576, "share_of_state": 0.0008338967771016453}}, {"type": "Feature", "geometry": {"type": "Point", "coordinates": [-94.46176033365859, 41.68079676036598]}, "properties": {"state": "IA", "cluster_id": 238, "county": "GUTHRIE", "severity": 37, "radius_m": 100.0, "share_of_state": 0.0008338967771016453}}, {"type": "Feature", "geometry": {"type": "Point", "coordinates": [-92.58152749671257, 42.02247571541248]}, "properties": {"state": "IA", "cluster_id": 241, "county": "TAMA", "severity": 37, "radius_m": 100.0, "share_of_state": 0.0008338967771016453}}, {"type": "Feature", "geometry": {"type": "Point", "coordinates": [-96.21296540793432, 42.141349234781174]}, "properties": {"state": "IA", "cluster_id": 245, "county": "MONONA", "severity": 37, "radius_m": 100.0, "share_of_state": 0.0008338967771016453}}, {"type": "Feature", "geometry": {"type": "Point", "coordinates": [-93.34266917415772, 43.05868821126171]}, "properties": {"state": "IA", "cluster_id": 339, "county": "CERRO GORDO", "severity": 37, "radius_m": 100.0, "share_of_state": 0.0008338967771016453}}, {"type": "Feature", "geometry": {"type": "Point", "coordinates": [-93.52131042255701, 41.531300172873536]}, "properties": {"state": "IA", "cluster_id": 374, "county": "POLK", "severity": 37, "radius_m": 1205.8672459600596, "share_of_state": 0.0008338967771016453}}, {"type": "Feature", "geometry": {"type": "Point", "coordinates": [-91.3272012351163, 40.696118573429956]}, "properties": {"state": "IA", "cluster_id": 431, "county": "LEE", "severity": 37, "radius_m": 1210.2961199961062, "share_of_state": 0.0008338967771016453}}, {"type": "Feature", "geometry": {"type": "Point", "coordinates": [-94.02239571334874, 41.64583837940585]}, "properties": {"state": "IA", "cluster_id": 435, "county": "DALLAS", "severity": 37, "radius_m": 100.0, "share_of_state": 0.0008338967771016453}}, {"type": "Feature", "geometry": {"type": "Point", "coordinates": [-95.1775127055598, 43.18421902701062]}, "properties": {"state": "IA", "cluster_id": 453, "county": "CLAY", "severity": 37, "radius_m": 101.9343046314929, "share_of_state": 0.0008338967771016453}}, {"type": "Feature", "geometry": {"type": "Point", "coordinates": [-93.46288055263511, 41.487308905984854]}, "properties": {"state": "IA", "cluster_id": 527, "county": "WARREN", "severity": 37, "radius_m": 100.0, "share_of_state": 0.0008338967771016453}}, {"type": "Feature", "geometry": {"type": "Point", "coordinates": [-95.04663417413416, 42.66150980462598]}, "properties": {"state": "IA", "cluster_id": 27, "county": "BUENA VISTA", "severity": 36, "radius_m": 100.0, "share_of_state": 0.0008113590263691683}}, {"type": "Feature", "geometry": {"type": "Point", "coordinates": [-95.3254810300731, 42.014972361920194]}, "properties": {"state": "IA", "cluster_id": 67, "county": "CRAWFORD", "severity": 36, "radius_m": 266.5498442755236, "share_of_state": 0.0008113590263691683}}, {"type": "Feature", "geometry": {"type": "Point", "coordinates": [-94.65267071902889, 41.49351697483978]}, "properties": {"state": "IA", "cluster_id": 195, "county": "ADAIR", "severity": 36, "radius_m": 100.2919808442045, "share_of_state": 0.0008113590263691683}}, {"type": "Feature", "geometry": {"type": "Point", "coordinates": [-92.99817064897753, 42.09284337918279]}, "properties": {"state": "IA", "cluster_id": 237, "county": "MARSHALL", "severity": 36, "radius_m": 100.0, "share_of_state": 0.0008113590263691683}}, {"type": "Feature", "geometry": {"type": "Point", "coordinates": [-91.17929492544215, 40.82481421940967]}, "properties": {"state": "IA", "cluster_id": 244, "county": "DES MOINES", "severity": 36, "radius_m": 1328.2165246203126, "share_of_state": 0.0008113590263691683}}, {"type": "Feature", "geometry": {"type": "Point", "coordinates": [-93.35103576143833, 42.93295912290027]}, "properties": {"state": "IA", "cluster_id": 312, "county": "CERRO GORDO", "severity": 36, "radius_m": 104.6236577720826, "share_of_state": 0.0008113590263691683}}, {"type": "Feature", "geometry": {"type": "Point", "coordinates": [-93.62010457429439, 41.674868752783816]}, "properties": {"state": "IA", "cluster_id": 355, "county": "POLK", "severity": 36, "radius_m": 315.34507652693964, "share_of_state": 0.0008113590263691683}}, {"type": "Feature", "geometry": {"type": "Point", "coordinates": [-93.61011879708711, 41.91615212438936]}, "properties": {"state": "IA", "cluster_id": 438, "county": "STORY", "severity": 36, "radius_m": 100.0, "share_of_state": 0.0008113590263691683}}, {"type": "Feature", "geometry": {"type": "Point", "coordinates": [-91.5945740592488, 42.68780096315563]}, "properties": {"state": "IA", "cluster_id": 449, "county": "CLAYTON", "severity": 36, "radius_m": 100.0, "share_of_state": 0.0008113590263691683}}, {"type": "Feature", "geometry": {"type": "Point", "coordinates": [-93.77764317170491, 41.35902385824733]}, "properties": {"state": "IA", "cluster_id": 497, "county": "WARREN", "severity": 36, "radius_m": 1490.985993780965, "share_of_state": 0.0008113590263691683}}, {"type": "Feature", "geometry": {"type": "Point", "coordinates": [-96.48255189598335, 42.56728570515035]}, "properties": {"state": "IA", "cluster_id": 501, "county": "PLYMOUTH", "severity": 36, "radius_m": 147.62773713951657, "share_of_state": 0.0008113590263691683}}, {"type": "Feature", "geometry": {"type": "Point", "coordinates": [-95.77859605008342, 43.32499507010383]}, "properties": {"state": "IA", "cluster_id": 72, "county": "OSCEOLA", "severity": 35, "radius_m": 167.0658470174875, "share_of_state": 0.0007888212756366914}}, {"type": "Feature", "geometry": {"type": "Point", "coordinates": [-93.27583878092649, 43.147900973029195]}, "properties": {"state": "IA", "cluster_id": 203, "county": "CERRO GORDO", "severity": 35, "radius_m": 201.86036677810344, "share_of_state": 0.0007888212756366914}}, {"type": "Feature", "geometry": {"type": "Point", "coordinates": [-91.8537591947214, 41.00223702506503]}, "properties": {"state": "IA", "cluster_id": 207, "county": "JEFFERSON", "severity": 35, "radius_m": 100.0, "share_of_state": 0.0007888212756366914}}, {"type": "Feature", "geometry": {"type": "Point", "coordinates": [-93.57077277123896, 42.40300049888117]}, "properties": {"state": "IA", "cluster_id": 295, "county": "HAMILTON", "severity": 35, "radius_m": 199.21914150697074, "share_of_state": 0.0007888212756366914}}, {"type": "Feature", "geometry": {"type": "Point", "coordinates": [-93.7818152319432, 41.072397445556504]}, "properties": {"state": "IA", "cluster_id": 402, "county": "CLARKE", "severity": 35, "radius_m": 100.0, "share_of_state": 0.0007888212756366914}}, {"type": "Feature", "geometry": {"type": "Point", "coordinates": [-91.43318833998467, 42.79854758722614]}, "properties": {"state": "IA", "cluster_id": 445, "county": "CLAYTON", "severity": 35, "radius_m": 100.0, "share_of_state": 0.0007888212756366914}}, {"type": "Feature", "geometry": {"type": "Point", "coordinates": [-91.07470879064378, 42.707145073637065]}, "properties": {"state": "IA", "cluster_id": 474, "county": "CLAYTON", "severity": 35, "radius_m": 100.0, "share_of_state": 0.0007888212756366914}}, {"type": "Feature", "geometry": {"type": "Point", "coordinates": [-93.20610151588325, 42.36077929766523]}, "properties": {"state": "IA", "cluster_id": 549, "county": "HARDIN", "severity": 35, "radius_m": 100.0, "share_of_state": 0.0007888212756366914}}, {"type": "Feature", "geometry": {"type": "Point", "coordinates": [-90.25036829213774, 41.87969330846269]}, "properties": {"state": "IA", "cluster_id": 222, "county": "CLINTON", "severity": 34, "radius_m": 100.0, "share_of_state": 0.0007662835249042146}}, {"type": "Feature", "geometry": {"type": "Point", "coordinates": [-94.19752531230819, 42.464999865098555]}, "properties": {"state": "IA", "cluster_id": 248, "county": "WEBSTER", "severity": 34, "radius_m": 197.21836264747503, "share_of_state": 0.0007662835249042146}}, {"type": "Feature", "geometry": {"type": "Point", "coordinates": [-92.29828173693038, 41.9213201711872]}, "properties": {"state": "IA", "cluster_id": 370, "county": "TAMA", "severity": 34, "radius_m": 100.0, "share_of_state": 0.0007662835249042146}}, {"type": "Feature", "geometry": {"type": "Point", "coordinates": [-94.84817940303313, 43.43206477632893]}, "properties": {"state": "IA", "cluster_id": 540, "county": "EMMET", "severity": 34, "radius_m": 252.1760923779312, "share_of_state": 0.0007662835249042146}}, {"type": "Feature", "geometry": {"type": "Point", "coordinates": [-95.12679873697357, 43.40003377845816]}, "properties": {"state": "IA", "cluster_id": 561, "county": "DICKINSON", "severity": 34, "radius_m": 1134.263515636173, "share_of_state": 0.0007662835249042146}}, {"type": "Feature", "geometry": {"type": "Point", "coordinates": [-94.95605676592612, 42.31688134943478]}, "properties": {"state": "IA", "cluster_id": 74, "county": "SAC", "severity": 33, "radius_m": 326.7971035789392, "share_of_state": 0.0007437457741717377}}, {"type": "Feature", "geometry": {"type": "Point", "coordinates": [-91.8888643785111, 42.49197460442431]}, "properties": {"state": "IA", "cluster_id": 87, "county": "BUCHANAN", "severity": 33, "radius_m": 135.89042217999352, "share_of_state": 0.0007437457741717377}}, {"type": "Feature", "geometry": {"type": "Point", "coordinates": [-91.16182504960415, 42.821423499076886]}, "properties": {"state": "IA", "cluster_id": 98, "county": "CLAYTON", "severity": 33, "radius_m": 100.0, "share_of_state": 0.0007437457741717377}}, {"type": "Feature", "geometry": {"type": "Point", "coordinates": [-92.9921272322967, 41.22592922242292]}, "properties": {"state": "IA", "cluster_id": 139, "county": "MARION", "severity": 33, "radius_m": 100.0, "share_of_state": 0.0007437457741717377}}, {"type": "Feature", "geometry": {"type": "Point", "coordinates": [-91.28384797097372, 41.27712032318763]}, "properties": {"state": "IA", "cluster_id": 156, "county": "LOUISA", "severity": 33, "radius_m": 100.0, "share_of_state": 0.0007437457741717377}}, {"type": "Feature", "geometry": {"type": "Point", "coordinates": [-91.03828050154706, 41.53675665031011]}, "properties": {"state": "IA", "cluster_id": 221, "county": "MUSCATINE", "severity": 33, "radius_m": 220.4976155927987, "share_of_state": 0.0007437457741717377}}, {"type": "Feature", "geometry": {"type": "Point", "coordinates": [-95.8807404959049, 41.22842267270106]}, "properties": {"state": "IA", "cluster_id": 232, "county": "POTTAWATTAMIE", "severity": 33, "radius_m": 1300.3249756024784, "share_of_state": 0.0007437457741717377}}, {"type": "Feature", "geometry": {"type": "Point", "coordinates": [-92.80988934675638, 42.995422992313564]}, "properties": {"state": "IA", "cluster_id": 310, "county": "FLOYD", "severity": 33, "radius_m": 100.0, "share_of_state": 0.0007437457741717377}}, {"type": "Feature", "geometry": {"type": "Point", "coordinates": [-92.54297203884772, 41.59993488117089]}, "properties": {"state": "IA", "cluster_id": 451, "county": "POWESHIEK", "severity": 33, "radius_m": 157.51067984350425, "share_of_state": 0.0007437457741717377}}, {"type": "Feature", "geometry": {"type": "Point", "coordinates": [-92.33809052275679, 43.47765469019025]}, "properties": {"state": "IA", "cluster_id": 32, "county": "HOWARD", "severity": 32, "radius_m": 100.0, "share_of_state": 0.0007212080234392607}}, {"type": "Feature", "geometry": {"type": "Point", "coordinates": [-95.06342883407049, 41.49681714150367]}, "properties": {"state": "IA", "cluster_id": 133, "county": "CASS", "severity": 32, "radius_m": 228.3192492080735, "share_of_state": 0.0007212080234392607}}, {"type": "Feature", "geometry": {"type": "Point", "coordinates": [-96.5694061047682, 42.686665540390315]}, "properties": {"state": "IA", "cluster_id": 143, "county": "PLYMOUTH", "severity": 32, "radius_m": 100.0, "share_of_state": 0.0007212080234392607}}, {"type": "Feature", "geometry": {"type": "Point", "coordinates": [-93.56350267306516, 41.29623993211406]}, "properties": {"state": "IA", "cluster_id": 239, "county": "WARREN", "severity": 32, "radius_m": 156.4733461699176, "share_of_state": 0.0007212080234392607}}, {"type": "Feature", "geometry": {"type": "Point", "coordinates": [-93.89835915109092, 41.80211666573993]}, "properties": {"state": "IA", "cluster_id": 259, "county": "DALLAS", "severity": 32, "radius_m": 245.10150333824282, "share_of_state": 0.0007212080234392607}}, {"type": "Feature", "geometry": {"type": "Point", "coordinates": [-91.08412379953339, 42.73935274117924]}, "properties": {"state": "IA", "cluster_id": 358, "county": "CLAYTON", "severity": 32, "radius_m": 103.32451663723062, "share_of_state": 0.0007212080234392607}}, {"type": "Feature", "geometry": {"type": "Point", "coordinates": [-92.97892859223828, 43.1164338454999]}, "properties": {"state": "IA", "cluster_id": 371, "county": "FLOYD", "severity": 32, "radius_m": 100.0, "share_of_state": 0.0007212080234392607}}, {"type": "Feature", "geometry": {"type": "Point", "coordinates": [-91.52755375600967, 42.70650707736668]}, "properties": {"state": "IA", "cluster_id": 425, "county": "CLAYTON", "severity": 32, "radius_m": 100.0, "share_of_state": 0.0007212080234392607}}, {"type": "Feature", "geometry": {"type": "Point", "coordinates": [-93.59276054643578, 42.0348618936509]}, "properties": {"state": "IA", "cluster_id": 436, "county": "STORY", "severity": 32, "radius_m": 200.56427413714283, "share_of_state": 0.0007212080234392607}}, {"type": "Feature", "geometry": {"type": "Point", "coordinates": [-93.45536079899989, 41.66944919253004]}, "properties": {"state": "IA", "cluster_id": 446, "county": "POLK", "severity": 32, "radius_m": 125.4961640880671, "share_of_state": 0.0007212080234392607}}, {"type": "Feature", "geometry": {"type": "Point", "coordinates": [-93.07342785041685, 42.36033090927867]}, "properties": {"state": "IA", "cluster_id": 469, "county": "HARDIN", "severity": 32, "radius_m": 135.37558583379, "share_of_state": 0.0007212080234392607}}, {"type": "Feature", "geometry": {"type": "Point", "coordinates": [-95.84346991411248, 41.31591941584414]}, "properties": {"state": "IA", "cluster_id": 84, "county": "POTTAWATTAMIE", "severity": 31, "radius_m": 100.19479192440012, "share_of_state": 0.0006986702727067839}}, {"type": "Feature", "geometry": {"type": "Point", "coordinates": [-91.50313261057968, 42.73843130752788]}, "properties": {"state": "IA", "cluster_id": 119, "county": "CLAYTON", "severity": 31, "radius_m": 100.0, "share_of_state": 0.0006986702727067839}}, {"type": "Feature", "geometry": {"type": "Point", "coordinates": [-91.81113746038997, 43.37513368004681]}, "properties": {"state": "IA", "cluster_id": 160, "county": "WINNESHIEK", "severity": 31, "radius_m": 990.5790174678903, "share_of_state": 0.0006986702727067839}}, {"type": "Feature", "geometry": {"type": "Point", "coordinates": [-92.86776408341812, 40.663671164360224]}, "properties": {"state": "IA", "cluster_id": 212, "county": "APPANOOSE", "severity": 31, "radius_m": 123.42534019572682, "share_of_state": 0.0006986702727067839}}, {"type": "Feature", "geometry": {"type": "Point", "coordinates": [-91.45844826832658, 42.77420503831945]}, "properties": {"state": "IA", "cluster_id": 261, "county": "CLAYTON", "severity": 31, "radius_m": 125.8786461651282, "share_of_state": 0.0006986702727067839}}, {"type": "Feature", "geometry": {"type": "Point", "coordinates": [-93.60455454733747, 41.355437990713845]}, "properties": {"state": "IA", "cluster_id": 270, "county": "WARREN", "severity": 31, "radius_m": 1225.6948201230834, "share_of_state": 0.0006986702727067839}}, {"type": "Feature", "geometry": {"type": "Point", "coordinates": [-95.55446621799551, 42.6972817823932]}, "properties": {"state": "IA", "cluster_id": 328, "county": "CHEROKEE", "severity": 31, "radius_m": 100.0, "share_of_state": 0.0006986702727067839}}, {"type": "Feature", "geometry": {"type": "Point", "coordinates": [-90.23612615670012, 41.84335519787777]}, "properties": {"state": "IA", "cluster_id": 385, "county": "CLINTON", "severity": 31, "radius_m": 1220.8504468460178, "share_of_state": 0.0006986702727067839}}, {"type": "Feature", "geometry": {"type": "Point", "coordinates": [-93.06111618403608, 41.48412170055778]}, "properties": {"state": "IA", "cluster_id": 480, "county": "MARION", "severity": 31, "radius_m": 100.0, "share_of_state": 0.0006986702727067839}}, {"type": "Feature", "geometry": {"type": "Point", "coordinates": [-93.61504833406569, 42.74978571861625]}, "properties": {"state": "IA", "cluster_id": 512, "county": "WRIGHT", "severity": 31, "radius_m": 929.5642202419538, "share_of_state": 0.0006986702727067839}}, {"type": "Feature", "geometry": {"type": "Point", "coordinates": [-90.75775609808292, 41.46003496593924]}, "properties": {"state": "IA", "cluster_id": 598, "county": "SCOTT", "severity": 31, "radius_m": 987.4605690384029, "share_of_state": 0.0006986702727067839}}, {"type": "Feature", "geometry": {"type": "Point", "coordinates": [-93.81266802041893, 42.49666039611294]}, "properties": {"state": "IA", "cluster_id": 611, "county": "HAMILTON", "severity": 31, "radius_m": 248.1544092398479, "share_of_state": 0.0006986702727067839}}, {"type": "Feature", "geometry": {"type": "Point", "coordinates": [-91.19930172684727, 42.830281636182704]}, "properties": {"state": "IA", "cluster_id": 71, "county": "CLAYTON", "severity": 30, "radius_m": 151.80679084273896, "share_of_state": 0.000676132521974307}}, {"type": "Feature", "geometry": {"type": "Point", "coordinates": [-91.75358004466823, 41.99409530561596]}, "properties": {"state": "IA", "cluster_id": 117, "county": "LINN", "severity": 30, "radius_m": 1215.6966283696956, "share_of_state": 0.000676132521974307}}, {"type": "Feature", "geometry": {"type": "Point", "coordinates": [-93.81054954531461, 41.35251680976476]}, "properties": {"state": "IA", "cluster_id": 149, "county": "MADISON", "severity": 30, "radius_m": 100.0, "share_of_state": 0.000676132521974307}}, {"type": "Feature", "geometry": {"type": "Point", "coordinates": [-92.54941172798296, 41.696136556498445]}, "properties": {"state": "IA", "cluster_id": 326, "county": "POWESHIEK", "severity": 30, "radius_m": 100.0, "share_of_state": 0.000676132521974307}}, {"type": "Feature", "geometry": {"type": "Point", "coordinates": [-91.56496900564476, 40.554655035575365]}, "properties": {"state": "IA", "cluster_id": 379, "county": "LEE", "severity": 30, "radius_m": 100.0, "share_of_state": 0.000676132521974307}}, {"type": "Feature", "geometry": {"type": "Point", "coordinates": [-93.6101232656588, 41.97901791597184]}, "properties": {"state": "IA", "cluster_id": 35, "county": "STORY", "severity": 29, "radius_m": 100.0, "share_of_state": 0.00065359477124183}}, {"type": "Feature", "geometry": {"type": "Point", "coordinates": [-95.00909224670069, 42.454703443818076]}, "properties": {"state": "IA", "cluster_id": 53, "county": "SAC", "severity": 29, "radius_m": 100.96201379398492, "share_of_state": 0.00065359477124183}}, {"type": "Feature", "geometry": {"type": "Point", "coordinates": [-91.62229379870642, 40.920235208579726]}, "properties": {"state": "IA", "cluster_id": 85, "county": "HENRY", "severity": 29, "radius_m": 100.0, "share_of_state": 0.00065359477124183}}, {"type": "Feature", "geometry": {"type": "Point", "coordinates": [-91.536380005931, 41.27247657665251]}, "properties": {"state": "IA", "cluster_id": 123, "county": "WASHINGTON", "severity": 29, "radius_m": 100.0, "share_of_state": 0.00065359477124183}}, {"type": "Feature", "geometry": {"type": "Point", "coordinates": [-91.11723702858323, 40.76246628509158]}, "properties": {"state": "IA", "cluster_id": 130, "county": "DES MOINES", "severity": 29, "radius_m": 294.9167690681957, "share_of_state": 0.00065359477124183}}, {"type": "Feature", "geometry": {"type": "Point", "coordinates": [-93.06697992182166, 42.26565026908369]}, "properties": {"state": "IA", "cluster_id": 131, "county": "HARDIN", "severity": 29, "radius_m": 100.0, "share_of_state": 0.00065359477124183}}, {"type": "Feature", "geometry": {"type": "Point", "coordinates": [-93.78720950689686, 41.043537487783446]}, "properties": {"state": "IA", "cluster_id": 251, "county": "CLARKE", "severity": 29, "radius_m": 870.2484866744209, "share_of_state": 0.00065359477124183}}, {"type": "Feature", "geometry": {"type": "Point", "coordinates": [-93.34963424605155, 43.20380300339471]}, "properties": {"state": "IA", "cluster_id": 252, "county": "CERRO GORDO", "severity": 29, "radius_m": 1058.3139719881806, "share_of_state": 0.00065359477124183}}, {"type": "Feature", "geometry": {"type": "Point", "coordinates": [-95.24710333150779, 42.65774798207228]}, "properties": {"state": "IA", "cluster_id": 260, "county": "BUENA VISTA", "severity": 29, "radius_m": 309.96429643711474, "share_of_state": 0.00065359477124183}}, {"type": "Feature", "geometry": {"type": "Point", "coordinates": [-93.35046043997463, 42.87662226863444]}, "properties": {"state": "IA", "cluster_id": 289, "county": "FRANKLIN", "severity": 29, "radius_m": 100.0, "share_of_state": 0.00065359477124183}}, {"type": "Feature", "geometry": {"type": "Point", "coordinates": [-92.34779587887472, 42.26594087002941]}, "properties": {"state": "IA", "cluster_id": 452, "county": "TAMA", "severity": 29, "radius_m": 174.24473715010305, "share_of_state": 0.00065359477124183}}, {"type": "Feature", "geometry": {"type": "Point", "coordinates": [-92.07182865434189, 42.8474828373726]}, "properties": {"state": "IA", "cluster_id": 77, "county": "FAYETTE", "severity": 28, "radius_m": 100.0, "share_of_state": 0.0006310570205093532}}, {"type": "Feature", "geometry": {"type": "Point", "coordinates": [-92.00739621695288, 41.64251439817118]}, "properties": {"state": "IA", "cluster_id": 116, "county": "IOWA", "severity": 28, "radius_m": 100.0, "share_of_state": 0.0006310570205093532}}, {"type": "Feature", "geometry": {"type": "Point", "coordinates": [-91.49682915908656, 40.45788430864338]}, "properties": {"state": "IA", "cluster_id": 170, "county": "LEE", "severity": 28, "radius_m": 100.0, "share_of_state": 0.0006310570205093532}}, {"type": "Feature", "geometry": {"type": "Point", "coordinates": [-91.36371325784516, 42.08685413695929]}, "properties": {"state": "IA", "cluster_id": 177, "county": "JONES", "severity": 28, "radius_m": 118.06794460755577, "share_of_state": 0.0006310570205093532}}, {"type": "Feature", "geometry": {"type": "Point", "coordinates": [-93.34944772485687, 43.39192684560043]}, "properties": {"state": "IA", "cluster_id": 268, "county": "WORTH", "severity": 28, "radius_m": 100.0, "share_of_state": 0.0006310570205093532}}, {"type": "Feature", "geometry": {"type": "Point", "coordinates": [-95.59962711022717, 41.457929559765766]}, "properties": {"state": "IA", "cluster_id": 275, "county": "POTTAWATTAMIE", "severity": 28, "radius_m": 1070.056574447845, "share_of_state": 0.0006310570205093532}}, {"type": "Feature", "geometry": {"type": "Point", "coordinates": [-91.49375371913177, 41.96963066526918]}, "properties": {"state": "IA", "cluster_id": 291, "county": "LINN", "severity": 28, "radius_m": 100.0, "share_of_state": 0.0006310570205093532}}, {"type": "Feature", "geometry": {"type": "Point", "coordinates": [-92.78526245802104, 42.04148268742322]}, "properties": {"state": "IA", "cluster_id": 306, "county": "MARSHALL", "severity": 28, "radius_m": 100.0, "share_of_state": 0.0006310570205093532}}, {"type": "Feature", "geometry": {"type": "Point", "coordinates": [-94.29069344698266, 42.034670107924356]}, "properties": {"state": "IA", "cluster_id": 329, "county": "GREENE", "severity": 28, "radius_m": 370.3240094547531, "share_of_state": 0.0006310570205093532}}, {"type": "Feature", "geometry": {"type": "Point", "coordinates": [-95.15023256184034, 43.42651010765022]}, "properties": {"state": "IA", "cluster_id": 387, "county": "DICKINSON", "severity": 28, "radius_m": 100.0, "share_of_state": 0.0006310570205093532}}, {"type": "Feature", "geometry": {"type": "Point", "coordinates": [-95.05509786578219, 43.12721937784967]}, "properties": {"state": "IA", "cluster_id": 389, "county": "CLAY", "severity": 28, "radius_m": 100.0, "share_of_state": 0.0006310570205093532}}, {"type": "Feature", "geometry": {"type": "Point", "coordinates": [-91.55969477545783, 40.58834418825131]}, "properties": {"state": "IA", "cluster_id": 407, "county": "LEE", "severity": 28, "radius_m": 1163.213873498205, "share_of_state": 0.0006310570205093532}}, {"type": "Feature", "geometry": {"type": "Point", "coordinates": [-91.2119794017212, 41.11754638457261]}, "properties": {"state": "IA", "cluster_id": 427, "county": "LOUISA", "severity": 28, "radius_m": 381.43995232692316, "share_of_state": 0.0006310570205093532}}, {"type": "Feature", "geometry": {"type": "Point", "coordinates": [-91.18032486962545, 41.66953043489372]}, "properties": {"state": "IA", "cluster_id": 468, "county": "CEDAR", "severity": 28, "radius_m": 100.0, "share_of_state": 0.0006310570205093532}}, {"type": "Feature", "geometry": {"type": "Point", "coordinates": [-93.202875535962, 42.7836324702407]}, "properties": {"state": "IA", "cluster_id": 509, "county": "FRANKLIN", "severity": 28, "radius_m": 100.0, "share_of_state": 0.0006310570205093532}}, {"type": "Feature", "geometry": {"type": "Point", "coordinates": [-93.61689879178046, 42.83248796119003]}, "properties": {"state": "IA", "cluster_id": 525, "county": "WRIGHT", "severity": 28, "radius_m": 100.0, "share_of_state": 0.0006310570205093532}}, {"type": "Feature", "geometry": {"type": "Point", "coordinates": [-90.35004844770138, 41.616485519534066]}, "properties": {"state": "IA", "cluster_id": 576, "county": "SCOTT", "severity": 28, "radius_m": 1067.4210177943341, "share_of_state": 0.0006310570205093532}}, {"type": "Feature", "geometry": {"type": "Point", "coordinates": [-91.29228589364604, 40.739770943469324]}, "properties": {"state": "IA", "cluster_id": 83, "county": "LEE", "severity": 27, "radius_m": 130.6583728832112, "share_of_state": 0.0006085192697768763}}, {"type": "Feature", "geometry": {"type": "Point", "coordinates": [-93.24708082958071, 41.2743225376372]}, "properties": {"state": "IA", "cluster_id": 94, "county": "MARION", "severity": 27, "radius_m": 100.0, "share_of_state": 0.0006085192697768763}}, {"type": "Feature", "geometry": {"type": "Point", "coordinates": [-96.14816505381607, 43.433113115138894]}, "properties": {"state": "IA", "cluster_id": 198, "county": "LYON", "severity": 27, "radius_m": 1005.9780566010887, "share_of_state": 0.0006085192697768763}}, {"type": "Feature", "geometry": {"type": "Point", "coordinates": [-94.02779171444712, 41.8437362775267]}, "properties": {"state": "IA", "cluster_id": 210, "county": "DALLAS", "severity": 27, "radius_m": 380.08190840000543, "share_of_state": 0.0006085192697768763}}, {"type": "Feature", "geometry": {"type": "Point", "coordinates": [-93.6172305201061, 42.89156928209768]}, "properties": {"state": "IA", "cluster_id": 218, "county": "WRIGHT", "severity": 27, "radius_m": 118.1916512888194, "share_of_state": 0.0006085192697768763}}, {"type": "Feature", "geometry": {"type": "Point", "coordinates": [-93.41954072771024, 41.67664955126865]}, "properties": {"state": "IA", "cluster_id": 281, "county": "POLK", "severity": 27, "radius_m": 100.0, "share_of_state": 0.0006085192697768763}}, {"type": "Feature", "geometry": {"type": "Point", "coordinates": [-90.53882276414558, 41.783880133158085]}, "properties": {"state": "IA", "cluster_id": 288, "county": "CLINTON", "severity": 27, "radius_m": 100.0, "share_of_state": 0.0006085192697768763}}, {"type": "Feature", "geometry": {"type": "Point", "coordinates": [-92.99600013262983, 42.46228254022481]}, "properties": {"state": "IA", "cluster_id": 317, "county": "GRUNDY", "severity": 27, "radius_m": 100.0, "share_of_state": 0.0006085192697768763}}, {"type": "Feature", "geometry": {"type": "Point", "coordinates": [-92.2258385969648, 42.84807960876574]}, "properties": {"state": "IA", "cluster_id": 335, "county": "BREMER", "severity": 27, "radius_m": 218.9010767389888, "share_of_state": 0.0006085192697768763}}, {"type": "Feature", "geometry": {"type": "Point", "coordinates": [-91.70543142292348, 42.98634737404811]}, "properties": {"state": "IA", "cluster_id": 365, "county": "FAYETTE", "severity": 27, "radius_m": 100.0, "share_of_state": 0.0006085192697768763}}, {"type": "Feature", "geometry": {"type": "Point", "coordinates": [-92.00944569192613, 41.68629821628173]}, "properties": {"state": "IA", "cluster_id": 391, "county": "IOWA", "severity": 27, "radius_m": 204.43962040730304, "share_of_state": 0.0006085192697768763}}, {"type": "Feature", "geometry": {"type": "Point", "coordinates": [-93.07390041627107, 41.4256085718527]}, "properties": {"state": "IA", "cluster_id": 408, "county": "MARION", "severity": 27, "radius_m": 111.46224813197884, "share_of_state": 0.0006085192697768763}}, {"type": "Feature", "geometry": {"type": "Point", "coordinates": [-91.87177681733228, 41.825077703159195]}, "properties": {"state": "IA", "cluster_id": 421, "county": "IOWA", "severity": 27, "radius_m": 100.0, "share_of_state": 0.0006085192697768763}}, {"type": "Feature", "geometry": {"type": "Point", "coordinates": [-92.9141763196303, 41.35871769310233]}, "properties": {"state": "IA", "cluster_id": 429, "county": "MARION", "severity": 27, "radius_m": 100.0, "share_of_state": 0.0006085192697768763}}, {"type": "Feature", "geometry": {"type": "Point", "coordinates": [-95.002248233117, 42.392285383632036]}, "properties": {"state": "IA", "cluster_id": 447, "county": "SAC", "severity": 27, "radius_m": 1205.721223314832, "share_of_state": 0.0006085192697768763}}, {"type": "Feature", "geometry": {"type": "Point", "coordinates": [-95.90696946401583, 41.251681219872005]}, "properties": {"state": "IA", "cluster_id": 461, "county": "POTTAWATTAMIE", "severity": 27, "radius_m": 274.6858847813388, "share_of_state": 0.0006085192697768763}}, {"type": "Feature", "geometry": {"type": "Point", "coordinates": [-91.52401701070985, 42.27408739457999]}, "properties": {"state": "IA", "cluster_id": 463, "county": "LINN", "severity": 27, "radius_m": 100.0, "share_of_state": 0.0006085192697768763}}, {"type": "Feature", "geometry": {"type": "Point", "coordinates": [-92.04061786214962, 42.71757674717862]}, "properties": {"state": "IA", "cluster_id": 470, "county": "FAYETTE", "severity": 27, "radius_m": 1033.9747073575925, "share_of_state": 0.0006085192697768763}}, {"type": "Feature", "geometry": {"type": "Point", "coordinates": [-91.51919943063876, 42.49427779509766]}, "properties": {"state": "IA", "cluster_id": 484, "county": "DELAWARE", "severity": 27, "radius_m": 184.90433287712318, "share_of_state": 0.0006085192697768763}}, {"type": "Feature", "geometry": {"type": "Point", "coordinates": [-91.0572512581515, 40.90496360027865]}, "properties": {"state": "IA", "cluster_id": 516, "county": "DES MOINES", "severity": 27, "radius_m": 133.69919109411194, "share_of_state": 0.0006085192697768763}}, {"type": "Feature", "geometry": {"type": "Point", "coordinates": [-92.4930905165551, 41.011235762320204]}, "properties": {"state": "IA", "cluster_id": 529, "county": "WAPELLO", "severity": 27, "radius_m": 302.52777774644153, "share_of_state": 0.0006085192697768763}}, {"type": "Feature", "geometry": {"type": "Point", "coordinates": [-91.78830534280877, 42.04045211875547]}, "properties": {"state": "IA", "cluster_id": 546, "county": "LINN", "severity": 27, "radius_m": 100.0, "share_of_state": 0.0006085192697768763}}, {"type": "Feature", "geometry": {"type": "Point", "coordinates": [-94.1556806492693, 41.59672381598549]}, "properties": {"state": "IA", "cluster_id": 613, "county": "DALLAS", "severity": 27, "radius_m": 100.0, "share_of_state": 0.0006085192697768763}}, {"type": "Feature", "geometry": {"type": "Point", "coordinates": [-93.12613909048835, 41.516454246737105]}, "properties": {"state": "IA", "cluster_id": 9, "county": "JASPER", "severity": 26, "radius_m": 122.66495742825238, "share_of_state": 0.0005859815190443993}}, {"type": "Feature", "geometry": {"type": "Point", "coordinates": [-95.80764721983958, 42.48235718657577]}, "properties": {"state": "IA", "cluster_id": 120, "county": "WOODBURY", "severity": 26, "radius_m": 100.0, "share_of_state": 0.0005859815190443993}}, {"type": "Feature", "geometry": {"type": "Point", "coordinates": [-91.0845644039367, 40.87803169750937]}, "properties": {"state": "IA", "cluster_id": 165, "county": "DES MOINES", "severity": 26, "radius_m": 100.0, "share_of_state": 0.0005859815190443993}}, {"type": "Feature", "geometry": {"type": "Point", "coordinates": [-92.46674091347451, 42.74690803355142]}, "properties": {"state": "IA", "cluster_id": 211, "county": "BREMER", "severity": 26, "radius_m": 112.01517081509525, "share_of_state": 0.0005859815190443993}}, {"type": "Feature", "geometry": {"type": "Point", "coordinates": [-93.61417872686829, 42.861156053458444]}, "properties": {"state": "IA", "cluster_id": 286, "county": "WRIGHT", "severity": 26, "radius_m": 940.2224899489, "share_of_state": 0.0005859815190443993}}, {"type": "Feature", "geometry": {"type": "Point", "coordinates": [-94.18596382056033, 42.49721034232062]}, "properties": {"state": "IA", "cluster_id": 330, "county": "WEBSTER", "severity": 26, "radius_m": 271.811892399361, "share_of_state": 0.0005859815190443993}}, {"type": "Feature", "geometry": {"type": "Point", "coordinates": [-96.13912286207086, 42.85033781882574]}, "properties": {"state": "IA", "cluster_id": 346, "county": "PLYMOUTH", "severity": 26, "radius_m": 100.0, "share_of_state": 0.0005859815190443993}}, {"type": "Feature", "geometry": {"type": "Point", "coordinates": [-93.34773298051593, 41.784248239104514]}, "properties": {"state": "IA", "cluster_id": 401, "county": "POLK", "severity": 26, "radius_m": 100.0, "share_of_state": 0.0005859815190443993}}, {"type": "Feature", "geometry": {"type": "Point", "coordinates": [-92.63997603938482, 43.06825593505212]}, "properties": {"state": "IA", "cluster_id": 419, "county": "FLOYD", "severity": 26, "radius_m": 848.5204537003458, "share_of_state": 0.0005859815190443993}}, {"type": "Feature", "geometry": {"type": "Point", "coordinates": [-92.48465520749143, 42.965411228739995]}, "properties": {"state": "IA", "cluster_id": 422, "county": "CHICKASAW", "severity": 26, "radius_m": 100.0, "share_of_state": 0.0005859815190443993}}, {"type": "Feature", "geometry": {"type": "Point", "coordinates": [-92.27011211941242, 43.05964132582404]}, "properties": {"state": "IA", "cluster_id": 442, "county": "CHICKASAW", "severity": 26, "radius_m": 100.0, "share_of_state": 0.0005859815190443993}}, {"type": "Feature", "geometry": {"type": "Point", "coordinates": [-90.48511593554673, 41.74241418328162]}, "properties": {"state": "IA", "cluster_id": 459, "county": "SCOTT", "severity": 26, "radius_m": 100.0, "share_of_state": 0.0005859815190443993}}, {"type": "Feature", "geometry": {"type": "Point", "coordinates": [-93.02314094740947, 41.41371643890592]}, "properties": {"state": "IA", "cluster_id": 481, "county": "MARION", "severity": 26, "radius_m": 158.30039530619365, "share_of_state": 0.0005859815190443993}}, {"type": "Feature", "geometry": {"type": "Point", "coordinates": [-91.15974957665334, 41.52168270188695]}, "properties": {"state": "IA", "cluster_id": 515, "county": "MUSCATINE", "severity": 26, "radius_m": 100.0, "share_of_state": 0.0005859815190443993}}, {"type": "Feature", "geometry": {"type": "Point", "coordinates": [-92.33020070401356, 43.08008251358072]}, "properties": {"state": "IA", "cluster_id": 523, "county": "CHICKASAW", "severity": 26, "radius_m": 925.2944288262357, "share_of_state": 0.0005859815190443993}}, {"type": "Feature", "geometry": {"type": "Point", "coordinates": [-92.2984836638569, 43.20507585102934]}, "properties": {"state": "IA", "cluster_id": 604, "county": "CHICKASAW", "severity": 26, "radius_m": 148.43635446080162, "share_of_state": 0.0005859815190443993}}, {"type": "Feature", "geometry": {"type": "Point", "coordinates": [-92.28334925139576, 42.47964506411273]}, "properties": {"state": "IA", "cluster_id": 164, "county": "BLACK HAWK", "severity": 25, "radius_m": 191.7891078552208, "share_of_state": 0.0005634437683119225}}, {"type": "Feature", "geometry": {"type": "Point", "coordinates": [-96.35498465546543, 42.37666574476133]}, "properties": {"state": "IA", "cluster_id": 273, "county": "WOODBURY", "severity": 25, "radius_m": 115.29136037435592, "share_of_state": 0.0005634437683119225}}, {"type": "Feature", "geometry": {"type": "Point", "coordinates": [-94.7598697511478, 41.4960816648295]}, "properties": {"state": "IA", "cluster_id": 274, "county": "CASS", "severity": 25, "radius_m": 1020.5274837094204, "share_of_state": 0.0005634437683119225}}, {"type": "Feature", "geometry": {"type": "Point", "coordinates": [-91.35085935468064, 41.66505424760972]}, "properties": {"state": "IA", "cluster_id": 299, "county": "CEDAR", "severity": 25, "radius_m": 274.731170928577, "share_of_state": 0.0005634437683119225}}, {"type": "Feature", "geometry": {"type": "Point", "coordinates": [-93.26554356967777, 42.00782558436574]}, "properties": {"state": "IA", "cluster_id": 348, "county": "STORY", "severity": 25, "radius_m": 100.0, "share_of_state": 0.0005634437683119225}}, {"type": "Feature", "geometry": {"type": "Point", "coordinates": [-91.51703272866733, 42.46647154214428]}, "properties": {"state": "IA", "cluster_id": 349, "county": "DELAWARE", "severity": 25, "radius_m": 1060.3564343699513, "share_of_state": 0.0005634437683119225}}, {"type": "Feature", "geometry": {"type": "Point", "coordinates": [-92.40319350261387, 41.69614376430386]}, "properties": {"state": "IA", "cluster_id": 410, "county": "POWESHIEK", "severity": 25, "radius_m": 100.0, "share_of_state": 0.0005634437683119225}}, {"type": "Feature", "geometry": {"type": "Point", "coordinates": [-96.51629413949235, 43.30744110767576]}, "properties": {"state": "IA", "cluster_id": 458, "county": "LYON", "severity": 25, "radius_m": 293.64335546345427, "share_of_state": 0.0005634437683119225}}, {"type": "Feature", "geometry": {"type": "Point", "coordinates": [-90.67040879338256, 41.46686849968773]}, "properties": {"state": "IA", "cluster_id": 471, "county": "SCOTT", "severity": 25, "radius_m": 109.33451880428186, "share_of_state": 0.0005634437683119225}}, {"type": "Feature", "geometry": {"type": "Point", "coordinates": [-91.12493265605062, 42.85052399052767]}, "properties": {"state": "IA", "cluster_id": 476, "county": "CLAYTON", "severity": 25, "radius_m": 100.0, "share_of_state": 0.0005634437683119225}}, {"type": "Feature", "geometry": {"type": "Point", "coordinates": [-96.00392469443781, 42.979675657233436]}, "properties": {"state": "IA", "cluster_id": 535, "county": "SIOUX", "severity": 25, "radius_m": 223.4811753962583, "share_of_state": 0.0005634437683119225}}, {"type": "Feature", "geometry": {"type": "Point", "coordinates": [-90.8697191784067, 41.45208624806065]}, "properties": {"state": "IA", "cluster_id": 543, "county": "MUSCATINE", "severity": 25, "radius_m": 100.0, "share_of_state": 0.0005634437683119225}}, {"type": "Feature", "geometry": {"type": "Point", "coordinates": [-91.55043251304389, 42.07274050291324]}, "properties": {"state": "IA", "cluster_id": 544, "county": "LINN", "severity": 25, "radius_m": 128.30893632342776, "share_of_state": 0.0005634437683119225}}, {"type": "Feature", "geometry": {"type": "Point", "coordinates": [-93.38824039240906, 41.746148096411105]}, "properties": {"state": "IA", "cluster_id": 574, "county": "POLK", "severity": 25, "radius_m": 100.0, "share_of_state": 0.0005634437683119225}}, {"type": "Feature", "geometry": {"type": "Point", "coordinates": [-92.29839868237377, 43.27534898370592]}, "properties": {"state": "IA", "cluster_id": 606, "county": "HOWARD", "severity": 25, "radius_m": 100.0, "share_of_state": 0.0005634437683119225}}, {"type": "Feature", "geometry": {"type": "Point", "coordinates": [-91.02477345500283, 42.30364902454407]}, "properties": {"state": "IA", "cluster_id": 678, "county": "DUBUQUE", "severity": 25, "radius_m": 100.0, "share_of_state": 0.0005634437683119225}}, {"type": "Feature", "geometry": {"type": "Point", "coordinates": [-92.78885914304261, 41.7320361030433]}, "properties": {"state": "IA", "cluster_id": 256, "county": "JASPER", "severity": 24, "radius_m": 984.4638959628312, "share_of_state": 0.0005409060175794456}}, {"type": "Feature", "geometry": {"type": "Point", "coordinates": [-91.07561026527247, 42.661687096619495]}, "properties": {"state": "IA", "cluster_id": 287, "county": "CLAYTON", "severity": 24, "radius_m": 100.0, "share_of_state": 0.0005409060175794456}}, {"type": "Feature", "geometry": {"type": "Point", "coordinates": [-93.36791878890521, 41.60055639870034]}, "properties": {"state": "IA", "cluster_id": 320, "county": "POLK", "severity": 24, "radius_m": 100.0, "share_of_state": 0.0005409060175794456}}, {"type": "Feature", "geometry": {"type": "Point", "coordinates": [-95.77574373112441, 41.2326125656443]}, "properties": {"state": "IA", "cluster_id": 373, "county": "POTTAWATTAMIE", "severity": 24, "radius_m": 100.0, "share_of_state": 0.0005409060175794456}}, {"type": "Feature", "geometry": {"type": "Point", "coordinates": [-91.07684195224094, 42.288208895043695]}, "properties": {"state": "IA", "cluster_id": 388, "county": "JONES", "severity": 24, "radius_m": 100.0, "share_of_state": 0.0005409060175794456}}, {"type": "Feature", "geometry": {"type": "Point", "coordinates": [-94.45242520739417, 41.494392071395445]}, "properties": {"state": "IA", "cluster_id": 393, "county": "ADAIR", "severity": 24, "radius_m": 1068.570915118968, "share_of_state": 0.0005409060175794456}}, {"type": "Feature", "geometry": {"type": "Point", "coordinates": [-93.41190312306323, 41.727822229721745]}, "properties": {"state": "IA", "cluster_id": 394, "county": "POLK", "severity": 24, "radius_m": 370.97156788020794, "share_of_state": 0.0005409060175794456}}, {"type": "Feature", "geometry": {"type": "Point", "coordinates": [-95.94208510292007, 43.025662051234264]}, "properties": {"state": "IA", "cluster_id": 441, "county": "SIOUX", "severity": 24, "radius_m": 100.0, "share_of_state": 0.0005409060175794456}}, {"type": "Feature", "geometry": {"type": "Point", "coordinates": [-92.62491974902481, 41.163318295485375]}, "properties": {"state": "IA", "cluster_id": 493, "county": "MAHASKA", "severity": 24, "radius_m": 230.62108984324726, "share_of_state": 0.0005409060175794456}}, {"type": "Feature", "geometry": {"type": "Point", "coordinates": [-93.05155539280709, 42.42807790863032]}, "properties": {"state": "IA", "cluster_id": 564, "county": "HARDIN", "severity": 24, "radius_m": 100.0, "share_of_state": 0.0005409060175794456}}, {"type": "Feature", "geometry": {"type": "Point", "coordinates": [-92.67209870019774, 43.107173723177134]}, "properties": {"state": "IA", "cluster_id": 580, "county": "FLOYD", "severity": 24, "radius_m": 100.0, "share_of_state": 0.0005409060175794456}}, {"type": "Feature", "geometry": {"type": "Point", "coordinates": [-90.6345127853178, 41.53523987935892]}, "properties": {"state": "IA", "cluster_id": 582, "county": "SCOTT", "severity": 24, "radius_m": 112.14911907746871, "share_of_state": 0.0005409060175794456}}, {"type": "Feature", "geometry": {"type": "Point", "coordinates": [-94.42300776055379, 42.01132964656126]}, "properties": {"state": "IA", "cluster_id": 590, "county": "GREENE", "severity": 24, "radius_m": 100.0, "share_of_state": 0.0005409060175794456}}, {"type": "Feature", "geometry": {"type": "Point", "coordinates": [-92.70384116738073, 43.134283993278814]}, "properties": {"state": "IA", "cluster_id": 596, "county": "FLOYD", "severity": 24, "radius_m": 100.0, "share_of_state": 0.0005409060175794456}}, {"type": "Feature", "geometry": {"type": "Point", "coordinates": [-92.39860735274698, 40.855433874759484]}, "properties": {"state": "IA", "cluster_id": 605, "county": "DAVIS", "severity": 24, "radius_m": 1084.1229485118254, "share_of_state": 0.0005409060175794456}}, {"type": "Feature", "geometry": {"type": "Point", "coordinates": [-91.3281727710962, 40.73128520717273]}, "properties": {"state": "IA", "cluster_id": 666, "county": "LEE", "severity": 24, "radius_m": 100.0, "share_of_state": 0.0005409060175794456}}, {"type": "Feature", "geometry": {"type": "Point", "coordinates": [-95.76603887878139, 41.64518914173118]}, "properties": {"state": "IA", "cluster_id": 13, "county": "HARRISON", "severity": 23, "radius_m": 114.10091758761861, "share_of_state": 0.0005183682668469686}}, {"type": "Feature", "geometry": {"type": "Point", "coordinates": [-91.94675934273953, 41.77143539247563]}, "properties": {"state": "IA", "cluster_id": 92, "county": "IOWA", "severity": 23, "radius_m": 100.0, "share_of_state": 0.0005183682668469686}}, {"type": "Feature", "geometry": {"type": "Point", "coordinates": [-91.45056500983955, 41.249093253730315]}, "properties": {"state": "IA", "cluster_id": 157, "county": "LOUISA", "severity": 23, "radius_m": 100.0, "share_of_state": 0.0005183682668469686}}, {"type": "Feature", "geometry": {"type": "Point", "coordinates": [-92.26969893294824, 42.715506402530835]}, "properties": {"state": "IA", "cluster_id": 183, "county": "BREMER", "severity": 23, "radius_m": 100.0, "share_of_state": 0.0005183682668469686}}, {"type": "Feature", "geometry": {"type": "Point", "coordinates": [-92.33730954597685, 42.77809990596652]}, "properties": {"state": "IA", "cluster_id": 186, "county": "BREMER", "severity": 23, "radius_m": 100.0, "share_of_state": 0.0005183682668469686}}, {"type": "Feature", "geometry": {"type": "Point", "coordinates": [-91.18155649091867, 41.74150164442319]}, "properties": {"state": "IA", "cluster_id": 208, "county": "CEDAR", "severity": 23, "radius_m": 100.0, "share_of_state": 0.0005183682668469686}}, {"type": "Feature", "geometry": {"type": "Point", "coordinates": [-93.49388606519699, 41.66464246128889]}, "properties": {"state": "IA", "cluster_id": 215, "county": "POLK", "severity": 23, "radius_m": 216.53457422684804, "share_of_state": 0.0005183682668469686}}, {"type": "Feature", "geometry": {"type": "Point", "coordinates": [-95.91942436165809, 43.04342843219218]}, "properties": {"state": "IA", "cluster_id": 298, "county": "SIOUX", "severity": 23, "radius_m": 100.0, "share_of_state": 0.0005183682668469686}}, {"type": "Feature", "geometry": {"type": "Point", "coordinates": [-93.23681549634537, 41.00039933022415]}, "properties": {"state": "IA", "cluster_id": 325, "county": "LUCAS", "severity": 23, "radius_m": 100.0, "share_of_state": 0.0005183682668469686}}, {"type": "Feature", "geometry": {"type": "Point", "coordinates": [-92.72741251875232, 41.805926504853346]}, "properties": {"state": "IA", "cluster_id": 399, "county": "POWESHIEK", "severity": 23, "radius_m": 163.7707610003735, "share_of_state": 0.0005183682668469686}}, {"type": "Feature", "geometry": {"type": "Point", "coordinates": [-91.27471402151716, 41.481755526571376]}, "properties": {"state": "IA", "cluster_id": 403, "county": "MUSCATINE", "severity": 23, "radius_m": 230.37091292178627, "share_of_state": 0.0005183682668469686}}, {"type": "Feature", "geometry": {"type": "Point", "coordinates": [-95.43399454083698, 41.49822366135395]}, "properties": {"state": "IA", "cluster_id": 418, "county": "POTTAWATTAMIE", "severity": 23, "radius_m": 100.0, "share_of_state": 0.0005183682668469686}}, {"type": "Feature", "geometry": {"type": "Point", "coordinates": [-95.5998055057852, 43.432518527243076]}, "properties": {"state": "IA", "cluster_id": 439, "county": "OSCEOLA", "severity": 23, "radius_m": 100.0, "share_of_state": 0.0005183682668469686}}, {"type": "Feature", "geometry": {"type": "Point", "coordinates": [-93.47733174209881, 43.107572500607986]}, "properties": {"state": "IA", "cluster_id": 467, "county": "CERRO GORDO", "severity": 23, "radius_m": 1096.552651470666, "share_of_state": 0.0005183682668469686}}, {"type": "Feature", "geometry": {"type": "Point", "coordinates": [-93.20184617908936, 42.98590393241232]}, "properties": {"state": "IA", "cluster_id": 483, "county": "CERRO GORDO", "severity": 23, "radius_m": 100.0, "share_of_state": 0.0005183682668469686}}, {"type": "Feature", "geometry": {"type": "Point", "coordinates": [-95.04963103468408, 40.981264600572175]}, "properties": {"state": "IA", "cluster_id": 534, "county": "MONTGOMERY", "severity": 23, "radius_m": 100.0, "share_of_state": 0.0005183682668469686}}, {"type": "Feature", "geometry": {"type": "Point", "coordinates": [-92.04498800556236, 42.18003371748602]}, "properties": {"state": "IA", "cluster_id": 548, "county": "BENTON", "severity": 23, "radius_m": 936.3967418709732, "share_of_state": 0.0005183682668469686}}, {"type": "Feature", "geometry": {"type": "Point", "coordinates": [-91.0382123464716, 41.57900107645084]}, "properties": {"state": "IA", "cluster_id": 550, "county": "MUSCATINE", "severity": 23, "radius_m": 100.0, "share_of_state": 0.0005183682668469686}}, {"type": "Feature", "geometry": {"type": "Point", "coordinates": [-93.7802221401905, 41.40718258089964]}, "properties": {"state": "IA", "cluster_id": 581, "county": "WARREN", "severity": 23, "radius_m": 100.0, "share_of_state": 0.0005183682668469686}}, {"type": "Feature", "geometry": {"type": "Point", "coordinates": [-93.84773402794266, 41.876214956453076]}, "properties": {"state": "IA", "cluster_id": 589, "county": "BOONE", "severity": 23, "radius_m": 100.0, "share_of_state": 0.0005183682668469686}}, {"type": "Feature", "geometry": {"type": "Point", "coordinates": [-93.04439149466877, 42.2415414052957]}, "properties": {"state": "IA", "cluster_id": 673, "county": "HARDIN", "severity": 23, "radius_m": 289.75730444522065, "share_of_state": 0.0005183682668469686}}, {"type": "Feature", "geometry": {"type": "Point", "coordinates": [-92.1199976899986, 43.33327487193798]}, "properties": {"state": "IA", "cluster_id": 144, "county": "HOWARD", "severity": 22, "radius_m": 100.0, "share_of_state": 0.0004958305161144918}}, {"type": "Feature", "geometry": {"type": "Point", "coordinates": [-92.89868885615357, 40.73863946787781]}, "properties": {"state": "IA", "cluster_id": 228, "county": "APPANOOSE", "severity": 22, "radius_m": 100.0, "share_of_state": 0.0004958305161144918}}, {"type": "Feature", "geometry": {"type": "Point", "coordinates": [-93.3509284628488, 42.906481566398035]}, "properties": {"state": "IA", "cluster_id": 272, "county": "FRANKLIN", "severity": 22, "radius_m": 100.0, "share_of_state": 0.0004958305161144918}}, {"type": "Feature", "geometry": {"type": "Point", "coordinates": [-93.29595893268542, 41.68348902438268]}, "properties": {"state": "IA", "cluster_id": 276, "county": "JASPER", "severity": 22, "radius_m": 100.0, "share_of_state": 0.0004958305161144918}}, {"type": "Feature", "geometry": {"type": "Point", "coordinates": [-92.06257312890472, 42.541457301060284]}, "properties": {"state": "IA", "cluster_id": 311, "county": "BUCHANAN", "severity": 22, "radius_m": 100.0, "share_of_state": 0.0004958305161144918}}, {"type": "Feature", "geometry": {"type": "Point", "coordinates": [-95.82130147839968, 41.14587807249964]}, "properties": {"state": "IA", "cluster_id": 366, "county": "MILLS", "severity": 22, "radius_m": 777.4855387438448, "share_of_state": 0.0004958305161144918}}, {"type": "Feature", "geometry": {"type": "Point", "coordinates": [-92.96420015885423, 42.05286110314228]}, "properties": {"state": "IA", "cluster_id": 417, "county": "MARSHALL", "severity": 22, "radius_m": 937.3308258987014, "share_of_state": 0.0004958305161144918}}, {"type": "Feature", "geometry": {"type": "Point", "coordinates": [-91.27686856866355, 41.09014795170347]}, "properties": {"state": "IA", "cluster_id": 504, "county": "LOUISA", "severity": 22, "radius_m": 131.06778534615555, "share_of_state": 0.0004958305161144918}}, {"type": "Feature", "geometry": {"type": "Point", "coordinates": [-92.90772778202003, 43.119479112494666]}, "properties": {"state": "IA", "cluster_id": 547, "county": "FLOYD", "severity": 22, "radius_m": 291.7683907141774, "share_of_state": 0.0004958305161144918}}, {"type": "Feature", "geometry": {"type": "Point", "coordinates": [-91.89006366654475, 42.40296205199783]}, "properties": {"state": "IA", "cluster_id": 627, "county": "BUCHANAN", "severity": 22, "radius_m": 124.24564380132851, "share_of_state": 0.0004958305161144918}}, {"type": "Feature", "geometry": {"type": "Point", "coordinates": [-91.7499795495197, 42.4622081616498]}, "properties": {"state": "IA", "cluster_id": 630, "county": "BUCHANAN", "severity": 22, "radius_m": 174.93827717340676, "share_of_state": 0.0004958305161144918}}, {"type": "Feature", "geometry": {"type": "Point", "coordinates": [-91.3486954628789, 40.82729172224248]}, "properties": {"state": "IA", "cluster_id": 181, "county": "DES MOINES", "severity": 21, "radius_m": 202.55443175304467, "share_of_state": 0.00047329276538201487}}, {"type": "Feature", "geometry": {"type": "Point", "coordinates": [-92.72719224347239, 41.67565873769778]}, "properties": {"state": "IA", "cluster_id": 301, "county": "POWESHIEK", "severity": 21, "radius_m": 100.0, "share_of_state": 0.00047329276538201487}}, {"type": "Feature", "geometry": {"type": "Point", "coordinates": [-90.51599473706892, 41.53606245719767]}, "properties": {"state": "IA", "cluster_id": 314, "county": "SCOTT", "severity": 21, "radius_m": 892.2566786116649, "share_of_state": 0.00047329276538201487}}, {"type": "Feature", "geometry": {"type": "Point", "coordinates": [-91.81462883008264, 43.200835412502734]}, "properties": {"state": "IA", "cluster_id": 319, "county": "WINNESHIEK", "severity": 21, "radius_m": 100.0, "share_of_state": 0.00047329276538201487}}, {"type": "Feature", "geometry": {"type": "Point", "coordinates": [-91.8856805364173, 42.679588826374825]}, "properties": {"state": "IA", "cluster_id": 322, "county": "FAYETTE", "severity": 21, "radius_m": 831.8997737413493, "share_of_state": 0.00047329276538201487}}, {"type": "Feature", "geometry": {"type": "Point", "coordinates": [-92.61461320317304, 41.14416366479123]}, "properties": {"state": "IA", "cluster_id": 336, "county": "WAPELLO", "severity": 21, "radius_m": 100.0, "share_of_state": 0.00047329276538201487}}, {"type": "Feature", "geometry": {"type": "Point", "coordinates": [-91.87869891861904, 43.209161011383436]}, "properties": {"state": "IA", "cluster_id": 340, "county": "WINNESHIEK", "severity": 21, "radius_m": 804.1404842133003, "share_of_state": 0.00047329276538201487}}, {"type": "Feature", "geometry": {"type": "Point", "coordinates": [-91.87655838261944, 42.13561453539215]}, "properties": {"state": "IA", "cluster_id": 376, "county": "BENTON", "severity": 21, "radius_m": 201.64281059579187, "share_of_state": 0.00047329276538201487}}, {"type": "Feature", "geometry": {"type": "Point", "coordinates": [-96.5087896859289, 43.390260772623314]}, "properties": {"state": "IA", "cluster_id": 413, "county": "LYON", "severity": 21, "radius_m": 100.0, "share_of_state": 0.00047329276538201487}}, {"type": "Feature", "geometry": {"type": "Point", "coordinates": [-91.5635829165399, 40.76704989237963]}, "properties": {"state": "IA", "cluster_id": 426, "county": "LEE", "severity": 21, "radius_m": 308.06797675912753, "share_of_state": 0.00047329276538201487}}, {"type": "Feature", "geometry": {"type": "Point", "coordinates": [-93.29567883328046, 43.1334062072714]}, "properties": {"state": "IA", "cluster_id": 454, "county": "CERRO GORDO", "severity": 21, "radius_m": 947.1206779435955, "share_of_state": 0.00047329276538201487}}, {"type": "Feature", "geometry": {"type": "Point", "coordinates": [-92.32138843334495, 43.02169299001857]}, "properties": {"state": "IA", "cluster_id": 457, "county": "CHICKASAW", "severity": 21, "radius_m": 937.9453629808182, "share_of_state": 0.00047329276538201487}}, {"type": "Feature", "geometry": {"type": "Point", "coordinates": [-92.3441464161001, 42.541915099367216]}, "properties": {"state": "IA", "cluster_id": 460, "county": "BLACK HAWK", "severity": 21, "radius_m": 775.4474220269228, "share_of_state": 0.00047329276538201487}}, {"type": "Feature", "geometry": {"type": "Point", "coordinates": [-91.59773004212889, 42.069987536726366]}, "properties": {"state": "IA", "cluster_id": 571, "county": "LINN", "severity": 21, "radius_m": 388.57527206669045, "share_of_state": 0.00047329276538201487}}, {"type": "Feature", "geometry": {"type": "Point", "coordinates": [-92.93653738117024, 42.46222091415393]}, "properties": {"state": "IA", "cluster_id": 579, "county": "GRUNDY", "severity": 21, "radius_m": 177.37696122419854, "share_of_state": 0.00047329276538201487}}, {"type": "Feature", "geometry": {"type": "Point", "coordinates": [-90.1913434428476, 41.99340101130451]}, "properties": {"state": "IA", "cluster_id": 591, "county": "CLINTON", "severity": 21, "radius_m": 100.0, "share_of_state": 0.00047329276538201487}}, {"type": "Feature", "geometry": {"type": "Point", "coordinates": [-95.13403821213109, 41.4982903235037]}, "properties": {"state": "IA", "cluster_id": 642, "county": "CASS", "severity": 21, "radius_m": 100.0, "share_of_state": 0.00047329276538201487}}, {"type": "Feature", "geometry": {"type": "Point", "coordinates": [-90.6827403886218, 42.08139607582094]}, "properties": {"state": "IA", "cluster_id": 645, "county": "JACKSON", "severity": 21, "radius_m": 100.0, "share_of_state": 0.00047329276538201487}}, {"type": "Feature", "geometry": {"type": "Point", "coordinates": [-94.02291845385795, 42.10861835606431]}, "properties": {"state": "IA", "cluster_id": 655, "county": "BOONE", "severity": 21, "radius_m": 983.0990343633457, "share_of_state": 0.00047329276538201487}}, {"type": "Feature", "geometry": {"type": "Point", "coordinates": [-91.86978682256388, 43.120178378564525]}, "properties": {"state": "IA", "cluster_id": 657, "county": "WINNESHIEK", "severity": 21, "radius_m": 129.74031230550335, "share_of_state": 0.00047329276538201487}}, {"type": "Feature", "geometry": {"type": "Point", "coordinates": [-93.08451392557485, 42.28867091828838]}, "properties": {"state": "IA", "cluster_id": 141, "county": "HARDIN", "severity": 20, "radius_m": 100.0, "share_of_state": 0.000450755014649538}}, {"type": "Feature", "geometry": {"type": "Point", "coordinates": [-92.5932333676451, 42.464891345673166]}, "properties": {"state": "IA", "cluster_id": 187, "county": "GRUNDY", "severity": 20, "radius_m": 326.33238265164476, "share_of_state": 0.000450755014649538}}, {"type": "Feature", "geometry": {"type": "Point", "coordinates": [-96.23047509483767, 42.475203420917424]}, "properties": {"state": "IA", "cluster_id": 269, "county": "WOODBURY", "severity": 20, "radius_m": 100.0, "share_of_state": 0.000450755014649538}}, {"type": "Feature", "geometry": {"type": "Point", "coordinates": [-90.34912149380854, 41.64575496507322]}, "properties": {"state": "IA", "cluster_id": 318, "county": "SCOTT", "severity": 20, "radius_m": 375.98355927867834, "share_of_state": 0.000450755014649538}}, {"type": "Feature", "geometry": {"type": "Point", "coordinates": [-91.41078745560739, 42.81656278964428]}, "properties": {"state": "IA", "cluster_id": 334, "county": "CLAYTON", "severity": 20, "radius_m": 879.2921331001356, "share_of_state": 0.000450755014649538}}, {"type": "Feature", "geometry": {"type": "Point", "coordinates": [-93.81168625442447, 41.786943447341244]}, "properties": {"state": "IA", "cluster_id": 384, "county": "POLK", "severity": 20, "radius_m": 100.0, "share_of_state": 0.000450755014649538}}, {"type": "Feature", "geometry": {"type": "Point", "coordinates": [-93.36711545506842, 41.764968880186665]}, "properties": {"state": "IA", "cluster_id": 455, "county": "POLK", "severity": 20, "radius_m": 100.0, "share_of_state": 0.000450755014649538}}, {"type": "Feature", "geometry": {"type": "Point", "coordinates": [-90.81352070341669, 41.830365713438795]}, "properties": {"state": "IA", "cluster_id": 466, "county": "CLINTON", "severity": 20, "radius_m": 388.61926673752066, "share_of_state": 0.000450755014649538}}, {"type": "Feature", "geometry": {"type": "Point", "coordinates": [-96.32109047131617, 42.632781436635945]}, "properties": {"state": "IA", "cluster_id": 472, "county": "PLYMOUTH", "severity": 20, "radius_m": 129.254846966771, "share_of_state": 0.000450755014649538}}, {"type": "Feature", "geometry": {"type": "Point", "coordinates": [-92.25213534257742, 42.9650292307973]}, "properties": {"state": "IA", "cluster_id": 499, "county": "CHICKASAW", "severity": 20, "radius_m": 100.0, "share_of_state": 0.000450755014649538}}, {"type": "Feature", "geometry": {"type": "Point", "coordinates": [-92.09234501582407, 41.79706311278517]}, "properties": {"state": "IA", "cluster_id": 510, "county": "IOWA", "severity": 20, "radius_m": 217.30826761885976, "share_of_state": 0.000450755014649538}}, {"type": "Feature", "geometry": {"type": "Point", "coordinates": [-91.22983846949919, 42.08494378464839]}, "properties": {"state": "IA", "cluster_id": 511, "county": "JONES", "severity": 20, "radius_m": 198.15280734298122, "share_of_state": 0.000450755014649538}}, {"type": "Feature", "geometry": {"type": "Point", "coordinates": [-90.73257438737139, 42.46545250844398]}, "properties": {"state": "IA", "cluster_id": 531, "county": "DUBUQUE", "severity": 20, "radius_m": 946.918167727802, "share_of_state": 0.000450755014649538}}, {"type": "Feature", "geometry": {"type": "Point", "coordinates": [-91.35004833941855, 41.37185537415437]}, "properties": {"state": "IA", "cluster_id": 533, "county": "MUSCATINE", "severity": 20, "radius_m": 100.0, "share_of_state": 0.000450755014649538}}, {"type": "Feature", "geometry": {"type": "Point", "coordinates": [-92.49794176607979, 41.96392919663408]}, "properties": {"state": "IA", "cluster_id": 542, "county": "TAMA", "severity": 20, "radius_m": 190.54402179140084, "share_of_state": 0.000450755014649538}}, {"type": "Feature", "geometry": {"type": "Point", "coordinates": [-91.6706182831966, 41.927205554889404]}, "properties": {"state": "IA", "cluster_id": 545, "county": "LINN", "severity": 20, "radius_m": 937.2601803443413, "share_of_state": 0.000450755014649538}}, {"type": "Feature", "geometry": {"type": "Point", "coordinates": [-93.04707001978804, 43.14763620679467]}, "properties": {"state": "IA", "cluster_id": 568, "county": "CERRO GORDO", "severity": 20, "radius_m": 282.0083554270711, "share_of_state": 0.000450755014649538}}, {"type": "Feature", "geometry": {"type": "Point", "coordinates": [-91.48411692627292, 41.7072261659366]}, "properties": {"state": "IA", "cluster_id": 569, "county": "JOHNSON", "severity": 20, "radius_m": 100.0, "share_of_state": 0.000450755014649538}}, {"type": "Feature", "geometry": {"type": "Point", "coordinates": [-93.4001512716619, 42.74445203616726]}, "properties": {"state": "IA", "cluster_id": 602, "county": "FRANKLIN", "severity": 20, "radius_m": 786.7222562849889, "share_of_state": 0.000450755014649538}}, {"type": "Feature", "geometry": {"type": "Point", "coordinates": [-92.1829053408234, 41.80833044719786]}, "properties": {"state": "IA", "cluster_id": 622, "county": "IOWA", "severity": 20, "radius_m": 100.0, "share_of_state": 0.000450755014649538}}, {"type": "Feature", "geometry": {"type": "Point", "coordinates": [-91.46292400923237, 42.01488250512027]}, "properties": {"state": "IA", "cluster_id": 677, "county": "LINN", "severity": 20, "radius_m": 100.0, "share_of_state": 0.000450755014649538}}, {"type": "Feature", "geometry": {"type": "Point", "coordinates": [-91.42594657407751, 40.65729875755072]}, "properties": {"state": "IA", "cluster_id": 18, "county": "LEE", "severity": 19, "radius_m": 100.0, "share_of_state": 0.00042821726391706105}}, {"type": "Feature", "geometry": {"type": "Point", "coordinates": [-93.6416416397345, 41.030756061591624]}, "properties": {"state": "IA", "cluster_id": 69, "county": "CLARKE", "severity": 19, "radius_m": 187.40249854204444, "share_of_state": 0.00042821726391706105}}, {"type": "Feature", "geometry": {"type": "Point", "coordinates": [-93.15787097257828, 41.69557492472635]}, "properties": {"state": "IA", "cluster_id": 220, "county": "JASPER", "severity": 19, "radius_m": 100.0, "share_of_state": 0.00042821726391706105}}, {"type": "Feature", "geometry": {"type": "Point", "coordinates": [-93.20259000978419, 42.937623595349514]}, "properties": {"state": "IA", "cluster_id": 263, "county": "CERRO GORDO", "severity": 19, "radius_m": 108.44848397839871, "share_of_state": 0.00042821726391706105}}, {"type": "Feature", "geometry": {"type": "Point", "coordinates": [-92.70263931372806, 42.3504020712418]}, "properties": {"state": "IA", "cluster_id": 345, "county": "GRUNDY", "severity": 19, "radius_m": 125.98743298834609, "share_of_state": 0.00042821726391706105}}, {"type": "Feature", "geometry": {"type": "Point", "coordinates": [-92.65518798590442, 41.69574526527744]}, "properties": {"state": "IA", "cluster_id": 356, "county": "POWESHIEK", "severity": 19, "radius_m": 100.0, "share_of_state": 0.00042821726391706105}}, {"type": "Feature", "geometry": {"type": "Point", "coordinates": [-91.19241640447989, 41.65549630462499]}, "properties": {"state": "IA", "cluster_id": 396, "county": "CEDAR", "severity": 19, "radius_m": 186.87748591295025, "share_of_state": 0.00042821726391706105}}, {"type": "Feature", "geometry": {"type": "Point", "coordinates": [-93.50677624182023, 41.87764479145745]}, "properties": {"state": "IA", "cluster_id": 398, "county": "STORY", "severity": 19, "radius_m": 100.0, "share_of_state": 0.00042821726391706105}}, {"type": "Feature", "geometry": {"type": "Point", "coordinates": [-93.03922775043912, 41.66284992137057]}, "properties": {"state": "IA", "cluster_id": 409, "county": "JASPER", "severity": 19, "radius_m": 129.82503947743027, "share_of_state": 0.00042821726391706105}}, {"type": "Feature", "geometry": {"type": "Point", "coordinates": [-91.67716362313324, 42.095006600908675]}, "properties": {"state": "IA", "cluster_id": 416, "county": "LINN", "severity": 19, "radius_m": 240.65054759298002, "share_of_state": 0.00042821726391706105}}, {"type": "Feature", "geometry": {"type": "Point", "coordinates": [-93.27326989679334, 41.002709176400124]}, "properties": {"state": "IA", "cluster_id": 423, "county": "LUCAS", "severity": 19, "radius_m": 273.6644425531552, "share_of_state": 0.00042821726391706105}}, {"type": "Feature", "geometry": {"type": "Point", "coordinates": [-92.9107798310274, 41.16297703333921]}, "properties": {"state": "IA", "cluster_id": 443, "county": "MARION", "severity": 19, "radius_m": 802.1266124979808, "share_of_state": 0.00042821726391706105}}, {"type": "Feature", "geometry": {"type": "Point", "coordinates": [-93.8468152618339, 41.61528302316634]}, "properties": {"state": "IA", "cluster_id": 462, "county": "DALLAS", "severity": 19, "radius_m": 225.57416343511105, "share_of_state": 0.00042821726391706105}}, {"type": "Feature", "geometry": {"type": "Point", "coordinates": [-91.56470950219077, 40.69594991890963]}, "properties": {"state": "IA", "cluster_id": 494, "county": "LEE", "severity": 19, "radius_m": 100.0, "share_of_state": 0.00042821726391706105}}, {"type": "Feature", "geometry": {"type": "Point", "coordinates": [-91.83873936327954, 43.06311761787753]}, "properties": {"state": "IA", "cluster_id": 513, "county": "FAYETTE", "severity": 19, "radius_m": 152.99343707587485, "share_of_state": 0.00042821726391706105}}, {"type": "Feature", "geometry": {"type": "Point", "coordinates": [-92.03939437633119, 41.5828875866062]}, "properties": {"state": "IA", "cluster_id": 514, "county": "IOWA", "severity": 19, "radius_m": 103.63508262540127, "share_of_state": 0.00042821726391706105}}, {"type": "Feature", "geometry": {"type": "Point", "coordinates": [-96.00071394196738, 43.249079083283576]}, "properties": {"state": "IA", "cluster_id": 518, "county": "SIOUX", "severity": 19, "radius_m": 294.4164991021422, "share_of_state": 0.00042821726391706105}}, {"type": "Feature", "geometry": {"type": "Point", "coordinates": [-95.01325886511138, 42.33037752919079]}, "properties": {"state": "IA", "cluster_id": 521, "county": "SAC", "severity": 19, "radius_m": 100.0, "share_of_state": 0.00042821726391706105}}, {"type": "Feature", "geometry": {"type": "Point", "coordinates": [-94.83457066548515, 41.49710109914271]}, "properties": {"state": "IA", "cluster_id": 532, "county": "CASS", "severity": 19, "radius_m": 100.0, "share_of_state": 0.00042821726391706105}}, {"type": "Feature", "geometry": {"type": "Point", "coordinates": [-95.27963408528558, 41.49838194236322]}, "properties": {"state": "IA", "cluster_id": 536, "county": "POTTAWATTAMIE", "severity": 19, "radius_m": 104.8055636702323, "share_of_state": 0.00042821726391706105}}, {"type": "Feature", "geometry": {"type": "Point", "coordinates": [-90.67587216049348, 42.140426636866394]}, "properties": {"state": "IA", "cluster_id": 555, "county": "JACKSON", "severity": 19, "radius_m": 165.79577358323212, "share_of_state": 0.00042821726391706105}}, {"type": "Feature", "geometry": {"type": "Point", "coordinates": [-91.56250810227284, 40.66357368363011]}, "properties": {"state": "IA", "cluster_id": 570, "county": "LEE", "severity": 19, "radius_m": 198.46254208834657, "share_of_state": 0.00042821726391706105}}, {"type": "Feature", "geometry": {"type": "Point", "coordinates": [-92.06570276093446, 41.52643445082525]}, "properties": {"state": "IA", "cluster_id": 597, "county": "IOWA", "severity": 19, "radius_m": 138.72124416552174, "share_of_state": 0.00042821726391706105}}, {"type": "Feature", "geometry": {"type": "Point", "coordinates": [-91.29607425502914, 41.66447092138566]}, "properties": {"state": "IA", "cluster_id": 610, "county": "CEDAR", "severity": 19, "radius_m": 870.6288760836283, "share_of_state": 0.00042821726391706105}}, {"type": "Feature", "geometry": {"type": "Point", "coordinates": [-91.64714843335919, 42.615390954517686]}, "properties": {"state": "IA", "cluster_id": 619, "county": "BUCHANAN", "severity": 19, "radius_m": 100.0, "share_of_state": 0.00042821726391706105}}, {"type": "Feature", "geometry": {"type": "Point", "coordinates": [-93.26590191645819, 43.133898238717265]}, "properties": {"state": "IA", "cluster_id": 636, "county": "CERRO GORDO", "severity": 19, "radius_m": 381.95443920540947, "share_of_state": 0.00042821726391706105}}, {"type": "Feature", "geometry": {"type": "Point", "coordinates": [-91.24782726456725, 41.47992073267769]}, "properties": {"state": "IA", "cluster_id": 637, "county": "MUSCATINE", "severity": 19, "radius_m": 849.5268820640596, "share_of_state": 0.00042821726391706105}}, {"type": "Feature", "geometry": {"type": "Point", "coordinates": [-92.21393946121027, 41.8268506227188]}, "properties": {"state": "IA", "cluster_id": 661, "county": "IOWA", "severity": 19, "radius_m": 100.0, "share_of_state": 0.00042821726391706105}}, {"type": "Feature", "geometry": {"type": "Point", "coordinates": [-95.91437459731046, 41.51689744848446]}, "properties": {"state": "IA", "cluster_id": 667, "county": "HARRISON", "severity": 19, "radius_m": 100.0, "share_of_state": 0.00042821726391706105}}, {"type": "Feature", "geometry": {"type": "Point", "coordinates": [-92.01583343224729, 42.3356097072064]}, "properties": {"state": "IA", "cluster_id": 676, "county": "BUCHANAN", "severity": 19, "radius_m": 100.0, "share_of_state": 0.00042821726391706105}}, {"type": "Feature", "geometry": {"type": "Point", "coordinates": [-91.56201094800075, 40.6162690397651]}, "properties": {"state": "IA", "cluster_id": 5, "county": "LEE", "severity": 18, "radius_m": 314.60289363792907, "share_of_state": 0.00040567951318458417}}, {"type": "Feature", "geometry": {"type": "Point", "coordinates": [-91.93275904599584, 43.200103857599274]}, "properties": {"state": "IA", "cluster_id": 49, "county": "WINNESHIEK", "severity": 18, "radius_m": 259.6194638072946, "share_of_state": 0.00040567951318458417}}, {"type": "Feature", "geometry": {"type": "Point", "coordinates": [-93.1088029873103, 41.28673615435973]}, "properties": {"state": "IA", "cluster_id": 233, "county": "MARION", "severity": 18, "radius_m": 298.808161613465, "share_of_state": 0.00040567951318458417}}, {"type": "Feature", "geometry": {"type": "Point", "coordinates": [-95.86800293820119, 41.28816791232086]}, "properties": {"state": "IA", "cluster_id": 283, "county": "POTTAWATTAMIE", "severity": 18, "radius_m": 356.16705749648474, "share_of_state": 0.00040567951318458417}}, {"type": "Feature", "geometry": {"type": "Point", "coordinates": [-91.48723829977679, 41.63025776601202]}, "properties": {"state": "IA", "cluster_id": 303, "county": "JOHNSON", "severity": 18, "radius_m": 217.486818056225, "share_of_state": 0.00040567951318458417}}, {"type": "Feature", "geometry": {"type": "Point", "coordinates": [-95.14797871274567, 43.17215259931484]}, "properties": {"state": "IA", "cluster_id": 367, "county": "CLAY", "severity": 18, "radius_m": 100.0, "share_of_state": 0.00040567951318458417}}, {"type": "Feature", "geometry": {"type": "Point", "coordinates": [-93.07084150587198, 42.38363825081694]}, "properties": {"state": "IA", "cluster_id": 412, "county": "HARDIN", "severity": 18, "radius_m": 100.0, "share_of_state": 0.00040567951318458417}}, {"type": "Feature", "geometry": {"type": "Point", "coordinates": [-91.96449076010909, 42.714971270335845]}, "properties": {"state": "IA", "cluster_id": 448, "county": "FAYETTE", "severity": 18, "radius_m": 177.79272176834638, "share_of_state": 0.00040567951318458417}}, {"type": "Feature", "geometry": {"type": "Point", "coordinates": [-91.91680547359147, 41.79679272702163]}, "properties": {"state": "IA", "cluster_id": 482, "county": "IOWA", "severity": 18, "radius_m": 112.5823122096867, "share_of_state": 0.00040567951318458417}}, {"type": "Feature", "geometry": {"type": "Point", "coordinates": [-93.10847355231209, 41.6990900451769]}, "properties": {"state": "IA", "cluster_id": 487, "county": "JASPER", "severity": 18, "radius_m": 168.2869700236464, "share_of_state": 0.00040567951318458417}}, {"type": "Feature", "geometry": {"type": "Point", "coordinates": [-96.53858073834147, 42.85385170273489]}, "properties": {"state": "IA", "cluster_id": 489, "county": "PLYMOUTH", "severity": 18, "radius_m": 147.12478299606826, "share_of_state": 0.00040567951318458417}}, {"type": "Feature", "geometry": {"type": "Point", "coordinates": [-96.06893197358318, 41.81686836578725]}, "properties": {"state": "IA", "cluster_id": 496, "county": "HARRISON", "severity": 18, "radius_m": 100.0, "share_of_state": 0.00040567951318458417}}, {"type": "Feature", "geometry": {"type": "Point", "coordinates": [-93.558204894526, 41.34454072013102]}, "properties": {"state": "IA", "cluster_id": 519, "county": "WARREN", "severity": 18, "radius_m": 100.0, "share_of_state": 0.00040567951318458417}}, {"type": "Feature", "geometry": {"type": "Point", "coordinates": [-93.43147574706873, 42.70810461836382]}, "properties": {"state": "IA", "cluster_id": 538, "county": "FRANKLIN", "severity": 18, "radius_m": 100.0, "share_of_state": 0.00040567951318458417}}, {"type": "Feature", "geometry": {"type": "Point", "coordinates": [-94.26229064242423, 42.73186154986328]}, "properties": {"state": "IA", "cluster_id": 539, "county": "HUMBOLDT", "severity": 18, "radius_m": 384.0786862954451, "share_of_state": 0.00040567951318458417}}, {"type": "Feature", "geometry": {"type": "Point", "coordinates": [-94.75819367345781, 43.20348026116623]}, "properties": {"state": "IA", "cluster_id": 541, "county": "PALO ALTO", "severity": 18, "radius_m": 160.91898402088617, "share_of_state": 0.00040567951318458417}}, {"type": "Feature", "geometry": {"type": "Point", "coordinates": [-92.5804936650008, 41.010122330366194]}, "properties": {"state": "IA", "cluster_id": 552, "county": "WAPELLO", "severity": 18, "radius_m": 100.0, "share_of_state": 0.00040567951318458417}}, {"type": "Feature", "geometry": {"type": "Point", "coordinates": [-92.8855814883678, 42.463602110315534]}, "properties": {"state": "IA", "cluster_id": 553, "county": "GRUNDY", "severity": 18, "radius_m": 136.2931789554173, "share_of_state": 0.00040567951318458417}}, {"type": "Feature", "geometry": {"type": "Point", "coordinates": [-93.57073130269914, 41.78405748219988]}, "properties": {"state": "IA", "cluster_id": 554, "county": "POLK", "severity": 18, "radius_m": 125.57298796238057, "share_of_state": 0.00040567951318458417}}, {"type": "Feature", "geometry": {"type": "Point", "coordinates": [-92.47611633672246, 41.06289726408923]}, "properties": {"state": "IA", "cluster_id": 559, "county": "WAPELLO", "severity": 18, "radius_m": 195.47794532214738, "share_of_state": 0.00040567951318458417}}, {"type": "Feature", "geometry": {"type": "Point", "coordinates": [-92.47603626356802, 40.74026270143249]}, "properties": {"state": "IA", "cluster_id": 577, "county": "DAVIS", "severity": 18, "radius_m": 100.0, "share_of_state": 0.00040567951318458417}}, {"type": "Feature", "geometry": {"type": "Point", "coordinates": [-93.41704221009508, 41.371969367762134]}, "properties": {"state": "IA", "cluster_id": 593, "county": "WARREN", "severity": 18, "radius_m": 100.0, "share_of_state": 0.00040567951318458417}}, {"type": "Feature", "geometry": {"type": "Point", "coordinates": [-93.5004605762951, 41.275314337624046]}, "properties": {"state": "IA", "cluster_id": 601, "county": "WARREN", "severity": 18, "radius_m": 100.0, "share_of_state": 0.00040567951318458417}}, {"type": "Feature", "geometry": {"type": "Point", "coordinates": [-94.17497297018335, 42.44568144827697]}, "properties": {"state": "IA", "cluster_id": 608, "county": "WEBSTER", "severity": 18, "radius_m": 219.04687024674908, "share_of_state": 0.00040567951318458417}}, {"type": "Feature", "geometry": {"type": "Point", "coordinates": [-94.20054616522503, 41.323947953101396]}, "properties": {"state": "IA", "cluster_id": 625, "county": "MADISON", "severity": 18, "radius_m": 111.01909064624483, "share_of_state": 0.00040567951318458417}}, {"type": "Feature", "geometry": {"type": "Point", "coordinates": [-96.06151752835709, 42.92387664809719]}, "properties": {"state": "IA", "cluster_id": 634, "county": "SIOUX", "severity": 18, "radius_m": 1024.301248520609, "share_of_state": 0.00040567951318458417}}, {"type": "Feature", "geometry": {"type": "Point", "coordinates": [-93.83035419634962, 40.80474597684465]}, "properties": {"state": "IA", "cluster_id": 635, "county": "DECATUR", "severity": 18, "radius_m": 148.02766673910588, "share_of_state": 0.00040567951318458417}}, {"type": "Feature", "geometry": {"type": "Point", "coordinates": [-91.42651588035294, 40.8919070673388]}, "properties": {"state": "IA", "cluster_id": 643, "county": "HENRY", "severity": 18, "radius_m": 125.45646824106167, "share_of_state": 0.00040567951318458417}}, {"type": "Feature", "geometry": {"type": "Point", "coordinates": [-92.29711111924412, 42.50809133096803]}, "properties": {"state": "IA", "cluster_id": 647, "county": "BLACK HAWK", "severity": 18, "radius_m": 827.1027828387502, "share_of_state": 0.00040567951318458417}}, {"type": "Feature", "geometry": {"type": "Point", "coordinates": [-92.29867151392696, 43.24411939271388]}, "properties": {"state": "IA", "cluster_id": 658, "county": "HOWARD", "severity": 18, "radius_m": 100.0, "share_of_state": 0.00040567951318458417}}, {"type": "Feature", "geometry": {"type": "Point", "coordinates": [-91.38026350775898, 42.80781974324447]}, "properties": {"state": "IA", "cluster_id": 659, "county": "CLAYTON", "severity": 18, "radius_m": 100.0, "share_of_state": 0.00040567951318458417}}, {"type": "Feature", "geometry": {"type": "Point", "coordinates": [-91.0750368919357, 41.566390114445085]}, "properties": {"state": "IA", "cluster_id": 686, "county": "MUSCATINE", "severity": 18, "radius_m": 850.4805288426567, "share_of_state": 0.00040567951318458417}}, {"type": "Feature", "geometry": {"type": "Point", "coordinates": [-93.92183132155239, 41.35379608595859]}, "properties": {"state": "IA", "cluster_id": 692, "county": "MADISON", "severity": 18, "radius_m": 100.0, "share_of_state": 0.00040567951318458417}}, {"type": "Feature", "geometry": {"type": "Point", "coordinates": [-90.98653303633343, 41.63361282133513]}, "properties": {"state": "IA", "cluster_id": 694, "county": "CEDAR", "severity": 18, "radius_m": 100.0, "share_of_state": 0.00040567951318458417}}, {"type": "Feature", "geometry": {"type": "Point", "coordinates": [-94.78905732022695, 43.292002848059695]}, "properties": {"state": "IA", "cluster_id": 705, "county": "EMMET", "severity": 18, "radius_m": 100.0, "share_of_state": 0.00040567951318458417}}, {"type": "Feature", "geometry": {"type": "Point", "coordinates": [-91.92973177874056, 41.048515925212314]}, "properties": {"state": "IA", "cluster_id": 236, "county": "JEFFERSON", "severity": 17, "radius_m": 230.49502211325205, "share_of_state": 0.0003831417624521073}}, {"type": "Feature", "geometry": {"type": "Point", "coordinates": [-92.25437873422979, 42.8425201757134]}, "properties": {"state": "IA", "cluster_id": 337, "county": "BREMER", "severity": 17, "radius_m": 702.0048645893494, "share_of_state": 0.0003831417624521073}}, {"type": "Feature", "geometry": {"type": "Point", "coordinates": [-92.16870613359059, 41.69760019509755]}, "properties": {"state": "IA", "cluster_id": 382, "county": "IOWA", "severity": 17, "radius_m": 641.0672729532763, "share_of_state": 0.0003831417624521073}}, {"type": "Feature", "geometry": {"type": "Point", "coordinates": [-92.46567079847767, 42.205216003900205]}, "properties": {"state": "IA", "cluster_id": 405, "county": "TAMA", "severity": 17, "radius_m": 120.17361886969879, "share_of_state": 0.0003831417624521073}}, {"type": "Feature", "geometry": {"type": "Point", "coordinates": [-92.53440578540747, 42.74528205745762]}, "properties": {"state": "IA", "cluster_id": 477, "county": "BREMER", "severity": 17, "radius_m": 819.0740321839288, "share_of_state": 0.0003831417624521073}}, {"type": "Feature", "geometry": {"type": "Point", "coordinates": [-92.44491806742077, 42.4177634273678]}, "properties": {"state": "IA", "cluster_id": 486, "county": "BLACK HAWK", "severity": 17, "radius_m": 374.1507995167488, "share_of_state": 0.0003831417624521073}}, {"type": "Feature", "geometry": {"type": "Point", "coordinates": [-93.70223743363087, 41.54386524261661]}, "properties": {"state": "IA", "cluster_id": 488, "county": "POLK", "severity": 17, "radius_m": 778.9804486025519, "share_of_state": 0.0003831417624521073}}, {"type": "Feature", "geometry": {"type": "Point", "coordinates": [-93.77848058008857, 41.096962141678155]}, "properties": {"state": "IA", "cluster_id": 491, "county": "CLARKE", "severity": 17, "radius_m": 207.72321685501976, "share_of_state": 0.0003831417624521073}}, {"type": "Feature", "geometry": {"type": "Point", "coordinates": [-94.06332870269185, 41.83491057752525]}, "properties": {"state": "IA", "cluster_id": 502, "county": "DALLAS", "severity": 17, "radius_m": 270.9601327559712, "share_of_state": 0.0003831417624521073}}, {"type": "Feature", "geometry": {"type": "Point", "coordinates": [-93.86350747167641, 41.34932291675905]}, "properties": {"state": "IA", "cluster_id": 537, "county": "MADISON", "severity": 17, "radius_m": 100.0, "share_of_state": 0.0003831417624521073}}, {"type": "Feature", "geometry": {"type": "Point", "coordinates": [-91.1084012246901, 42.489002138809326]}, "properties": {"state": "IA", "cluster_id": 572, "county": "DUBUQUE", "severity": 17, "radius_m": 760.0593827860247, "share_of_state": 0.0003831417624521073}}, {"type": "Feature", "geometry": {"type": "Point", "coordinates": [-95.93438726159081, 43.186089172635064]}, "properties": {"state": "IA", "cluster_id": 583, "county": "SIOUX", "severity": 17, "radius_m": 132.71620599794295, "share_of_state": 0.0003831417624521073}}, {"type": "Feature", "geometry": {"type": "Point", "coordinates": [-90.98416552887116, 42.06771825195824]}, "properties": {"state": "IA", "cluster_id": 599, "county": "JONES", "severity": 17, "radius_m": 100.0, "share_of_state": 0.0003831417624521073}}, {"type": "Feature", "geometry": {"type": "Point", "coordinates": [-96.36363410739384, 42.41376597658744]}, "properties": {"state": "IA", "cluster_id": 603, "county": "WOODBURY", "severity": 17, "radius_m": 207.21106763462424, "share_of_state": 0.0003831417624521073}}, {"type": "Feature", "geometry": {"type": "Point", "coordinates": [-94.10096896619609, 42.36839430824329]}, "properties": {"state": "IA", "cluster_id": 623, "county": "WEBSTER", "severity": 17, "radius_m": 170.88889477443502, "share_of_state": 0.0003831417624521073}}, {"type": "Feature", "geometry": {"type": "Point", "coordinates": [-90.49065163792345, 41.68463067722965]}, "properties": {"state": "IA", "cluster_id": 628, "county": "SCOTT", "severity": 17, "radius_m": 100.0, "share_of_state": 0.0003831417624521073}}, {"type": "Feature", "geometry": {"type": "Point", "coordinates": [-91.1145741944891, 42.80909010503478]}, "properties": {"state": "IA", "cluster_id": 629, "county": "CLAYTON", "severity": 17, "radius_m": 784.5168826772765, "share_of_state": 0.0003831417624521073}}, {"type": "Feature", "geometry": {"type": "Point", "coordinates": [-91.55014424854942, 41.395346402380866]}, "properties": {"state": "IA", "cluster_id": 632, "county": "WASHINGTON", "severity": 17, "radius_m": 100.0, "share_of_state": 0.0003831417624521073}}, {"type": "Feature", "geometry": {"type": "Point", "coordinates": [-93.34977149107708, 42.83897079861839]}, "properties": {"state": "IA", "cluster_id": 641, "county": "FRANKLIN", "severity": 17, "radius_m": 180.65465447129515, "share_of_state": 0.0003831417624521073}}, {"type": "Feature", "geometry": {"type": "Point", "coordinates": [-92.00726049282312, 41.61703258878129]}, "properties": {"state": "IA", "cluster_id": 648, "county": "IOWA", "severity": 17, "radius_m": 102.35321248300846, "share_of_state": 0.0003831417624521073}}, {"type": "Feature", "geometry": {"type": "Point", "coordinates": [-93.2283034534287, 43.10649749493968]}, "properties": {"state": "IA", "cluster_id": 651, "county": "CERRO GORDO", "severity": 17, "radius_m": 826.5834821918481, "share_of_state": 0.0003831417624521073}}, {"type": "Feature", "geometry": {"type": "Point", "coordinates": [-91.8048998056649, 42.163761713599214]}, "properties": {"state": "IA", "cluster_id": 653, "county": "LINN", "severity": 17, "radius_m": 212.9803143385756, "share_of_state": 0.0003831417624521073}}, {"type": "Feature", "geometry": {"type": "Point", "coordinates": [-90.6904683438038, 42.31460004161348]}, "properties": {"state": "IA", "cluster_id": 671, "county": "DUBUQUE", "severity": 17, "radius_m": 100.0, "share_of_state": 0.0003831417624521073}}, {"type": "Feature", "geometry": {"type": "Point", "coordinates": [-91.26634045231864, 41.40866910434125]}, "properties": {"state": "IA", "cluster_id": 159, "county": "MUSCATINE", "severity": 16, "radius_m": 626.7872623339292, "share_of_state": 0.00036060401171963036}}, {"type": "Feature", "geometry": {"type": "Point", "coordinates": [-93.22176337551842, 42.76240011754503]}, "properties": {"state": "IA", "cluster_id": 333, "county": "FRANKLIN", "severity": 16, "radius_m": 180.9982391123787, "share_of_state": 0.00036060401171963036}}, {"type": "Feature", "geometry": {"type": "Point", "coordinates": [-91.27062972391938, 43.00930033716558]}, "properties": {"state": "IA", "cluster_id": 338, "county": "CLAYTON", "severity": 16, "radius_m": 179.33121185503086, "share_of_state": 0.00036060401171963036}}, {"type": "Feature", "geometry": {"type": "Point", "coordinates": [-95.70923124228815, 41.03073435214772]}, "properties": {"state": "IA", "cluster_id": 351, "county": "MILLS", "severity": 16, "radius_m": 678.3973048619603, "share_of_state": 0.00036060401171963036}}, {"type": "Feature", "geometry": {"type": "Point", "coordinates": [-91.86899266392732, 42.468786773196015]}, "properties": {"state": "IA", "cluster_id": 428, "county": "BUCHANAN", "severity": 16, "radius_m": 273.1069991431883, "share_of_state": 0.00036060401171963036}}, {"type": "Feature", "geometry": {"type": "Point", "coordinates": [-90.82685455115009, 42.63297003391013]}, "properties": {"state": "IA", "cluster_id": 444, "county": "DUBUQUE", "severity": 16, "radius_m": 201.08086144756393, "share_of_state": 0.00036060401171963036}}, {"type": "Feature", "geometry": {"type": "Point", "coordinates": [-90.94380095907228, 41.6015017691136]}, "properties": {"state": "IA", "cluster_id": 478, "county": "CEDAR", "severity": 16, "radius_m": 100.0, "share_of_state": 0.00036060401171963036}}, {"type": "Feature", "geometry": {"type": "Point", "coordinates": [-92.63355163228411, 43.14160195495073]}, "properties": {"state": "IA", "cluster_id": 479, "county": "FLOYD", "severity": 16, "radius_m": 100.15119723905677, "share_of_state": 0.00036060401171963036}}, {"type": "Feature", "geometry": {"type": "Point", "coordinates": [-93.64040812543425, 42.27975254706585]}, "properties": {"state": "IA", "cluster_id": 490, "county": "HAMILTON", "severity": 16, "radius_m": 252.36661933743446, "share_of_state": 0.00036060401171963036}}, {"type": "Feature", "geometry": {"type": "Point", "coordinates": [-92.33655156869159, 42.756766180359435]}, "properties": {"state": "IA", "cluster_id": 495, "county": "BREMER", "severity": 16, "radius_m": 232.24102496507516, "share_of_state": 0.00036060401171963036}}, {"type": "Feature", "geometry": {"type": "Point", "coordinates": [-92.16609530129263, 42.681701099852056]}, "properties": {"state": "IA", "cluster_id": 524, "county": "BREMER", "severity": 16, "radius_m": 246.68090379837184, "share_of_state": 0.00036060401171963036}}, {"type": "Feature", "geometry": {"type": "Point", "coordinates": [-93.35648064209397, 42.807450082195174]}, "properties": {"state": "IA", "cluster_id": 551, "county": "FRANKLIN", "severity": 16, "radius_m": 100.0, "share_of_state": 0.00036060401171963036}}, {"type": "Feature", "geometry": {"type": "Point", "coordinates": [-96.1611316614383, 42.824218336886915]}, "properties": {"state": "IA", "cluster_id": 566, "county": "PLYMOUTH", "severity": 16, "radius_m": 211.0982777526923, "share_of_state": 0.00036060401171963036}}, {"type": "Feature", "geometry": {"type": "Point", "coordinates": [-92.9913120705894, 43.14262109848163]}, "properties": {"state": "IA", "cluster_id": 567, "county": "FLOYD", "severity": 16, "radius_m": 100.0, "share_of_state": 0.00036060401171963036}}, {"type": "Feature", "geometry": {"type": "Point", "coordinates": [-91.20724987564688, 43.12551523207559]}, "properties": {"state": "IA", "cluster_id": 573, "county": "ALLAMAKEE", "severity": 16, "radius_m": 250.04471164052967, "share_of_state": 0.00036060401171963036}}, {"type": "Feature", "geometry": {"type": "Point", "coordinates": [-93.09418651328261, 41.0008813554756]}, "properties": {"state": "IA", "cluster_id": 575, "county": "MONROE", "severity": 16, "radius_m": 271.9128324598749, "share_of_state": 0.00036060401171963036}}, {"type": "Feature", "geometry": {"type": "Point", "coordinates": [-96.17654885214337, 42.99765625801273]}, "properties": {"state": "IA", "cluster_id": 578, "county": "SIOUX", "severity": 16, "radius_m": 555.7692544351991, "share_of_state": 0.00036060401171963036}}, {"type": "Feature", "geometry": {"type": "Point", "coordinates": [-91.19550053592778, 42.26639619190367]}, "properties": {"state": "IA", "cluster_id": 595, "county": "JONES", "severity": 16, "radius_m": 100.0, "share_of_state": 0.00036060401171963036}}, {"type": "Feature", "geometry": {"type": "Point", "coordinates": [-93.37335715236593, 42.78480120089414]}, "properties": {"state": "IA", "cluster_id": 600, "county": "FRANKLIN", "severity": 16, "radius_m": 100.0, "share_of_state": 0.00036060401171963036}}, {"type": "Feature", "geometry": {"type": "Point", "coordinates": [-95.67733069827312, 42.6032898077542]}, "properties": {"state": "IA", "cluster_id": 607, "county": "CHEROKEE", "severity": 16, "radius_m": 118.78370632313136, "share_of_state": 0.00036060401171963036}}, {"type": "Feature", "geometry": {"type": "Point", "coordinates": [-93.95446714346667, 41.574183830514365]}, "properties": {"state": "IA", "cluster_id": 614, "county": "DALLAS", "severity": 16, "radius_m": 100.0, "share_of_state": 0.00036060401171963036}}, {"type": "Feature", "geometry": {"type": "Point", "coordinates": [-91.25085220251091, 42.097961581450505]}, "properties": {"state": "IA", "cluster_id": 617, "county": "JONES", "severity": 16, "radius_m": 132.286950314592, "share_of_state": 0.00036060401171963036}}, {"type": "Feature", "geometry": {"type": "Point", "coordinates": [-94.01336540896102, 41.36043519549919]}, "properties": {"state": "IA", "cluster_id": 631, "county": "MADISON", "severity": 16, "radius_m": 100.0, "share_of_state": 0.00036060401171963036}}, {"type": "Feature", "geometry": {"type": "Point", "coordinates": [-93.76504077980795, 41.05234418528776]}, "properties": {"state": "IA", "cluster_id": 652, "county": "CLARKE", "severity": 16, "radius_m": 252.075703169254, "share_of_state": 0.00036060401171963036}}, {"type": "Feature", "geometry": {"type": "Point", "coordinates": [-91.70514452783813, 42.81873218832839]}, "properties": {"state": "IA", "cluster_id": 668, "county": "FAYETTE", "severity": 16, "radius_m": 100.0, "share_of_state": 0.00036060401171963036}}, {"type": "Feature", "geometry": {"type": "Point", "coordinates": [-91.39235706531278, 40.46347461919645]}, "properties": {"state": "IA", "cluster_id": 672, "county": "LEE", "severity": 16, "radius_m": 189.81607468463682, "share_of_state": 0.00036060401171963036}}, {"type": "Feature", "geometry": {"type": "Point", "coordinates": [-93.10077812497154, 41.44275623501569]}, "properties": {"state": "IA", "cluster_id": 674, "county": "MARION", "severity": 16, "radius_m": 197.45747115872655, "share_of_state": 0.00036060401171963036}}, {"type": "Feature", "geometry": {"type": "Point", "coordinates": [-90.44099957326162, 41.81538977148439]}, "properties": {"state": "IA", "cluster_id": 685, "county": "CLINTON", "severity": 16, "radius_m": 100.06486410856384, "share_of_state": 0.00036060401171963036}}, {"type": "Feature", "geometry": {"type": "Point", "coordinates": [-91.1610410220111, 41.31158751525889]}, "properties": {"state": "IA", "cluster_id": 689, "county": "LOUISA", "severity": 16, "radius_m": 111.06505945701063, "share_of_state": 0.00036060401171963036}}, {"type": "Feature", "geometry": {"type": "Point", "coordinates": [-91.24399407947443, 41.001367180599686]}, "properties": {"state": "IA", "cluster_id": 701, "county": "DES MOINES", "severity": 16, "radius_m": 151.16555714160688, "share_of_state": 0.00036060401171963036}}, {"type": "Feature", "geometry": {"type": "Point", "coordinates": [-94.97265002706612, 43.12787133456544]}, "properties": {"state": "IA", "cluster_id": 708, "county": "CLAY", "severity": 16, "radius_m": 730.0694969902678, "share_of_state": 0.00036060401171963036}}, {"type": "Feature", "geometry": {"type": "Point", "coordinates": [-91.10630651017647, 41.506670582556026]}, "properties": {"state": "IA", "cluster_id": 711, "county": "MUSCATINE", "severity": 16, "radius_m": 816.5367429968818, "share_of_state": 0.00036060401171963036}}, {"type": "Feature", "geometry": {"type": "Point", "coordinates": [-91.96809264128687, 41.02793134844261]}, "properties": {"state": "IA", "cluster_id": 29, "county": "JEFFERSON", "severity": 15, "radius_m": 131.20964633195942, "share_of_state": 0.0003380662609871535}}, {"type": "Feature", "geometry": {"type": "Point", "coordinates": [-91.41525501632609, 41.319413051728915]}, "properties": {"state": "IA", "cluster_id": 155, "county": "LOUISA", "severity": 15, "radius_m": 150.2625475971243, "share_of_state": 0.0003380662609871535}}, {"type": "Feature", "geometry": {"type": "Point", "coordinates": [-92.0773206393013, 42.61268114862346]}, "properties": {"state": "IA", "cluster_id": 194, "county": "BUCHANAN", "severity": 15, "radius_m": 145.86014406928604, "share_of_state": 0.0003380662609871535}}, {"type": "Feature", "geometry": {"type": "Point", "coordinates": [-92.53417639994203, 42.784881727225894]}, "properties": {"state": "IA", "cluster_id": 282, "county": "BREMER", "severity": 15, "radius_m": 100.0, "share_of_state": 0.0003380662609871535}}, {"type": "Feature", "geometry": {"type": "Point", "coordinates": [-91.54981073877349, 41.37671566166512]}, "properties": {"state": "IA", "cluster_id": 331, "county": "WASHINGTON", "severity": 15, "radius_m": 752.3064322614563, "share_of_state": 0.0003380662609871535}}, {"type": "Feature", "geometry": {"type": "Point", "coordinates": [-91.87287444895927, 42.16822157829911]}, "properties": {"state": "IA", "cluster_id": 369, "county": "BENTON", "severity": 15, "radius_m": 132.8835625412266, "share_of_state": 0.0003380662609871535}}, {"type": "Feature", "geometry": {"type": "Point", "coordinates": [-91.79201128264384, 43.31578428692638]}, "properties": {"state": "IA", "cluster_id": 464, "county": "WINNESHIEK", "severity": 15, "radius_m": 188.95569211724305, "share_of_state": 0.0003380662609871535}}, {"type": "Feature", "geometry": {"type": "Point", "coordinates": [-92.0038493489994, 43.309005389447165]}, "properties": {"state": "IA", "cluster_id": 475, "county": "WINNESHIEK", "severity": 15, "radius_m": 100.0, "share_of_state": 0.0003380662609871535}}, {"type": "Feature", "geometry": {"type": "Point", "coordinates": [-94.98460533655627, 41.3335193148052]}, "properties": {"state": "IA", "cluster_id": 485, "county": "CASS", "severity": 15, "radius_m": 312.4857138468427, "share_of_state": 0.0003380662609871535}}, {"type": "Feature", "geometry": {"type": "Point", "coordinates": [-90.57690043873033, 42.38776631198382]}, "properties": {"state": "IA", "cluster_id": 522, "county": "DUBUQUE", "severity": 15, "radius_m": 100.0, "share_of_state": 0.0003380662609871535}}, {"type": "Feature", "geometry": {"type": "Point", "coordinates": [-90.96039342273028, 42.073956546580966]}, "properties": {"state": "IA", "cluster_id": 526, "county": "JONES", "severity": 15, "radius_m": 168.73813022322025, "share_of_state": 0.0003380662609871535}}, {"type": "Feature", "geometry": {"type": "Point", "coordinates": [-92.0895765598139, 41.856354482114156]}, "properties": {"state": "IA", "cluster_id": 558, "county": "IOWA", "severity": 15, "radius_m": 100.0, "share_of_state": 0.0003380662609871535}}, {"type": "Feature", "geometry": {"type": "Point", "coordinates": [-91.54981071027746, 42.11474439504895]}, "properties": {"state": "IA", "cluster_id": 562, "county": "LINN", "severity": 15, "radius_m": 100.0, "share_of_state": 0.0003380662609871535}}, {"type": "Feature", "geometry": {"type": "Point", "coordinates": [-92.9554970695685, 40.73940769354952]}, "properties": {"state": "IA", "cluster_id": 563, "county": "APPANOOSE", "severity": 15, "radius_m": 100.0, "share_of_state": 0.0003380662609871535}}, {"type": "Feature", "geometry": {"type": "Point", "coordinates": [-93.78306709196688, 42.47142620698559]}, "properties": {"state": "IA", "cluster_id": 565, "county": "HAMILTON", "severity": 15, "radius_m": 299.5503015374662, "share_of_state": 0.0003380662609871535}}, {"type": "Feature", "geometry": {"type": "Point", "coordinates": [-92.6597382731794, 42.34086732800605]}, "properties": {"state": "IA", "cluster_id": 585, "county": "GRUNDY", "severity": 15, "radius_m": 130.0419245402159, "share_of_state": 0.0003380662609871535}}, {"type": "Feature", "geometry": {"type": "Point", "coordinates": [-93.17452725101217, 41.77948120626074]}, "properties": {"state": "IA", "cluster_id": 586, "county": "JASPER", "severity": 15, "radius_m": 100.0, "share_of_state": 0.0003380662609871535}}, {"type": "Feature", "geometry": {"type": "Point", "coordinates": [-92.20532822955757, 43.37097517408442]}, "properties": {"state": "IA", "cluster_id": 609, "county": "HOWARD", "severity": 15, "radius_m": 100.0, "share_of_state": 0.0003380662609871535}}, {"type": "Feature", "geometry": {"type": "Point", "coordinates": [-92.5914983428758, 42.332142261395674]}, "properties": {"state": "IA", "cluster_id": 615, "county": "GRUNDY", "severity": 15, "radius_m": 320.26820671985723, "share_of_state": 0.0003380662609871535}}, {"type": "Feature", "geometry": {"type": "Point", "coordinates": [-93.77990383381545, 41.32699577247114]}, "properties": {"state": "IA", "cluster_id": 633, "county": "WARREN", "severity": 15, "radius_m": 100.0, "share_of_state": 0.0003380662609871535}}, {"type": "Feature", "geometry": {"type": "Point", "coordinates": [-95.99871582059819, 43.33040943209998]}, "properties": {"state": "IA", "cluster_id": 638, "county": "LYON", "severity": 15, "radius_m": 100.0, "share_of_state": 0.0003380662609871535}}, {"type": "Feature", "geometry": {"type": "Point", "coordinates": [-92.72502355217573, 41.69649699155182]}, "properties": {"state": "IA", "cluster_id": 639, "county": "POWESHIEK", "severity": 15, "radius_m": 832.7770893038681, "share_of_state": 0.0003380662609871535}}, {"type": "Feature", "geometry": {"type": "Point", "coordinates": [-93.60823348835616, 41.64877507348327]}, "properties": {"state": "IA", "cluster_id": 640, "county": "POLK", "severity": 15, "radius_m": 965.0155727882731, "share_of_state": 0.0003380662609871535}}, {"type": "Feature", "geometry": {"type": "Point", "coordinates": [-91.56836990289149, 41.73039097321228]}, "properties": {"state": "IA", "cluster_id": 646, "county": "JOHNSON", "severity": 15, "radius_m": 671.0466265387699, "share_of_state": 0.0003380662609871535}}, {"type": "Feature", "geometry": {"type": "Point", "coordinates": [-91.44348233403964, 41.99929553230744]}, "properties": {"state": "IA", "cluster_id": 649, "county": "LINN", "severity": 15, "radius_m": 100.0, "share_of_state": 0.0003380662609871535}}, {"type": "Feature", "geometry": {"type": "Point", "coordinates": [-94.52414355856878, 42.44945756312395]}, "properties": {"state": "IA", "cluster_id": 650, "county": "CALHOUN", "severity": 15, "radius_m": 100.0, "share_of_state": 0.0003380662609871535}}, {"type": "Feature", "geometry": {"type": "Point", "coordinates": [-93.79681094726512, 40.97030152736584]}, "properties": {"state": "IA", "cluster_id": 654, "county": "CLARKE", "severity": 15, "radius_m": 315.589337570167, "share_of_state": 0.0003380662609871535}}, {"type": "Feature", "geometry": {"type": "Point", "coordinates": [-91.94347279331923, 41.68715002974011]}, "properties": {"state": "IA", "cluster_id": 656, "county": "IOWA", "severity": 15, "radius_m": 541.2878045767847, "share_of_state": 0.0003380662609871535}}, {"type": "Feature", "geometry": {"type": "Point", "coordinates": [-94.97535343374338, 40.980049412634195]}, "properties": {"state": "IA", "cluster_id": 664, "county": "MONTGOMERY", "severity": 15, "radius_m": 124.86904713570415, "share_of_state": 0.0003380662609871535}}, {"type": "Feature", "geometry": {"type": "Point", "coordinates": [-92.90438213467, 41.7048397779575]}, "properties": {"state": "IA", "cluster_id": 665, "county": "JASPER", "severity": 15, "radius_m": 218.89529034060786, "share_of_state": 0.0003380662609871535}}, {"type": "Feature", "geometry": {"type": "Point", "coordinates": [-94.94845574040896, 43.12663192184271]}, "properties": {"state": "IA", "cluster_id": 669, "county": "CLAY", "severity": 15, "radius_m": 100.0, "share_of_state": 0.0003380662609871535}}, {"type": "Feature", "geometry": {"type": "Point", "coordinates": [-96.05287818393816, 41.79484100269416]}, "properties": {"state": "IA", "cluster_id": 680, "county": "HARRISON", "severity": 15, "radius_m": 202.16648002121144, "share_of_state": 0.0003380662609871535}}, {"type": "Feature", "geometry": {"type": "Point", "coordinates": [-94.00573506838504, 41.34517731303892]}, "properties": {"state": "IA", "cluster_id": 681, "county": "MADISON", "severity": 15, "radius_m": 293.5448582229171, "share_of_state": 0.0003380662609871535}}, {"type": "Feature", "geometry": {"type": "Point", "coordinates": [-92.95057785237276, 41.33754692959813]}, "properties": {"state": "IA", "cluster_id": 682, "county": "MARION", "severity": 15, "radius_m": 775.5278052889892, "share_of_state": 0.0003380662609871535}}, {"type": "Feature", "geometry": {"type": "Point", "coordinates": [-92.71108351598701, 42.0933045021444]}, "properties": {"state": "IA", "cluster_id": 687, "county": "TAMA", "severity": 15, "radius_m": 160.45374440373652, "share_of_state": 0.0003380662609871535}}, {"type": "Feature", "geometry": {"type": "Point", "coordinates": [-94.56852124290747, 41.674047862730404]}, "properties": {"state": "IA", "cluster_id": 688, "county": "GUTHRIE", "severity": 15, "radius_m": 154.90312980666212, "share_of_state": 0.0003380662609871535}}, {"type": "Feature", "geometry": {"type": "Point", "coordinates": [-91.18277087424778, 41.445475129624135]}, "properties": {"state": "IA", "cluster_id": 690, "county": "MUSCATINE", "severity": 15, "radius_m": 111.82033208150851, "share_of_state": 0.0003380662609871535}}, {"type": "Feature", "geometry": {"type": "Point", "coordinates": [-90.20699785135116, 41.86818286190327]}, "properties": {"state": "IA", "cluster_id": 691, "county": "CLINTON", "severity": 15, "radius_m": 956.4638066286427, "share_of_state": 0.0003380662609871535}}, {"type": "Feature", "geometry": {"type": "Point", "coordinates": [-91.8812302866256, 41.804159395970956]}, "properties": {"state": "IA", "cluster_id": 695, "county": "IOWA", "severity": 15, "radius_m": 349.73808000607585, "share_of_state": 0.0003380662609871535}}, {"type": "Feature", "geometry": {"type": "Point", "coordinates": [-92.3344861279083, 42.80385352176632]}, "properties": {"state": "IA", "cluster_id": 696, "county": "BREMER", "severity": 15, "radius_m": 771.8682022993776, "share_of_state": 0.0003380662609871535}}, {"type": "Feature", "geometry": {"type": "Point", "coordinates": [-94.6560866228531, 41.852820510110405]}, "properties": {"state": "IA", "cluster_id": 699, "county": "GUTHRIE", "severity": 15, "radius_m": 183.9424262667554, "share_of_state": 0.0003380662609871535}}, {"type": "Feature", "geometry": {"type": "Point", "coordinates": [-91.28950374781435, 41.78730270287676]}, "properties": {"state": "IA", "cluster_id": 700, "county": "CEDAR", "severity": 15, "radius_m": 100.0, "share_of_state": 0.0003380662609871535}}, {"type": "Feature", "geometry": {"type": "Point", "coordinates": [-95.25106807850399, 43.14176307774877]}, "properties": {"state": "IA", "cluster_id": 702, "county": "CLAY", "severity": 15, "radius_m": 100.0, "share_of_state": 0.0003380662609871535}}, {"type": "Feature", "geometry": {"type": "Point", "coordinates": [-91.63951391146446, 41.77568330723204]}, "properties": {"state": "IA", "cluster_id": 703, "county": "JOHNSON", "severity": 15, "radius_m": 871.6310640377347, "share_of_state": 0.0003380662609871535}}, {"type": "Feature", "geometry": {"type": "Point", "coordinates": [-91.29666210786422, 41.58264838950261]}, "properties": {"state": "IA", "cluster_id": 706, "county": "MUSCATINE", "severity": 15, "radius_m": 100.0, "share_of_state": 0.0003380662609871535}}, {"type": "Feature", "geometry": {"type": "Point", "coordinates": [-91.35556586022248, 42.907789892477915]}, "properties": {"state": "IA", "cluster_id": 710, "county": "CLAYTON", "severity": 15, "radius_m": 100.0, "share_of_state": 0.0003380662609871535}}, {"type": "Feature", "geometry": {"type": "Point", "coordinates": [-90.73527428044068, 41.650834452031546]}, "properties": {"state": "IA", "cluster_id": 712, "county": "SCOTT", "severity": 15, "radius_m": 100.0, "share_of_state": 0.0003380662609871535}}, {"type": "Feature", "geometry": {"type": "Point", "coordinates": [-92.53961197859515, 43.06759973055189]}, "properties": {"state": "IA", "cluster_id": 713, "county": "CHICKASAW", "severity": 15, "radius_m": 214.94492860144567, "share_of_state": 0.0003380662609871535}}, {"type": "Feature", "geometry": {"type": "Point", "coordinates": [-91.8641454781692, 43.16551760233232]}, "properties": {"state": "IA", "cluster_id": 714, "county": "WINNESHIEK", "severity": 15, "radius_m": 100.0, "share_of_state": 0.0003380662609871535}}, {"type": "Feature", "geometry": {"type": "Point", "coordinates": [-90.88036895986951, 42.32905775743564]}, "properties": {"state": "IA", "cluster_id": 715, "county": "DUBUQUE", "severity": 15, "radius_m": 136.03569984303374, "share_of_state": 0.0003380662609871535}}, {"type": "Feature", "geometry": {"type": "Point", "coordinates": [-92.64055006807315, 41.20178878939948]}, "properties": {"state": "IA", "cluster_id": 716, "county": "MAHASKA", "severity": 15, "radius_m": 308.34848190723835, "share_of_state": 0.0003380662609871535}}, {"type": "Feature", "geometry": {"type": "Point", "coordinates": [-91.3229486527105, 41.17602461558476]}, "properties": {"state": "IA", "cluster_id": 719, "county": "LOUISA", "severity": 15, "radius_m": 100.0, "share_of_state": 0.0003380662609871535}}, {"type": "Feature", "geometry": {"type": "Point", "coordinates": [-96.33821670434746, 42.54733358962172]}, "properties": {"state": "IA", "cluster_id": 720, "county": "WOODBURY", "severity": 15, "radius_m": 736.2155753467665, "share_of_state": 0.0003380662609871535}}, {"type": "Feature", "geometry": {"type": "Point", "coordinates": [-91.87033372474879, 41.6872386319233]}, "properties": {"state": "IA", "cluster_id": 620, "county": "IOWA", "severity": 14, "radius_m": 363.3290427029591, "share_of_state": 0.0003155285102546766}}, {"type": "Feature", "geometry": {"type": "Point", "coordinates": [-91.80498438313482, 42.79443844331791]}, "properties": {"state": "IA", "cluster_id": 530, "county": "FAYETTE", "severity": 13, "radius_m": 100.0, "share_of_state": 0.00029299075952219966}}, {"type": "Feature", "geometry": {"type": "Point", "coordinates": [-93.8080724615933, 41.57594809203576]}, "properties": {"state": "IA", "cluster_id": 584, "county": "DALLAS", "severity": 13, "radius_m": 600.4141961943723, "share_of_state": 0.00029299075952219966}}, {"type": "Feature", "geometry": {"type": "Point", "coordinates": [-91.52897033222355, 40.588566018617094]}, "properties": {"state": "IA", "cluster_id": 621, "county": "LEE", "severity": 13, "radius_m": 575.0365298981491, "share_of_state": 0.00029299075952219966}}, {"type": "Feature", "geometry": {"type": "Point", "coordinates": [-90.67573202514217, 41.581451308273245]}, "properties": {"state": "IA", "cluster_id": 626, "county": "SCOTT", "severity": 13, "radius_m": 687.8887682327497, "share_of_state": 0.00029299075952219966}}, {"type": "Feature", "geometry": {"type": "Point", "coordinates": [-96.07871428706989, 42.9106887962784]}, "properties": {"state": "IA", "cluster_id": 660, "county": "PLYMOUTH", "severity": 13, "radius_m": 148.54451077086688, "share_of_state": 0.00029299075952219966}}, {"type": "Feature", "geometry": {"type": "Point", "coordinates": [-95.8009429979076, 41.234264676709365]}, "properties": {"state": "IA", "cluster_id": 684, "county": "POTTAWATTAMIE", "severity": 13, "radius_m": 629.8819924209648, "share_of_state": 0.00029299075952219966}}, {"type": "Feature", "geometry": {"type": "Point", "coordinates": [-92.26010840832645, 42.47722377835548]}, "properties": {"state": "IA", "cluster_id": 693, "county": "BLACK HAWK", "severity": 13, "radius_m": 277.96863086021835, "share_of_state": 0.00029299075952219966}}, {"type": "Feature", "geometry": {"type": "Point", "coordinates": [-93.78148026273344, 41.38571104551373]}, "properties": {"state": "IA", "cluster_id": 697, "county": "WARREN", "severity": 13, "radius_m": 826.1128374256473, "share_of_state": 0.00029299075952219966}}, {"type": "Feature", "geometry": {"type": "Point", "coordinates": [-93.80353356436284, 40.85537329424598]}, "properties": {"state": "IA", "cluster_id": 717, "county": "DECATUR", "severity": 13, "radius_m": 100.0, "share_of_state": 0.00029299075952219966}}, {"type": "Feature", "geometry": {"type": "Point", "coordinates": [-93.34371041591136, 43.092292051898845]}, "properties": {"state": "IA", "cluster_id": 718, "county": "CERRO GORDO", "severity": 13, "radius_m": 100.0, "share_of_state": 0.00029299075952219966}}, {"type": "Feature", "geometry": {"type": "Point", "coordinates": [-93.84115332012654, 41.34913373017838]}, "properties": {"state": "IA", "cluster_id": 508, "county": "MADISON", "severity": 12, "radius_m": 188.17265169405243, "share_of_state": 0.0002704530087897228}}, {"type": "Feature", "geometry": {"type": "Point", "coordinates": [-90.55997710815582, 41.5742459408922]}, "properties": {"state": "IA", "cluster_id": 594, "county": "SCOTT", "severity": 12, "radius_m": 662.4598887531195, "share_of_state": 0.0002704530087897228}}, {"type": "Feature", "geometry": {"type": "Point", "coordinates": [-94.15019547464811, 42.54414063475717]}, "properties": {"state": "IA", "cluster_id": 612, "county": "WEBSTER", "severity": 12, "radius_m": 509.5428359890083, "share_of_state": 0.0002704530087897228}}, {"type": "Feature", "geometry": {"type": "Point", "coordinates": [-91.98689820721249, 41.809790284150075]}, "properties": {"state": "IA", "cluster_id": 618, "county": "IOWA", "severity": 12, "radius_m": 144.090681914888, "share_of_state": 0.0002704530087897228}}, {"type": "Feature", "geometry": {"type": "Point", "coordinates": [-91.43412224790461, 40.67452715007547]}, "properties": {"state": "IA", "cluster_id": 704, "county": "LEE", "severity": 12, "radius_m": 196.45932510716653, "share_of_state": 0.0002704530087897228}}, {"type": "Feature", "geometry": {"type": "Point", "coordinates": [-92.40641491331168, 40.980102433782015]}, "properties": {"state": "IA", "cluster_id": 588, "county": "WAPELLO", "severity": 11, "radius_m": 980.9316683203325, "share_of_state": 0.0002479152580572459}}, {"type": "Feature", "geometry": {"type": "Point", "coordinates": [-93.30658658319717, 42.516643754167745]}, "properties": {"state": "IA", "cluster_id": 592, "county": "HARDIN", "severity": 11, "radius_m": 583.2698627259529, "share_of_state": 0.0002479152580572459}}, {"type": "Feature", "geometry": {"type": "Point", "coordinates": [-93.5585742360341, 41.319770678308195]}, "properties": {"state": "IA", "cluster_id": 644, "county": "WARREN", "severity": 11, "radius_m": 156.6355765339619, "share_of_state": 0.0002479152580572459}}, {"type": "Feature", "geometry": {"type": "Point", "coordinates": [-91.63845943950275, 41.78673002942081]}, "properties": {"state": "IA", "cluster_id": 663, "county": "JOHNSON", "severity": 10, "radius_m": 612.5704744191125, "share_of_state": 0.000225377507324769}}, {"type": "Feature", "geometry": {"type": "Point", "coordinates": [-91.38574660841803, 42.09403269670198]}, "properties": {"state": "IA", "cluster_id": 616, "county": "LINN", "severity": 9, "radius_m": 502.89183784854174, "share_of_state": 0.00020283975659229209}}, {"type": "Feature", "geometry": {"type": "Point", "coordinates": [-95.9084302409073, 43.059810127029806]}, "properties": {"state": "IA", "cluster_id": 624, "county": "SIOUX", "severity": 9, "radius_m": 639.605392473038, "share_of_state": 0.00020283975659229209}}, {"type": "Feature", "geometry": {"type": "Point", "coordinates": [-90.9845019533912, 42.31163614359854]}, "properties": {"state": "IA", "cluster_id": 670, "county": "DUBUQUE", "severity": 9, "radius_m": 101.97922509902199, "share_of_state": 0.00020283975659229209}}, {"type": "Feature", "geometry": {"type": "Point", "coordinates": [-91.48374230384373, 42.01992526276965]}, "properties": {"state": "IA", "cluster_id": 683, "county": "LINN", "severity": 9, "radius_m": 214.48275789686858, "share_of_state": 0.00020283975659229209}}, {"type": "Feature", "geometry": {"type": "Point", "coordinates": [-92.44106100200678, 42.52068156001638]}, "properties": {"state": "IA", "cluster_id": 698, "county": "BLACK HAWK", "severity": 9, "radius_m": 429.685289269974, "share_of_state": 0.00020283975659229209}}, {"type": "Feature", "geometry": {"type": "Point", "coordinates": [-91.10999343769316, 40.77899565445894]}, "properties": {"state": "IA", "cluster_id": 675, "county": "DES MOINES", "severity": 8, "radius_m": 540.8890979554844, "share_of_state": 0.00018030200585981518}}, {"type": "Feature", "geometry": {"type": "Point", "coordinates": [-92.63677464721569, 40.99656771028105]}, "properties": {"state": "IA", "cluster_id": 528, "county": "WAPELLO", "severity": 7, "radius_m": 236.0884046674813, "share_of_state": 0.0001577642551273383}}, {"type": "Feature", "geometry": {"type": "Point", "coordinates": [-93.35102459764323, 43.29847579931781]}, "properties": {"state": "IA", "cluster_id": 707, "county": "WORTH", "severity": 7, "radius_m": 486.8967595194965, "share_of_state": 0.0001577642551273383}}, {"type": "Feature", "geometry": {"type": "Point", "coordinates": [-93.77958335793342, 41.33793618594435]}, "properties": {"state": "IA", "cluster_id": 679, "county": "WARREN", "severity": 5, "radius_m": 382.03543593303203, "share_of_state": 0.0001126887536623845}}, {"type": "Feature", "geometry": {"type": "Point", "coordinates": [-93.57065832293043, 41.77130198092393]}, "properties": {"state": "IA", "cluster_id": 557, "county": "POLK", "severity": 2, "radius_m": 150.0, "share_of_state": 4.5075501464953795e-05}}, {"type": "Feature", "geometry": {"type": "Point", "coordinates": [-93.26054669464325, 43.17172232451219]}, "properties": {"state": "IA", "cluster_id": 662, "county": "CERRO GORDO", "severity": 2, "radius_m": 150.0, "share_of_state": 4.5075501464953795e-05}}, {"type": "Feature", "geometry": {"type": "Point", "coordinates": [-92.03220143564515, 42.341624005758376]}, "properties": {"state": "IA", "cluster_id": 709, "county": "BUCHANAN", "severity": 1, "radius_m": 150.0, "share_of_state": 2.2537750732476897e-05}}, {"type": "Feature", "geometry": {"type": "Point", "coordinates": [-88.23364701389036, 42.100127416122994]}, "properties": {"state": "IL", "cluster_id": 30, "county": "Cook", "severity": 1252, "radius_m": 3000.0, "share_of_state": 0.02037263037995281}}, {"type": "Feature", "geometry": {"type": "Point", "coordinates": [-90.18339147300263, 38.948172351704244]}, "properties": {"state": "IL", "cluster_id": 170, "county": "Madison", "severity": 1132, "radius_m": 3000.0, "share_of_state": 0.018419982100724108}}, {"type": "Feature", "geometry": {"type": "Point", "coordinates": [-89.5342721851897, 40.67148816149043]}, "properties": {"state": "IL", "cluster_id": 258, "county": "Tazewell", "severity": 1053, "radius_m": 3000.0, "share_of_state": 0.01713448865023188}}, {"type": "Feature", "geometry": {"type": "Point", "coordinates": [-89.65153243253701, 40.74483807878428]}, "properties": {"state": "IL", "cluster_id": 91, "county": "Peoria", "severity": 1040, "radius_m": 3000.0, "share_of_state": 0.016922951753315433}}, {"type": "Feature", "geometry": {"type": "Point", "coordinates": [-90.48837347974167, 41.45735376041583]}, "properties": {"state": "IL", "cluster_id": 18, "county": "Rock Island", "severity": 847, "radius_m": 3000.0, "share_of_state": 0.013782442437555935}}, {"type": "Feature", "geometry": {"type": "Point", "coordinates": [-89.97065600557656, 38.785710864855304]}, "properties": {"state": "IL", "cluster_id": 213, "county": "Madison", "severity": 730, "radius_m": 3000.0, "share_of_state": 0.011878610365307948}}, {"type": "Feature", "geometry": {"type": "Point", "coordinates": [-89.60694958906873, 39.74876611815808]}, "properties": {"state": "IL", "cluster_id": 2, "county": "Sangamon", "severity": 588, "radius_m": 3000.0, "share_of_state": 0.00956797656822065}}, {"type": "Feature", "geometry": {"type": "Point", "coordinates": [-88.62300601776738, 39.09633853821623]}, "properties": {"state": "IL", "cluster_id": 101, "county": "Effingham", "severity": 477, "radius_m": 3000.0, "share_of_state": 0.007761776909934098}}, {"type": "Feature", "geometry": {"type": "Point", "coordinates": [-87.72660377361952, 38.73447473973893]}, "properties": {"state": "IL", "cluster_id": 11, "county": "Lawrence", "severity": 473, "radius_m": 3000.0, "share_of_state": 0.007696688633959808}}, {"type": "Feature", "geometry": {"type": "Point", "coordinates": [-87.74057339795856, 41.55976048727948]}, "properties": {"state": "IL", "cluster_id": 97, "county": "Cook", "severity": 456, "radius_m": 3000.0, "share_of_state": 0.007420063461069075}}, {"type": "Feature", "geometry": {"type": "Point", "coordinates": [-89.08025620240743, 37.74949273631589]}, "properties": {"state": "IL", "cluster_id": 185, "county": "Williamson", "severity": 401, "radius_m": 3000.0, "share_of_state": 0.006525099666422586}}, {"type": "Feature", "geometry": {"type": "Point", "coordinates": [-89.52496197626408, 41.85259970393951]}, "properties": {"state": "IL", "cluster_id": 123, "county": "Lee", "severity": 380, "radius_m": 3000.0, "share_of_state": 0.006183386217557562}}, {"type": "Feature", "geometry": {"type": "Point", "coordinates": [-88.93402539490637, 38.004370896945304]}, "properties": {"state": "IL", "cluster_id": 22, "county": "Franklin", "severity": 354, "radius_m": 3000.0, "share_of_state": 0.005760312423724677}}, {"type": "Feature", "geometry": {"type": "Point", "coordinates": [-88.63203760644362, 37.737884502461654]}, "properties": {"state": "IL", "cluster_id": 35, "county": "Saline", "severity": 346, "radius_m": 3000.0, "share_of_state": 0.005630135871776096}}, {"type": "Feature", "geometry": {"type": "Point", "coordinates": [-89.2949272284162, 37.759996992088034]}, "properties": {"state": "IL", "cluster_id": 5, "county": "Jackson", "severity": 332, "radius_m": 3000.0, "share_of_state": 0.005402326905866081}}, {"type": "Feature", "geometry": {"type": "Point", "coordinates": [-88.21639266051213, 39.48338295665615]}, "properties": {"state": "IL", "cluster_id": 157, "county": "Coles", "severity": 330, "radius_m": 3000.0, "share_of_state": 0.005369782767878936}}, {"type": "Feature", "geometry": {"type": "Point", "coordinates": [-88.94184406253366, 38.30569421836586]}, "properties": {"state": "IL", "cluster_id": 327, "county": "Jefferson", "severity": 318, "radius_m": 3000.0, "share_of_state": 0.005174517939956065}}, {"type": "Feature", "geometry": {"type": "Point", "coordinates": [-89.39413620754638, 41.29452300965024]}, "properties": {"state": "IL", "cluster_id": 229, "county": "Bureau", "severity": 307, "radius_m": 3000.0, "share_of_state": 0.004995525181026767}}, {"type": "Feature", "geometry": {"type": "Point", "coordinates": [-90.36510651440297, 41.45390966412722]}, "properties": {"state": "IL", "cluster_id": 108, "county": "Henry", "severity": 299, "radius_m": 3000.0, "share_of_state": 0.004865348629078187}}, {"type": "Feature", "geometry": {"type": "Point", "coordinates": [-90.51778549874851, 40.92607713507065]}, "properties": {"state": "IL", "cluster_id": 272, "county": "Warren", "severity": 288, "radius_m": 3000.0, "share_of_state": 0.004686355870148889}}, {"type": "Feature", "geometry": {"type": "Point", "coordinates": [-89.69992527081845, 39.71416104910688]}, "properties": {"state": "IL", "cluster_id": 240, "county": "Sangamon", "severity": 274, "radius_m": 3000.0, "share_of_state": 0.004458546904238874}}, {"type": "Feature", "geometry": {"type": "Point", "coordinates": [-88.55359245353907, 40.064752748213586]}, "properties": {"state": "IL", "cluster_id": 441, "county": "Piatt", "severity": 274, "radius_m": 3000.0, "share_of_state": 0.004458546904238874}}, {"type": "Feature", "geometry": {"type": "Point", "coordinates": [-89.02619470474153, 39.82912285004673]}, "properties": {"state": "IL", "cluster_id": 278, "county": "Macon", "severity": 248, "radius_m": 3000.0, "share_of_state": 0.0040354731104059885}}, {"type": "Feature", "geometry": {"type": "Point", "coordinates": [-87.57041476829691, 41.466023941928775]}, "properties": {"state": "IL", "cluster_id": 128, "county": "Will", "severity": 242, "radius_m": 3000.0, "share_of_state": 0.003937840696444553}}, {"type": "Feature", "geometry": {"type": "Point", "coordinates": [-89.01464340078743, 38.52094014770686]}, "properties": {"state": "IL", "cluster_id": 26, "county": "Marion", "severity": 237, "radius_m": 3000.0, "share_of_state": 0.0038564803514766904}}, {"type": "Feature", "geometry": {"type": "Point", "coordinates": [-89.6856091618867, 39.82545619698438]}, "properties": {"state": "IL", "cluster_id": 215, "county": "Sangamon", "severity": 237, "radius_m": 3000.0, "share_of_state": 0.0038564803514766904}}, {"type": "Feature", "geometry": {"type": "Point", "coordinates": [-87.86295940348928, 41.68833050225918]}, "properties": {"state": "IL", "cluster_id": 107, "county": "Cook", "severity": 232, "radius_m": 3000.0, "share_of_state": 0.0037751200065088276}}, {"type": "Feature", "geometry": {"type": "Point", "coordinates": [-91.32356156546479, 39.915808071807085]}, "properties": {"state": "IL", "cluster_id": 61, "county": "Adams", "severity": 231, "radius_m": 3000.0, "share_of_state": 0.003758847937515255}}, {"type": "Feature", "geometry": {"type": "Point", "coordinates": [-91.00953921367459, 39.6999614344758]}, "properties": {"state": "IL", "cluster_id": 241, "county": "Pike", "severity": 231, "radius_m": 3000.0, "share_of_state": 0.003758847937515255}}, {"type": "Feature", "geometry": {"type": "Point", "coordinates": [-88.99750118461249, 37.81893373800333]}, "properties": {"state": "IL", "cluster_id": 243, "county": "Williamson", "severity": 231, "radius_m": 3000.0, "share_of_state": 0.003758847937515255}}, {"type": "Feature", "geometry": {"type": "Point", "coordinates": [-89.40965450122239, 40.13361830985071]}, "properties": {"state": "IL", "cluster_id": 324, "county": "Logan", "severity": 227, "radius_m": 3000.0, "share_of_state": 0.003693759661540965}}, {"type": "Feature", "geometry": {"type": "Point", "coordinates": [-90.70154811492458, 40.004329211040684]}, "properties": {"state": "IL", "cluster_id": 67, "county": "Brown", "severity": 223, "radius_m": 3000.0, "share_of_state": 0.003628671385566675}}, {"type": "Feature", "geometry": {"type": "Point", "coordinates": [-87.59234065830927, 41.53946293911376]}, "properties": {"state": "IL", "cluster_id": 406, "county": "Cook", "severity": 223, "radius_m": 3000.0, "share_of_state": 0.003628671385566675}}, {"type": "Feature", "geometry": {"type": "Point", "coordinates": [-88.59226283526056, 39.53519313871006]}, "properties": {"state": "IL", "cluster_id": 179, "county": "Moultrie", "severity": 221, "radius_m": 3000.0, "share_of_state": 0.0035961272475795295}}, {"type": "Feature", "geometry": {"type": "Point", "coordinates": [-87.880239079111, 41.83781143848915]}, "properties": {"state": "IL", "cluster_id": 14, "county": "Cook", "severity": 219, "radius_m": 3000.0, "share_of_state": 0.0035635831095923846}}, {"type": "Feature", "geometry": {"type": "Point", "coordinates": [-88.9632676200936, 38.59117377671307]}, "properties": {"state": "IL", "cluster_id": 29, "county": "Marion", "severity": 217, "radius_m": 3000.0, "share_of_state": 0.0035310389716052396}}, {"type": "Feature", "geometry": {"type": "Point", "coordinates": [-88.9703437926125, 40.142026212580944]}, "properties": {"state": "IL", "cluster_id": 218, "county": "DeWitt", "severity": 216, "radius_m": 3000.0, "share_of_state": 0.003514766902611667}}, {"type": "Feature", "geometry": {"type": "Point", "coordinates": [-89.37541759135834, 38.08147832865714]}, "properties": {"state": "IL", "cluster_id": 82, "county": "Perry", "severity": 214, "radius_m": 3000.0, "share_of_state": 0.003482222764624522}}, {"type": "Feature", "geometry": {"type": "Point", "coordinates": [-87.8261114682928, 39.00623721254363]}, "properties": {"state": "IL", "cluster_id": 316, "county": "Crawford", "severity": 208, "radius_m": 3000.0, "share_of_state": 0.003384590350663087}}, {"type": "Feature", "geometry": {"type": "Point", "coordinates": [-90.99098463621735, 40.41312564383385]}, "properties": {"state": "IL", "cluster_id": 41, "county": "Hancock", "severity": 207, "radius_m": 106.27523309857969, "share_of_state": 0.0033683182816695145}}, {"type": "Feature", "geometry": {"type": "Point", "coordinates": [-89.3238599089969, 42.0708947956271]}, "properties": {"state": "IL", "cluster_id": 122, "county": "Ogle", "severity": 206, "radius_m": 3000.0, "share_of_state": 0.0033520462126759415}}, {"type": "Feature", "geometry": {"type": "Point", "coordinates": [-88.17766376044169, 42.24860134910563]}, "properties": {"state": "IL", "cluster_id": 88, "county": "Lake", "severity": 202, "radius_m": 3000.0, "share_of_state": 0.0032869579367016516}}, {"type": "Feature", "geometry": {"type": "Point", "coordinates": [-88.97693850696609, 39.89175993551827]}, "properties": {"state": "IL", "cluster_id": 422, "county": "Macon", "severity": 199, "radius_m": 3000.0, "share_of_state": 0.0032381417297209342}}, {"type": "Feature", "geometry": {"type": "Point", "coordinates": [-89.75315885085216, 39.076492563772355]}, "properties": {"state": "IL", "cluster_id": 175, "county": "Macoupin", "severity": 198, "radius_m": 3000.0, "share_of_state": 0.0032218696607273613}}, {"type": "Feature", "geometry": {"type": "Point", "coordinates": [-88.46131803064553, 41.81455034195297]}, "properties": {"state": "IL", "cluster_id": 158, "county": "Kane", "severity": 197, "radius_m": 3000.0, "share_of_state": 0.003205597591733789}}, {"type": "Feature", "geometry": {"type": "Point", "coordinates": [-88.80340782135295, 41.36656059720273]}, "properties": {"state": "IL", "cluster_id": 165, "county": "LaSalle", "severity": 196, "radius_m": 3000.0, "share_of_state": 0.0031893255227402164}}, {"type": "Feature", "geometry": {"type": "Point", "coordinates": [-88.13980930604899, 39.440595715033815]}, "properties": {"state": "IL", "cluster_id": 262, "county": "Coles", "severity": 196, "radius_m": 287.0929959957288, "share_of_state": 0.0031893255227402164}}, {"type": "Feature", "geometry": {"type": "Point", "coordinates": [-88.86121853431489, 39.40464749188489]}, "properties": {"state": "IL", "cluster_id": 221, "county": "Shelby", "severity": 195, "radius_m": 3000.0, "share_of_state": 0.003173053453746644}}, {"type": "Feature", "geometry": {"type": "Point", "coordinates": [-89.31408025068596, 41.25084441663706]}, "properties": {"state": "IL", "cluster_id": 23, "county": "Putnam", "severity": 189, "radius_m": 2958.722217094551, "share_of_state": 0.0030754210397852086}}, {"type": "Feature", "geometry": {"type": "Point", "coordinates": [-88.54664105776921, 39.00648084455665]}, "properties": {"state": "IL", "cluster_id": 104, "county": "Effingham", "severity": 176, "radius_m": 3000.0, "share_of_state": 0.0028638841428687656}}, {"type": "Feature", "geometry": {"type": "Point", "coordinates": [-89.76652457323367, 40.56214773267533]}, "properties": {"state": "IL", "cluster_id": 164, "county": "Peoria", "severity": 174, "radius_m": 202.105289283235, "share_of_state": 0.0028313400048816206}}, {"type": "Feature", "geometry": {"type": "Point", "coordinates": [-90.02516099630306, 38.61020380795539]}, "properties": {"state": "IL", "cluster_id": 105, "county": "St. Clair", "severity": 173, "radius_m": 3000.0, "share_of_state": 0.002815067935888048}}, {"type": "Feature", "geometry": {"type": "Point", "coordinates": [-88.3356577505236, 41.33907346176891]}, "properties": {"state": "IL", "cluster_id": 203, "county": "Grundy", "severity": 172, "radius_m": 3000.0, "share_of_state": 0.0027987958668944757}}, {"type": "Feature", "geometry": {"type": "Point", "coordinates": [-89.8537275717529, 37.94508054126091]}, "properties": {"state": "IL", "cluster_id": 57, "county": "Randolph", "severity": 171, "radius_m": 276.0587616062562, "share_of_state": 0.002782523797900903}}, {"type": "Feature", "geometry": {"type": "Point", "coordinates": [-87.6850754502511, 38.910548265178996]}, "properties": {"state": "IL", "cluster_id": 318, "county": "Crawford", "severity": 168, "radius_m": 290.8150245097499, "share_of_state": 0.0027337075909201853}}, {"type": "Feature", "geometry": {"type": "Point", "coordinates": [-87.83778694748509, 41.92633771731713]}, "properties": {"state": "IL", "cluster_id": 147, "county": "Cook", "severity": 165, "radius_m": 3000.0, "share_of_state": 0.002684891383939468}}, {"type": "Feature", "geometry": {"type": "Point", "coordinates": [-88.28414105231829, 42.28788733324521]}, "properties": {"state": "IL", "cluster_id": 563, "county": "McHenry", "severity": 164, "radius_m": 3000.0, "share_of_state": 0.0026686193149458954}}, {"type": "Feature", "geometry": {"type": "Point", "coordinates": [-88.25462757829588, 39.21367624951951]}, "properties": {"state": "IL", "cluster_id": 87, "county": "Cumberland", "severity": 163, "radius_m": 3000.0, "share_of_state": 0.002652347245952323}}, {"type": "Feature", "geometry": {"type": "Point", "coordinates": [-90.5366683255851, 40.080328914399665]}, "properties": {"state": "IL", "cluster_id": 48, "county": "Schuyler", "severity": 162, "radius_m": 303.3048631387362, "share_of_state": 0.0026360751769587505}}, {"type": "Feature", "geometry": {"type": "Point", "coordinates": [-88.88213808273876, 39.79963631894757]}, "properties": {"state": "IL", "cluster_id": 313, "county": "Macon", "severity": 160, "radius_m": 2385.9953822665025, "share_of_state": 0.002603531038971605}}, {"type": "Feature", "geometry": {"type": "Point", "coordinates": [-90.17230018333579, 38.4186428156134]}, "properties": {"state": "IL", "cluster_id": 463, "county": "Monroe", "severity": 159, "radius_m": 3000.0, "share_of_state": 0.0025872589699780326}}, {"type": "Feature", "geometry": {"type": "Point", "coordinates": [-88.94425954065348, 37.764028605276835]}, "properties": {"state": "IL", "cluster_id": 369, "county": "Williamson", "severity": 155, "radius_m": 3000.0, "share_of_state": 0.0025221706940037427}}, {"type": "Feature", "geometry": {"type": "Point", "coordinates": [-89.2171514049074, 41.332827630894215]}, "properties": {"state": "IL", "cluster_id": 413, "county": "Bureau", "severity": 154, "radius_m": 3000.0, "share_of_state": 0.0025058986250101702}}, {"type": "Feature", "geometry": {"type": "Point", "coordinates": [-87.7891393636706, 41.633999953429196]}, "properties": {"state": "IL", "cluster_id": 227, "county": "Cook", "severity": 153, "radius_m": 2324.7949376246206, "share_of_state": 0.0024896265560165973}}, {"type": "Feature", "geometry": {"type": "Point", "coordinates": [-89.28100060395431, 41.674466695380964]}, "properties": {"state": "IL", "cluster_id": 197, "county": "Lee", "severity": 152, "radius_m": 241.45541321239648, "share_of_state": 0.002473354487023025}}, {"type": "Feature", "geometry": {"type": "Point", "coordinates": [-87.85305724629669, 41.091294480911706]}, "properties": {"state": "IL", "cluster_id": 531, "county": "Kankakee", "severity": 151, "radius_m": 2925.0318247291916, "share_of_state": 0.0024570824180294524}}, {"type": "Feature", "geometry": {"type": "Point", "coordinates": [-88.15204302817088, 39.26141229863197]}, "properties": {"state": "IL", "cluster_id": 89, "county": "Cumberland", "severity": 149, "radius_m": 3000.0, "share_of_state": 0.0024245382800423074}}, {"type": "Feature", "geometry": {"type": "Point", "coordinates": [-88.40134035934517, 41.7838925677909]}, "properties": {"state": "IL", "cluster_id": 210, "county": "Kane", "severity": 146, "radius_m": 2501.455559748546, "share_of_state": 0.0023757220730615896}}, {"type": "Feature", "geometry": {"type": "Point", "coordinates": [-90.27191556326238, 39.67799583709172]}, "properties": {"state": "IL", "cluster_id": 358, "county": "Morgan", "severity": 146, "radius_m": 3000.0, "share_of_state": 0.0023757220730615896}}, {"type": "Feature", "geometry": {"type": "Point", "coordinates": [-89.00209156460593, 38.97490510470733]}, "properties": {"state": "IL", "cluster_id": 7, "county": "Fayette", "severity": 136, "radius_m": 3000.0, "share_of_state": 0.0022130013831258644}}, {"type": "Feature", "geometry": {"type": "Point", "coordinates": [-89.92272738425883, 40.51350404258375]}, "properties": {"state": "IL", "cluster_id": 79, "county": "Fulton", "severity": 135, "radius_m": 3000.0, "share_of_state": 0.002196729314132292}}, {"type": "Feature", "geometry": {"type": "Point", "coordinates": [-91.21233779962847, 40.15503057304314]}, "properties": {"state": "IL", "cluster_id": 524, "county": "Adams", "severity": 134, "radius_m": 170.69316325121545, "share_of_state": 0.0021804572451387194}}, {"type": "Feature", "geometry": {"type": "Point", "coordinates": [-89.25074770067974, 38.06580485173512]}, "properties": {"state": "IL", "cluster_id": 265, "county": "Perry", "severity": 132, "radius_m": 3000.0, "share_of_state": 0.0021479131071515745}}, {"type": "Feature", "geometry": {"type": "Point", "coordinates": [-89.60356962816377, 39.88833679707718]}, "properties": {"state": "IL", "cluster_id": 303, "county": "Sangamon", "severity": 131, "radius_m": 3000.0, "share_of_state": 0.0021316410381580016}}, {"type": "Feature", "geometry": {"type": "Point", "coordinates": [-90.06961642162831, 38.55982106989506]}, "properties": {"state": "IL", "cluster_id": 431, "county": "St. Clair", "severity": 130, "radius_m": 2877.5560921608017, "share_of_state": 0.002115368969164429}}, {"type": "Feature", "geometry": {"type": "Point", "coordinates": [-89.23558716097986, 40.614045153300076]}, "properties": {"state": "IL", "cluster_id": 651, "county": "Woodford", "severity": 130, "radius_m": 3000.0, "share_of_state": 0.002115368969164429}}, {"type": "Feature", "geometry": {"type": "Point", "coordinates": [-87.92937754431655, 42.354904508268845]}, "properties": {"state": "IL", "cluster_id": 156, "county": "Lake", "severity": 129, "radius_m": 2076.389509541542, "share_of_state": 0.0020990969001708566}}, {"type": "Feature", "geometry": {"type": "Point", "coordinates": [-88.70070660063598, 39.62849134963169]}, "properties": {"state": "IL", "cluster_id": 223, "county": "Moultrie", "severity": 128, "radius_m": 371.1096606264575, "share_of_state": 0.002082824831177284}}, {"type": "Feature", "geometry": {"type": "Point", "coordinates": [-88.68796816219366, 37.17691267490986]}, "properties": {"state": "IL", "cluster_id": 151, "county": "Massac", "severity": 127, "radius_m": 3000.0, "share_of_state": 0.0020665527621837117}}, {"type": "Feature", "geometry": {"type": "Point", "coordinates": [-88.40127234633401, 40.19895925543364]}, "properties": {"state": "IL", "cluster_id": 103, "county": "Champaign", "severity": 126, "radius_m": 281.1282724368766, "share_of_state": 0.002050280693190139}}, {"type": "Feature", "geometry": {"type": "Point", "coordinates": [-90.02345448401236, 40.61541768784273]}, "properties": {"state": "IL", "cluster_id": 66, "county": "Fulton", "severity": 125, "radius_m": 247.19517471571456, "share_of_state": 0.0020340086241965667}}, {"type": "Feature", "geometry": {"type": "Point", "coordinates": [-87.8614736693095, 42.01077902642317]}, "properties": {"state": "IL", "cluster_id": 490, "county": "Cook", "severity": 125, "radius_m": 3000.0, "share_of_state": 0.0020340086241965667}}, {"type": "Feature", "geometry": {"type": "Point", "coordinates": [-89.1072976604065, 41.30430874279535]}, "properties": {"state": "IL", "cluster_id": 46, "county": "LaSalle", "severity": 123, "radius_m": 3000.0, "share_of_state": 0.0020014644862094214}}, {"type": "Feature", "geometry": {"type": "Point", "coordinates": [-89.64206023478177, 38.11434871237808]}, "properties": {"state": "IL", "cluster_id": 62, "county": "Randolph", "severity": 121, "radius_m": 3000.0, "share_of_state": 0.0019689203482222764}}, {"type": "Feature", "geometry": {"type": "Point", "coordinates": [-89.15632768143163, 42.25479940739298]}, "properties": {"state": "IL", "cluster_id": 192, "county": "Winnebago", "severity": 120, "radius_m": 3000.0, "share_of_state": 0.001952648279228704}}, {"type": "Feature", "geometry": {"type": "Point", "coordinates": [-88.53283110197526, 39.581161586037496]}, "properties": {"state": "IL", "cluster_id": 328, "county": "Moultrie", "severity": 120, "radius_m": 318.351634197813, "share_of_state": 0.001952648279228704}}, {"type": "Feature", "geometry": {"type": "Point", "coordinates": [-90.6645128720041, 41.43932520613514]}, "properties": {"state": "IL", "cluster_id": 117, "county": "Rock Island", "severity": 118, "radius_m": 3000.0, "share_of_state": 0.0019201041412415588}}, {"type": "Feature", "geometry": {"type": "Point", "coordinates": [-90.01792665097457, 40.42564785452124]}, "properties": {"state": "IL", "cluster_id": 495, "county": "Fulton", "severity": 117, "radius_m": 3000.0, "share_of_state": 0.0019038320722479863}}, {"type": "Feature", "geometry": {"type": "Point", "coordinates": [-88.8475243489539, 40.17928976422016]}, "properties": {"state": "IL", "cluster_id": 201, "county": "DeWitt", "severity": 116, "radius_m": 215.2198340764516, "share_of_state": 0.0018875600032544138}}, {"type": "Feature", "geometry": {"type": "Point", "coordinates": [-88.51154167562295, 39.148611953302]}, "properties": {"state": "IL", "cluster_id": 132, "county": "Effingham", "severity": 115, "radius_m": 2655.0415113170707, "share_of_state": 0.0018712879342608413}}, {"type": "Feature", "geometry": {"type": "Point", "coordinates": [-88.22003842197266, 38.064141205536224]}, "properties": {"state": "IL", "cluster_id": 152, "county": "White", "severity": 115, "radius_m": 264.65215695232547, "share_of_state": 0.0018712879342608413}}, {"type": "Feature", "geometry": {"type": "Point", "coordinates": [-87.70333644638846, 40.128422237433426]}, "properties": {"state": "IL", "cluster_id": 1026, "county": "Vermilion", "severity": 112, "radius_m": 2694.453292432117, "share_of_state": 0.0018224717272801237}}, {"type": "Feature", "geometry": {"type": "Point", "coordinates": [-88.17737275368874, 41.529934403955124]}, "properties": {"state": "IL", "cluster_id": 536, "county": "Will", "severity": 110, "radius_m": 2409.8947305958736, "share_of_state": 0.0017899275892929785}}, {"type": "Feature", "geometry": {"type": "Point", "coordinates": [-88.17104521435618, 42.349975843083676]}, "properties": {"state": "IL", "cluster_id": 83, "county": "Lake", "severity": 108, "radius_m": 3000.0, "share_of_state": 0.0017573834513058336}}, {"type": "Feature", "geometry": {"type": "Point", "coordinates": [-88.73994371389252, 39.18705748012862]}, "properties": {"state": "IL", "cluster_id": 120, "county": "Effingham", "severity": 108, "radius_m": 100.0, "share_of_state": 0.0017573834513058336}}, {"type": "Feature", "geometry": {"type": "Point", "coordinates": [-88.11020228617465, 39.50914754803191]}, "properties": {"state": "IL", "cluster_id": 186, "county": "Coles", "severity": 106, "radius_m": 100.0, "share_of_state": 0.0017248393133186884}}, {"type": "Feature", "geometry": {"type": "Point", "coordinates": [-88.97177141169131, 39.81557196550738]}, "properties": {"state": "IL", "cluster_id": 456, "county": "Macon", "severity": 106, "radius_m": 2971.8058063049593, "share_of_state": 0.0017248393133186884}}, {"type": "Feature", "geometry": {"type": "Point", "coordinates": [-88.25712433067345, 41.805696052623595]}, "properties": {"state": "IL", "cluster_id": 546, "county": "DuPage", "severity": 106, "radius_m": 2666.903999593242, "share_of_state": 0.0017248393133186884}}, {"type": "Feature", "geometry": {"type": "Point", "coordinates": [-89.0, 40.0]}, "properties": {"state": "IL", "cluster_id": 725, "county": "Peoria", "severity": 106, "radius_m": 150.0, "share_of_state": 0.0017248393133186884}}, {"type": "Feature", "geometry": {"type": "Point", "coordinates": [-90.88772985486905, 40.927860045047524]}, "properties": {"state": "IL", "cluster_id": 142, "county": "Henderson", "severity": 105, "radius_m": 379.12744420230337, "share_of_state": 0.001708567244325116}}, {"type": "Feature", "geometry": {"type": "Point", "coordinates": [-89.22960384984339, 37.67055819010003]}, "properties": {"state": "IL", "cluster_id": 404, "county": "Jackson", "severity": 105, "radius_m": 371.4886182739202, "share_of_state": 0.001708567244325116}}, {"type": "Feature", "geometry": {"type": "Point", "coordinates": [-89.8124921728525, 40.80232861590221]}, "properties": {"state": "IL", "cluster_id": 145, "county": "Peoria", "severity": 104, "radius_m": 3000.0, "share_of_state": 0.0016922951753315435}}, {"type": "Feature", "geometry": {"type": "Point", "coordinates": [-88.58299530721813, 42.37654640720985]}, "properties": {"state": "IL", "cluster_id": 237, "county": "McHenry", "severity": 102, "radius_m": 160.88580209476663, "share_of_state": 0.0016597510373443983}}, {"type": "Feature", "geometry": {"type": "Point", "coordinates": [-89.8093766584201, 39.05160861810849]}, "properties": {"state": "IL", "cluster_id": 166, "county": "Macoupin", "severity": 101, "radius_m": 3000.0, "share_of_state": 0.0016434789683508258}}, {"type": "Feature", "geometry": {"type": "Point", "coordinates": [-88.05320350535872, 42.14631988610866]}, "properties": {"state": "IL", "cluster_id": 289, "county": "Cook", "severity": 101, "radius_m": 2466.825258774398, "share_of_state": 0.0016434789683508258}}, {"type": "Feature", "geometry": {"type": "Point", "coordinates": [-89.27160940880182, 38.917229811989486]}, "properties": {"state": "IL", "cluster_id": 613, "county": "Bond", "severity": 101, "radius_m": 3000.0, "share_of_state": 0.0016434789683508258}}, {"type": "Feature", "geometry": {"type": "Point", "coordinates": [-88.18861130714042, 41.625997087094284]}, "properties": {"state": "IL", "cluster_id": 19, "county": "Will", "severity": 100, "radius_m": 2833.732218346943, "share_of_state": 0.0016272068993572533}}, {"type": "Feature", "geometry": {"type": "Point", "coordinates": [-89.15097647979593, 37.974450539689194]}, "properties": {"state": "IL", "cluster_id": 245, "county": "Franklin", "severity": 100, "radius_m": 245.46341472983028, "share_of_state": 0.0016272068993572533}}, {"type": "Feature", "geometry": {"type": "Point", "coordinates": [-88.86791173452653, 40.13125576172941]}, "properties": {"state": "IL", "cluster_id": 300, "county": "DeWitt", "severity": 100, "radius_m": 100.0, "share_of_state": 0.0016272068993572533}}, {"type": "Feature", "geometry": {"type": "Point", "coordinates": [-87.60432769233245, 40.11272916809982]}, "properties": {"state": "IL", "cluster_id": 337, "county": "Vermilion", "severity": 100, "radius_m": 3000.0, "share_of_state": 0.0016272068993572533}}, {"type": "Feature", "geometry": {"type": "Point", "coordinates": [-87.87889562939966, 41.75654823354386]}, "properties": {"state": "IL", "cluster_id": 80, "county": "Cook", "severity": 99, "radius_m": 2212.3286530292303, "share_of_state": 0.0016109348303636807}}, {"type": "Feature", "geometry": {"type": "Point", "coordinates": [-88.00782738570983, 42.20335552400178]}, "properties": {"state": "IL", "cluster_id": 180, "county": "Lake", "severity": 99, "radius_m": 2844.7641091682876, "share_of_state": 0.0016109348303636807}}, {"type": "Feature", "geometry": {"type": "Point", "coordinates": [-88.98083591436163, 37.60197938558433]}, "properties": {"state": "IL", "cluster_id": 351, "county": "Williamson", "severity": 98, "radius_m": 3000.0, "share_of_state": 0.0015946627613701082}}, {"type": "Feature", "geometry": {"type": "Point", "coordinates": [-90.47278398643019, 41.43249939085714]}, "properties": {"state": "IL", "cluster_id": 118, "county": "Rock Island", "severity": 97, "radius_m": 2690.5151939604593, "share_of_state": 0.0015783906923765357}}, {"type": "Feature", "geometry": {"type": "Point", "coordinates": [-88.80351725346732, 38.33318142296461]}, "properties": {"state": "IL", "cluster_id": 129, "county": "Jefferson", "severity": 97, "radius_m": 379.68442031949655, "share_of_state": 0.0015783906923765357}}, {"type": "Feature", "geometry": {"type": "Point", "coordinates": [-89.06253196463273, 41.353469339113346]}, "properties": {"state": "IL", "cluster_id": 521, "county": "LaSalle", "severity": 97, "radius_m": 2090.466512328152, "share_of_state": 0.0015783906923765357}}, {"type": "Feature", "geometry": {"type": "Point", "coordinates": [-88.09049940313905, 38.7032351436263]}, "properties": {"state": "IL", "cluster_id": 467, "county": "Richland", "severity": 96, "radius_m": 3000.0, "share_of_state": 0.0015621186233829632}}, {"type": "Feature", "geometry": {"type": "Point", "coordinates": [-90.78056779096977, 39.65964406935912]}, "properties": {"state": "IL", "cluster_id": 177, "county": "Pike", "severity": 95, "radius_m": 100.0, "share_of_state": 0.0015458465543893905}}, {"type": "Feature", "geometry": {"type": "Point", "coordinates": [-88.45003998334712, 41.62655329616662]}, "properties": {"state": "IL", "cluster_id": 133, "county": "Kendall", "severity": 94, "radius_m": 2542.91708928019, "share_of_state": 0.001529574485395818}}, {"type": "Feature", "geometry": {"type": "Point", "coordinates": [-88.80772318774395, 40.63603255209284]}, "properties": {"state": "IL", "cluster_id": 689, "county": "McLean", "severity": 94, "radius_m": 2197.123461914038, "share_of_state": 0.001529574485395818}}, {"type": "Feature", "geometry": {"type": "Point", "coordinates": [-90.42380857961861, 42.41453661612666]}, "properties": {"state": "IL", "cluster_id": 319, "county": "JoDaviess", "severity": 91, "radius_m": 2347.9298348048687, "share_of_state": 0.0014807582784151004}}, {"type": "Feature", "geometry": {"type": "Point", "coordinates": [-88.31181586713299, 39.46390142140754]}, "properties": {"state": "IL", "cluster_id": 740, "county": "Coles", "severity": 91, "radius_m": 2394.5097449425184, "share_of_state": 0.0014807582784151004}}, {"type": "Feature", "geometry": {"type": "Point", "coordinates": [-90.6726655413342, 40.47986415285353]}, "properties": {"state": "IL", "cluster_id": 36, "county": "McDonough", "severity": 90, "radius_m": 312.0651168750022, "share_of_state": 0.001464486209421528}}, {"type": "Feature", "geometry": {"type": "Point", "coordinates": [-88.23342188640031, 38.251947332592124]}, "properties": {"state": "IL", "cluster_id": 420, "county": "White", "severity": 89, "radius_m": 101.6055974802527, "share_of_state": 0.0014482141404279555}}, {"type": "Feature", "geometry": {"type": "Point", "coordinates": [-87.67454960767179, 41.458198086474205]}, "properties": {"state": "IL", "cluster_id": 116, "county": "Will", "severity": 88, "radius_m": 2167.1563993338946, "share_of_state": 0.0014319420714343828}}, {"type": "Feature", "geometry": {"type": "Point", "coordinates": [-87.7638352809921, 41.39851985491914]}, "properties": {"state": "IL", "cluster_id": 131, "county": "Will", "severity": 88, "radius_m": 1887.1501475078505, "share_of_state": 0.0014319420714343828}}, {"type": "Feature", "geometry": {"type": "Point", "coordinates": [-89.67388389247049, 39.901528724970255]}, "properties": {"state": "IL", "cluster_id": 236, "county": "Sangamon", "severity": 88, "radius_m": 2618.6229745109968, "share_of_state": 0.0014319420714343828}}, {"type": "Feature", "geometry": {"type": "Point", "coordinates": [-88.85943628201726, 39.919856772668886]}, "properties": {"state": "IL", "cluster_id": 339, "county": "Macon", "severity": 88, "radius_m": 171.47371698401804, "share_of_state": 0.0014319420714343828}}, {"type": "Feature", "geometry": {"type": "Point", "coordinates": [-88.94104249912536, 39.7802076819446]}, "properties": {"state": "IL", "cluster_id": 234, "county": "Macon", "severity": 87, "radius_m": 1926.8827126986375, "share_of_state": 0.0014156700024408103}}, {"type": "Feature", "geometry": {"type": "Point", "coordinates": [-87.68454124169249, 39.0059956480362]}, "properties": {"state": "IL", "cluster_id": 320, "county": "Crawford", "severity": 87, "radius_m": 2330.993717364962, "share_of_state": 0.0014156700024408103}}, {"type": "Feature", "geometry": {"type": "Point", "coordinates": [-89.44360532857556, 41.00453141901488]}, "properties": {"state": "IL", "cluster_id": 448, "county": "Marshall", "severity": 87, "radius_m": 115.00702742210987, "share_of_state": 0.0014156700024408103}}, {"type": "Feature", "geometry": {"type": "Point", "coordinates": [-89.02935748651119, 40.46401182459174]}, "properties": {"state": "IL", "cluster_id": 253, "county": "McLean", "severity": 86, "radius_m": 2835.9723625791335, "share_of_state": 0.0013993979334472378}}, {"type": "Feature", "geometry": {"type": "Point", "coordinates": [-89.37779916921852, 40.17377917703116]}, "properties": {"state": "IL", "cluster_id": 282, "county": "Logan", "severity": 85, "radius_m": 1961.1385797960452, "share_of_state": 0.0013831258644536654}}, {"type": "Feature", "geometry": {"type": "Point", "coordinates": [-87.76642718896001, 41.993657202980124]}, "properties": {"state": "IL", "cluster_id": 308, "county": "Cook", "severity": 85, "radius_m": 2127.221720324637, "share_of_state": 0.0013831258644536654}}, {"type": "Feature", "geometry": {"type": "Point", "coordinates": [-89.87518069107702, 38.57052476689212]}, "properties": {"state": "IL", "cluster_id": 330, "county": "St. Clair", "severity": 84, "radius_m": 2190.962589113568, "share_of_state": 0.0013668537954600927}}, {"type": "Feature", "geometry": {"type": "Point", "coordinates": [-87.68487814339866, 39.08435459890613]}, "properties": {"state": "IL", "cluster_id": 435, "county": "Crawford", "severity": 84, "radius_m": 2685.8376874396536, "share_of_state": 0.0013668537954600927}}, {"type": "Feature", "geometry": {"type": "Point", "coordinates": [-89.61279511597213, 40.51909414110105]}, "properties": {"state": "IL", "cluster_id": 458, "county": "Tazewell", "severity": 84, "radius_m": 2218.4106752829966, "share_of_state": 0.0013668537954600927}}, {"type": "Feature", "geometry": {"type": "Point", "coordinates": [-89.70433414048993, 38.176074302041066]}, "properties": {"state": "IL", "cluster_id": 438, "county": "Randolph", "severity": 83, "radius_m": 100.0, "share_of_state": 0.0013505817264665202}}, {"type": "Feature", "geometry": {"type": "Point", "coordinates": [-90.29181588304829, 40.92193428537675]}, "properties": {"state": "IL", "cluster_id": 719, "county": "Knox", "severity": 83, "radius_m": 2512.8249423845864, "share_of_state": 0.0013505817264665202}}, {"type": "Feature", "geometry": {"type": "Point", "coordinates": [-89.36819977514338, 42.2858980324227]}, "properties": {"state": "IL", "cluster_id": 81, "county": "Winnebago", "severity": 82, "radius_m": 113.54102027520113, "share_of_state": 0.0013343096574729477}}, {"type": "Feature", "geometry": {"type": "Point", "coordinates": [-88.38251089322813, 41.677032431629556]}, "properties": {"state": "IL", "cluster_id": 445, "county": "Kendall", "severity": 82, "radius_m": 1908.5513613686471, "share_of_state": 0.0013343096574729477}}, {"type": "Feature", "geometry": {"type": "Point", "coordinates": [-87.56407503978708, 41.611272442836984]}, "properties": {"state": "IL", "cluster_id": 58, "county": "Cook", "severity": 81, "radius_m": 1936.376431096899, "share_of_state": 0.0013180375884793752}}, {"type": "Feature", "geometry": {"type": "Point", "coordinates": [-88.11466866438056, 39.01000747054607]}, "properties": {"state": "IL", "cluster_id": 345, "county": "Jasper", "severity": 81, "radius_m": 100.0, "share_of_state": 0.0013180375884793752}}, {"type": "Feature", "geometry": {"type": "Point", "coordinates": [-87.57302206434294, 38.89616271953323]}, "properties": {"state": "IL", "cluster_id": 436, "county": "Crawford", "severity": 81, "radius_m": 165.11007973848294, "share_of_state": 0.0013180375884793752}}, {"type": "Feature", "geometry": {"type": "Point", "coordinates": [-89.13764465088403, 38.489130145808204]}, "properties": {"state": "IL", "cluster_id": 33, "county": "Marion", "severity": 80, "radius_m": 134.358900283802, "share_of_state": 0.0013017655194858025}}, {"type": "Feature", "geometry": {"type": "Point", "coordinates": [-87.95601606047168, 42.46541712793811]}, "properties": {"state": "IL", "cluster_id": 195, "county": "Lake", "severity": 80, "radius_m": 2701.2680816569004, "share_of_state": 0.0013017655194858025}}, {"type": "Feature", "geometry": {"type": "Point", "coordinates": [-88.42112276160938, 41.329034426904244]}, "properties": {"state": "IL", "cluster_id": 529, "county": "Grundy", "severity": 80, "radius_m": 2621.3824875026517, "share_of_state": 0.0013017655194858025}}, {"type": "Feature", "geometry": {"type": "Point", "coordinates": [-89.6339699372566, 42.32220601423427]}, "properties": {"state": "IL", "cluster_id": 754, "county": "Stephenson", "severity": 80, "radius_m": 1733.1395901032884, "share_of_state": 0.0013017655194858025}}, {"type": "Feature", "geometry": {"type": "Point", "coordinates": [-90.33466847269531, 42.37092365208657]}, "properties": {"state": "IL", "cluster_id": 182, "county": "JoDaviess", "severity": 79, "radius_m": 100.0, "share_of_state": 0.00128549345049223}}, {"type": "Feature", "geometry": {"type": "Point", "coordinates": [-90.10082381497108, 40.46444565860707]}, "properties": {"state": "IL", "cluster_id": 496, "county": "Fulton", "severity": 79, "radius_m": 100.0, "share_of_state": 0.00128549345049223}}, {"type": "Feature", "geometry": {"type": "Point", "coordinates": [-87.80468961600185, 42.13781279227742]}, "properties": {"state": "IL", "cluster_id": 1, "county": "Cook", "severity": 78, "radius_m": 1875.1894117884094, "share_of_state": 0.0012692213814986576}}, {"type": "Feature", "geometry": {"type": "Point", "coordinates": [-90.08081140995043, 40.384506908031135]}, "properties": {"state": "IL", "cluster_id": 74, "county": "Fulton", "severity": 78, "radius_m": 2238.2714287028784, "share_of_state": 0.0012692213814986576}}, {"type": "Feature", "geometry": {"type": "Point", "coordinates": [-88.17994433567283, 39.77396191258696]}, "properties": {"state": "IL", "cluster_id": 307, "county": "Douglas", "severity": 78, "radius_m": 100.0, "share_of_state": 0.0012692213814986576}}, {"type": "Feature", "geometry": {"type": "Point", "coordinates": [-89.39725534187323, 41.19623885037329]}, "properties": {"state": "IL", "cluster_id": 336, "county": "Putnam", "severity": 78, "radius_m": 124.51793520219495, "share_of_state": 0.0012692213814986576}}, {"type": "Feature", "geometry": {"type": "Point", "coordinates": [-89.4570729781593, 40.417472412242034]}, "properties": {"state": "IL", "cluster_id": 628, "county": "Tazewell", "severity": 78, "radius_m": 1986.3314517613621, "share_of_state": 0.0012692213814986576}}, {"type": "Feature", "geometry": {"type": "Point", "coordinates": [-89.0065543374366, 40.660976780360876]}, "properties": {"state": "IL", "cluster_id": 734, "county": "McLean", "severity": 77, "radius_m": 2169.7055393205487, "share_of_state": 0.0012529493125050851}}, {"type": "Feature", "geometry": {"type": "Point", "coordinates": [-87.90800928237459, 39.33147306697018]}, "properties": {"state": "IL", "cluster_id": 124, "county": "Clark", "severity": 76, "radius_m": 2613.342375667079, "share_of_state": 0.0012366772435115124}}, {"type": "Feature", "geometry": {"type": "Point", "coordinates": [-89.32061140584061, 38.61041714804838]}, "properties": {"state": "IL", "cluster_id": 279, "county": "Clinton", "severity": 76, "radius_m": 100.0, "share_of_state": 0.0012366772435115124}}, {"type": "Feature", "geometry": {"type": "Point", "coordinates": [-88.9282843537793, 37.53789101131024]}, "properties": {"state": "IL", "cluster_id": 508, "county": "Johnson", "severity": 76, "radius_m": 100.0, "share_of_state": 0.0012366772435115124}}, {"type": "Feature", "geometry": {"type": "Point", "coordinates": [-88.06079748394401, 40.11624827420365]}, "properties": {"state": "IL", "cluster_id": 540, "county": "Champaign", "severity": 76, "radius_m": 1925.0595239735737, "share_of_state": 0.0012366772435115124}}, {"type": "Feature", "geometry": {"type": "Point", "coordinates": [-89.77877835702046, 39.75090723407524]}, "properties": {"state": "IL", "cluster_id": 610, "county": "Sangamon", "severity": 76, "radius_m": 320.5960703680922, "share_of_state": 0.0012366772435115124}}, {"type": "Feature", "geometry": {"type": "Point", "coordinates": [-88.80963099222214, 37.73118636924748]}, "properties": {"state": "IL", "cluster_id": 285, "county": "Williamson", "severity": 75, "radius_m": 100.0, "share_of_state": 0.00122040517451794}}, {"type": "Feature", "geometry": {"type": "Point", "coordinates": [-89.82526636886354, 39.98485156774655]}, "properties": {"state": "IL", "cluster_id": 374, "county": "Menard", "severity": 75, "radius_m": 100.0, "share_of_state": 0.00122040517451794}}, {"type": "Feature", "geometry": {"type": "Point", "coordinates": [-89.94003044045675, 38.57010078672184]}, "properties": {"state": "IL", "cluster_id": 592, "county": "St. Clair", "severity": 75, "radius_m": 2259.2232888330127, "share_of_state": 0.00122040517451794}}, {"type": "Feature", "geometry": {"type": "Point", "coordinates": [-88.51306463254117, 38.84696139184157]}, "properties": {"state": "IL", "cluster_id": 4, "county": "Clay", "severity": 74, "radius_m": 100.0, "share_of_state": 0.0012041331055243675}}, {"type": "Feature", "geometry": {"type": "Point", "coordinates": [-90.66743430546347, 40.5458259672377]}, "properties": {"state": "IL", "cluster_id": 37, "county": "McDonough", "severity": 74, "radius_m": 2103.5076922982907, "share_of_state": 0.0012041331055243675}}, {"type": "Feature", "geometry": {"type": "Point", "coordinates": [-90.48123952119985, 42.45553058937619]}, "properties": {"state": "IL", "cluster_id": 188, "county": "JoDaviess", "severity": 74, "radius_m": 100.0, "share_of_state": 0.0012041331055243675}}, {"type": "Feature", "geometry": {"type": "Point", "coordinates": [-89.40617549549285, 41.07982942000179]}, "properties": {"state": "IL", "cluster_id": 59, "county": "Marshall", "severity": 73, "radius_m": 100.0, "share_of_state": 0.0011878610365307948}}, {"type": "Feature", "geometry": {"type": "Point", "coordinates": [-89.23287156148892, 37.98029998966827]}, "properties": {"state": "IL", "cluster_id": 411, "county": "Perry", "severity": 73, "radius_m": 386.6924101001526, "share_of_state": 0.0011878610365307948}}, {"type": "Feature", "geometry": {"type": "Point", "coordinates": [-88.15833539707546, 40.12262908471199]}, "properties": {"state": "IL", "cluster_id": 222, "county": "Champaign", "severity": 72, "radius_m": 291.9321034842061, "share_of_state": 0.0011715889675372223}}, {"type": "Feature", "geometry": {"type": "Point", "coordinates": [-87.76573141230224, 42.09488283186665]}, "properties": {"state": "IL", "cluster_id": 370, "county": "Cook", "severity": 72, "radius_m": 2446.4957389762867, "share_of_state": 0.0011715889675372223}}, {"type": "Feature", "geometry": {"type": "Point", "coordinates": [-88.1895081662066, 42.18800230082685]}, "properties": {"state": "IL", "cluster_id": 659, "county": "Lake", "severity": 72, "radius_m": 2168.0643078220446, "share_of_state": 0.0011715889675372223}}, {"type": "Feature", "geometry": {"type": "Point", "coordinates": [-87.54416452459343, 38.70918996997267]}, "properties": {"state": "IL", "cluster_id": 15, "county": "Lawrence", "severity": 71, "radius_m": 2157.2383310801906, "share_of_state": 0.0011553168985436498}}, {"type": "Feature", "geometry": {"type": "Point", "coordinates": [-88.93608405202546, 38.63887453881961]}, "properties": {"state": "IL", "cluster_id": 134, "county": "Marion", "severity": 71, "radius_m": 2094.1239393237242, "share_of_state": 0.0011553168985436498}}, {"type": "Feature", "geometry": {"type": "Point", "coordinates": [-89.38159256554798, 38.18006419181115]}, "properties": {"state": "IL", "cluster_id": 268, "county": "Perry", "severity": 71, "radius_m": 100.0, "share_of_state": 0.0011553168985436498}}, {"type": "Feature", "geometry": {"type": "Point", "coordinates": [-90.72916237718944, 40.44901868223772]}, "properties": {"state": "IL", "cluster_id": 42, "county": "McDonough", "severity": 70, "radius_m": 3000.0, "share_of_state": 0.0011390448295500774}}, {"type": "Feature", "geometry": {"type": "Point", "coordinates": [-88.41586584536353, 41.94401022770461]}, "properties": {"state": "IL", "cluster_id": 311, "county": "Kane", "severity": 70, "radius_m": 1815.5663461360732, "share_of_state": 0.0011390448295500774}}, {"type": "Feature", "geometry": {"type": "Point", "coordinates": [-88.50673069436084, 38.693651780003734]}, "properties": {"state": "IL", "cluster_id": 3, "county": "Clay", "severity": 69, "radius_m": 157.63272433097546, "share_of_state": 0.0011227727605565047}}, {"type": "Feature", "geometry": {"type": "Point", "coordinates": [-90.36715949095364, 40.496298244921284]}, "properties": {"state": "IL", "cluster_id": 77, "county": "Fulton", "severity": 69, "radius_m": 100.0, "share_of_state": 0.0011227727605565047}}, {"type": "Feature", "geometry": {"type": "Point", "coordinates": [-89.07011632174732, 42.42860480950125]}, "properties": {"state": "IL", "cluster_id": 220, "county": "Winnebago", "severity": 69, "radius_m": 2037.5139188190612, "share_of_state": 0.0011227727605565047}}, {"type": "Feature", "geometry": {"type": "Point", "coordinates": [-88.20886716256652, 42.42539547674103]}, "properties": {"state": "IL", "cluster_id": 385, "county": "McHenry", "severity": 69, "radius_m": 1516.3515829639632, "share_of_state": 0.0011227727605565047}}, {"type": "Feature", "geometry": {"type": "Point", "coordinates": [-89.63420256027258, 42.37622681562912]}, "properties": {"state": "IL", "cluster_id": 632, "county": "Stephenson", "severity": 69, "radius_m": 2285.1648489372865, "share_of_state": 0.0011227727605565047}}, {"type": "Feature", "geometry": {"type": "Point", "coordinates": [-88.88976345433284, 38.756863560074024]}, "properties": {"state": "IL", "cluster_id": 672, "county": "Marion", "severity": 69, "radius_m": 1960.9597185244631, "share_of_state": 0.0011227727605565047}}, {"type": "Feature", "geometry": {"type": "Point", "coordinates": [-88.88930860700718, 37.45739398117642]}, "properties": {"state": "IL", "cluster_id": 683, "county": "Johnson", "severity": 69, "radius_m": 338.0245536424174, "share_of_state": 0.0011227727605565047}}, {"type": "Feature", "geometry": {"type": "Point", "coordinates": [-88.97672865408542, 40.25454571856296]}, "properties": {"state": "IL", "cluster_id": 792, "county": "DeWitt", "severity": 69, "radius_m": 100.0, "share_of_state": 0.0011227727605565047}}, {"type": "Feature", "geometry": {"type": "Point", "coordinates": [-88.61987085715302, 39.18699362630848]}, "properties": {"state": "IL", "cluster_id": 110, "county": "Effingham", "severity": 68, "radius_m": 2496.0988547816505, "share_of_state": 0.0011065006915629322}}, {"type": "Feature", "geometry": {"type": "Point", "coordinates": [-89.62254689945772, 41.76501211595809]}, "properties": {"state": "IL", "cluster_id": 263, "county": "Lee", "severity": 68, "radius_m": 1661.8362893221965, "share_of_state": 0.0011065006915629322}}, {"type": "Feature", "geometry": {"type": "Point", "coordinates": [-88.9052089588599, 39.83306838135153]}, "properties": {"state": "IL", "cluster_id": 0, "county": "Macon", "severity": 67, "radius_m": 1587.5524981542083, "share_of_state": 0.0010902286225693597}}, {"type": "Feature", "geometry": {"type": "Point", "coordinates": [-90.09595288614126, 42.09385769553679]}, "properties": {"state": "IL", "cluster_id": 27, "county": "Carroll", "severity": 67, "radius_m": 110.92774145955497, "share_of_state": 0.0010902286225693597}}, {"type": "Feature", "geometry": {"type": "Point", "coordinates": [-89.54032014634765, 38.08421200644078]}, "properties": {"state": "IL", "cluster_id": 95, "county": "Perry", "severity": 67, "radius_m": 134.49399191739272, "share_of_state": 0.0010902286225693597}}, {"type": "Feature", "geometry": {"type": "Point", "coordinates": [-88.90456991148613, 38.226374091330015]}, "properties": {"state": "IL", "cluster_id": 130, "county": "Jefferson", "severity": 67, "radius_m": 320.46171647392555, "share_of_state": 0.0010902286225693597}}, {"type": "Feature", "geometry": {"type": "Point", "coordinates": [-88.59725260681466, 38.99381727680563]}, "properties": {"state": "IL", "cluster_id": 141, "county": "Effingham", "severity": 67, "radius_m": 361.02216374849246, "share_of_state": 0.0010902286225693597}}, {"type": "Feature", "geometry": {"type": "Point", "coordinates": [-90.56780358110395, 42.46273278203829]}, "properties": {"state": "IL", "cluster_id": 153, "county": "JoDaviess", "severity": 67, "radius_m": 131.96351580458017, "share_of_state": 0.0010902286225693597}}, {"type": "Feature", "geometry": {"type": "Point", "coordinates": [-89.35773238480586, 41.36515146021117]}, "properties": {"state": "IL", "cluster_id": 212, "county": "Bureau", "severity": 67, "radius_m": 136.55612865881116, "share_of_state": 0.0010902286225693597}}, {"type": "Feature", "geometry": {"type": "Point", "coordinates": [-89.58959182806467, 39.17435190169766]}, "properties": {"state": "IL", "cluster_id": 449, "county": "Montgomery", "severity": 67, "radius_m": 100.0, "share_of_state": 0.0010902286225693597}}, {"type": "Feature", "geometry": {"type": "Point", "coordinates": [-88.68608020958257, 42.06692212068924]}, "properties": {"state": "IL", "cluster_id": 670, "county": "DeKalb", "severity": 67, "radius_m": 270.3875552638404, "share_of_state": 0.0010902286225693597}}, {"type": "Feature", "geometry": {"type": "Point", "coordinates": [-87.9843137933937, 41.205959041359094]}, "properties": {"state": "IL", "cluster_id": 283, "county": "Kankakee", "severity": 66, "radius_m": 2018.925658201219, "share_of_state": 0.0010739565535757872}}, {"type": "Feature", "geometry": {"type": "Point", "coordinates": [-91.30574747581461, 40.01940650277824]}, "properties": {"state": "IL", "cluster_id": 69, "county": "Adams", "severity": 65, "radius_m": 227.39996764204173, "share_of_state": 0.0010576844845822146}}, {"type": "Feature", "geometry": {"type": "Point", "coordinates": [-90.95189915397177, 40.8959617998871]}, "properties": {"state": "IL", "cluster_id": 137, "county": "Henderson", "severity": 65, "radius_m": 100.0, "share_of_state": 0.0010576844845822146}}, {"type": "Feature", "geometry": {"type": "Point", "coordinates": [-89.70062218133023, 39.172131450473174]}, "properties": {"state": "IL", "cluster_id": 261, "county": "Macoupin", "severity": 65, "radius_m": 2271.0824509129166, "share_of_state": 0.0010576844845822146}}, {"type": "Feature", "geometry": {"type": "Point", "coordinates": [-90.17774243257242, 40.90578563518223]}, "properties": {"state": "IL", "cluster_id": 270, "county": "Knox", "severity": 65, "radius_m": 2595.221904812631, "share_of_state": 0.0010576844845822146}}, {"type": "Feature", "geometry": {"type": "Point", "coordinates": [-88.97664628292037, 40.4392950419392]}, "properties": {"state": "IL", "cluster_id": 462, "county": "McLean", "severity": 65, "radius_m": 2346.8270657286344, "share_of_state": 0.0010576844845822146}}, {"type": "Feature", "geometry": {"type": "Point", "coordinates": [-87.65536120622296, 39.60669035401345]}, "properties": {"state": "IL", "cluster_id": 485, "county": "Edgar", "severity": 65, "radius_m": 1988.9356674585808, "share_of_state": 0.0010576844845822146}}, {"type": "Feature", "geometry": {"type": "Point", "coordinates": [-87.89283498617787, 41.508721753024325]}, "properties": {"state": "IL", "cluster_id": 491, "county": "Will", "severity": 65, "radius_m": 1394.9290394260331, "share_of_state": 0.0010576844845822146}}, {"type": "Feature", "geometry": {"type": "Point", "coordinates": [-90.74700662492788, 40.96288277934269]}, "properties": {"state": "IL", "cluster_id": 770, "county": "Warren", "severity": 65, "radius_m": 100.0, "share_of_state": 0.0010576844845822146}}, {"type": "Feature", "geometry": {"type": "Point", "coordinates": [-87.73018899269653, 39.380430368616786]}, "properties": {"state": "IL", "cluster_id": 354, "county": "Clark", "severity": 64, "radius_m": 340.8522518990768, "share_of_state": 0.001041412415588642}}, {"type": "Feature", "geometry": {"type": "Point", "coordinates": [-89.52516700396637, 38.83592946662975]}, "properties": {"state": "IL", "cluster_id": 381, "county": "Bond", "severity": 64, "radius_m": 305.7844017163666, "share_of_state": 0.001041412415588642}}, {"type": "Feature", "geometry": {"type": "Point", "coordinates": [-88.98744764585145, 40.332628969021336]}, "properties": {"state": "IL", "cluster_id": 564, "county": "McLean", "severity": 64, "radius_m": 2010.6018435587343, "share_of_state": 0.001041412415588642}}, {"type": "Feature", "geometry": {"type": "Point", "coordinates": [-91.38574620476379, 40.36502160430604]}, "properties": {"state": "IL", "cluster_id": 671, "county": "Hancock", "severity": 64, "radius_m": 2074.3835337680557, "share_of_state": 0.001041412415588642}}, {"type": "Feature", "geometry": {"type": "Point", "coordinates": [-88.19519209395385, 41.44844219584189]}, "properties": {"state": "IL", "cluster_id": 850, "county": "Will", "severity": 64, "radius_m": 2052.4054039781186, "share_of_state": 0.001041412415588642}}, {"type": "Feature", "geometry": {"type": "Point", "coordinates": [-89.18739752253626, 38.53407817962578]}, "properties": {"state": "IL", "cluster_id": 31, "county": "Clinton", "severity": 63, "radius_m": 229.2333578497479, "share_of_state": 0.0010251403465950696}}, {"type": "Feature", "geometry": {"type": "Point", "coordinates": [-89.49257826428014, 41.32208452424497]}, "properties": {"state": "IL", "cluster_id": 163, "county": "Bureau", "severity": 63, "radius_m": 276.51103512658045, "share_of_state": 0.0010251403465950696}}, {"type": "Feature", "geometry": {"type": "Point", "coordinates": [-88.86661132149025, 37.4153572065904]}, "properties": {"state": "IL", "cluster_id": 290, "county": "Johnson", "severity": 63, "radius_m": 1644.8053359297332, "share_of_state": 0.0010251403465950696}}, {"type": "Feature", "geometry": {"type": "Point", "coordinates": [-90.10765113759055, 38.908747600325924]}, "properties": {"state": "IL", "cluster_id": 414, "county": "Madison", "severity": 63, "radius_m": 233.23718710123867, "share_of_state": 0.0010251403465950696}}, {"type": "Feature", "geometry": {"type": "Point", "coordinates": [-88.3686332816693, 42.354291307281095]}, "properties": {"state": "IL", "cluster_id": 205, "county": "McHenry", "severity": 62, "radius_m": 2300.0427829546356, "share_of_state": 0.0010088682776014971}}, {"type": "Feature", "geometry": {"type": "Point", "coordinates": [-87.98284941273532, 42.41871260347445]}, "properties": {"state": "IL", "cluster_id": 340, "county": "Lake", "severity": 62, "radius_m": 2353.335309984007, "share_of_state": 0.0010088682776014971}}, {"type": "Feature", "geometry": {"type": "Point", "coordinates": [-91.30840342968972, 39.78779643461965]}, "properties": {"state": "IL", "cluster_id": 523, "county": "Adams", "severity": 62, "radius_m": 1851.4846145012518, "share_of_state": 0.0010088682776014971}}, {"type": "Feature", "geometry": {"type": "Point", "coordinates": [-89.63931877766255, 39.5825322801922]}, "properties": {"state": "IL", "cluster_id": 633, "county": "Sangamon", "severity": 62, "radius_m": 1926.8260566646486, "share_of_state": 0.0010088682776014971}}, {"type": "Feature", "geometry": {"type": "Point", "coordinates": [-90.70975281756948, 39.67804870482228]}, "properties": {"state": "IL", "cluster_id": 146, "county": "Pike", "severity": 61, "radius_m": 100.0, "share_of_state": 0.0009925962086079244}}, {"type": "Feature", "geometry": {"type": "Point", "coordinates": [-88.85434539266363, 38.27268393133621]}, "properties": {"state": "IL", "cluster_id": 178, "county": "Jefferson", "severity": 61, "radius_m": 395.60192532404386, "share_of_state": 0.0009925962086079244}}, {"type": "Feature", "geometry": {"type": "Point", "coordinates": [-87.65215560766619, 39.40569191245537]}, "properties": {"state": "IL", "cluster_id": 230, "county": "Clark", "severity": 61, "radius_m": 321.8611170186208, "share_of_state": 0.0009925962086079244}}, {"type": "Feature", "geometry": {"type": "Point", "coordinates": [-88.9839003844813, 42.367934265775986]}, "properties": {"state": "IL", "cluster_id": 544, "county": "Winnebago", "severity": 61, "radius_m": 2089.2460321438393, "share_of_state": 0.0009925962086079244}}, {"type": "Feature", "geometry": {"type": "Point", "coordinates": [-89.69994910153223, 38.02743893659447]}, "properties": {"state": "IL", "cluster_id": 53, "county": "Randolph", "severity": 60, "radius_m": 371.96643588535517, "share_of_state": 0.000976324139614352}}, {"type": "Feature", "geometry": {"type": "Point", "coordinates": [-88.94994125418262, 42.24110202136083]}, "properties": {"state": "IL", "cluster_id": 73, "county": "Winnebago", "severity": 60, "radius_m": 2335.5558624507644, "share_of_state": 0.000976324139614352}}, {"type": "Feature", "geometry": {"type": "Point", "coordinates": [-88.99095678365103, 37.89095656567252]}, "properties": {"state": "IL", "cluster_id": 150, "county": "Franklin", "severity": 60, "radius_m": 100.0, "share_of_state": 0.000976324139614352}}, {"type": "Feature", "geometry": {"type": "Point", "coordinates": [-90.31790847042156, 39.75579699916163]}, "properties": {"state": "IL", "cluster_id": 231, "county": "Morgan", "severity": 60, "radius_m": 128.28630321120508, "share_of_state": 0.000976324139614352}}, {"type": "Feature", "geometry": {"type": "Point", "coordinates": [-88.48056382133073, 42.3233242999223]}, "properties": {"state": "IL", "cluster_id": 276, "county": "McHenry", "severity": 60, "radius_m": 1844.2911065536716, "share_of_state": 0.000976324139614352}}, {"type": "Feature", "geometry": {"type": "Point", "coordinates": [-88.25482126110577, 41.24447485104037]}, "properties": {"state": "IL", "cluster_id": 401, "county": "Grundy", "severity": 60, "radius_m": 2214.0667564161445, "share_of_state": 0.000976324139614352}}, {"type": "Feature", "geometry": {"type": "Point", "coordinates": [-89.8529444453698, 39.26593410107913]}, "properties": {"state": "IL", "cluster_id": 427, "county": "Macoupin", "severity": 60, "radius_m": 1522.3287682836149, "share_of_state": 0.000976324139614352}}, {"type": "Feature", "geometry": {"type": "Point", "coordinates": [-89.68442159520995, 41.75428935863433]}, "properties": {"state": "IL", "cluster_id": 476, "county": "Whiteside", "severity": 60, "radius_m": 397.45048132525454, "share_of_state": 0.000976324139614352}}, {"type": "Feature", "geometry": {"type": "Point", "coordinates": [-89.68211272232064, 42.32441953343344]}, "properties": {"state": "IL", "cluster_id": 526, "county": "Stephenson", "severity": 60, "radius_m": 2025.3055967564121, "share_of_state": 0.000976324139614352}}, {"type": "Feature", "geometry": {"type": "Point", "coordinates": [-90.2747525510944, 42.3281176297154]}, "properties": {"state": "IL", "cluster_id": 718, "county": "JoDaviess", "severity": 60, "radius_m": 2393.2059695674043, "share_of_state": 0.000976324139614352}}, {"type": "Feature", "geometry": {"type": "Point", "coordinates": [-88.44388429910775, 38.672878305052286]}, "properties": {"state": "IL", "cluster_id": 810, "county": "Clay", "severity": 60, "radius_m": 1752.9819763718554, "share_of_state": 0.000976324139614352}}, {"type": "Feature", "geometry": {"type": "Point", "coordinates": [-89.231624007742, 37.83617857151275]}, "properties": {"state": "IL", "cluster_id": 287, "county": "Jackson", "severity": 59, "radius_m": 273.0303602497509, "share_of_state": 0.0009600520706207794}}, {"type": "Feature", "geometry": {"type": "Point", "coordinates": [-88.30346109305086, 40.157865161378346]}, "properties": {"state": "IL", "cluster_id": 761, "county": "Champaign", "severity": 59, "radius_m": 2266.2533801103395, "share_of_state": 0.0009600520706207794}}, {"type": "Feature", "geometry": {"type": "Point", "coordinates": [-87.63050334186443, 40.19252971852278]}, "properties": {"state": "IL", "cluster_id": 1107, "county": "Vermilion", "severity": 59, "radius_m": 2039.2126317395823, "share_of_state": 0.0009600520706207794}}, {"type": "Feature", "geometry": {"type": "Point", "coordinates": [-88.17871386196524, 40.45820972332904]}, "properties": {"state": "IL", "cluster_id": 395, "county": "Ford", "severity": 58, "radius_m": 101.5903280728321, "share_of_state": 0.0009437800016272069}}, {"type": "Feature", "geometry": {"type": "Point", "coordinates": [-87.69356696374727, 38.68584262890443]}, "properties": {"state": "IL", "cluster_id": 17, "county": "Lawrence", "severity": 57, "radius_m": 100.0, "share_of_state": 0.0009275079326336343}}, {"type": "Feature", "geometry": {"type": "Point", "coordinates": [-88.32115231056126, 37.92181619342548]}, "properties": {"state": "IL", "cluster_id": 202, "county": "White", "severity": 57, "radius_m": 2351.738780603353, "share_of_state": 0.0009275079326336343}}, {"type": "Feature", "geometry": {"type": "Point", "coordinates": [-88.84631383364618, 39.232722465953636]}, "properties": {"state": "IL", "cluster_id": 348, "county": "Shelby", "severity": 57, "radius_m": 223.86649669566552, "share_of_state": 0.0009275079326336343}}, {"type": "Feature", "geometry": {"type": "Point", "coordinates": [-90.29540745032517, 39.62484816490793]}, "properties": {"state": "IL", "cluster_id": 350, "county": "Morgan", "severity": 57, "radius_m": 100.0, "share_of_state": 0.0009275079326336343}}, {"type": "Feature", "geometry": {"type": "Point", "coordinates": [-88.78008712669853, 39.40448111873503]}, "properties": {"state": "IL", "cluster_id": 424, "county": "Shelby", "severity": 57, "radius_m": 1211.8354497582652, "share_of_state": 0.0009275079326336343}}, {"type": "Feature", "geometry": {"type": "Point", "coordinates": [-90.15296490067193, 40.567512447258046]}, "properties": {"state": "IL", "cluster_id": 598, "county": "Fulton", "severity": 57, "radius_m": 1913.0675282660045, "share_of_state": 0.0009275079326336343}}, {"type": "Feature", "geometry": {"type": "Point", "coordinates": [-89.9670751999068, 41.25707136839421]}, "properties": {"state": "IL", "cluster_id": 620, "county": "Henry", "severity": 57, "radius_m": 100.0, "share_of_state": 0.0009275079326336343}}, {"type": "Feature", "geometry": {"type": "Point", "coordinates": [-87.9150695448876, 40.979454736974965]}, "properties": {"state": "IL", "cluster_id": 702, "county": "Iroquois", "severity": 57, "radius_m": 199.07408101766518, "share_of_state": 0.0009275079326336343}}, {"type": "Feature", "geometry": {"type": "Point", "coordinates": [-87.93278267326173, 41.598079477093535]}, "properties": {"state": "IL", "cluster_id": 939, "county": "Will", "severity": 57, "radius_m": 286.6092348795922, "share_of_state": 0.0009275079326336343}}, {"type": "Feature", "geometry": {"type": "Point", "coordinates": [-89.09218846381313, 39.04027770803998]}, "properties": {"state": "IL", "cluster_id": 13, "county": "Fayette", "severity": 56, "radius_m": 100.0, "share_of_state": 0.0009112358636400618}}, {"type": "Feature", "geometry": {"type": "Point", "coordinates": [-89.79140987661447, 42.4405941035658]}, "properties": {"state": "IL", "cluster_id": 208, "county": "Stephenson", "severity": 56, "radius_m": 100.0, "share_of_state": 0.0009112358636400618}}, {"type": "Feature", "geometry": {"type": "Point", "coordinates": [-89.89323268999092, 39.128965512959034]}, "properties": {"state": "IL", "cluster_id": 488, "county": "Macoupin", "severity": 56, "radius_m": 130.27541081493425, "share_of_state": 0.0009112358636400618}}, {"type": "Feature", "geometry": {"type": "Point", "coordinates": [-87.94126619488351, 42.42274521231629]}, "properties": {"state": "IL", "cluster_id": 577, "county": "Lake", "severity": 56, "radius_m": 371.096455686747, "share_of_state": 0.0009112358636400618}}, {"type": "Feature", "geometry": {"type": "Point", "coordinates": [-88.34152182557617, 41.84454302389286]}, "properties": {"state": "IL", "cluster_id": 751, "county": "Kane", "severity": 56, "radius_m": 266.39050128232134, "share_of_state": 0.0009112358636400618}}, {"type": "Feature", "geometry": {"type": "Point", "coordinates": [-88.88744083288354, 37.733335829372706]}, "properties": {"state": "IL", "cluster_id": 187, "county": "Williamson", "severity": 55, "radius_m": 386.04777212213764, "share_of_state": 0.0008949637946464893}}, {"type": "Feature", "geometry": {"type": "Point", "coordinates": [-89.11843861130964, 40.3538769179373]}, "properties": {"state": "IL", "cluster_id": 259, "county": "McLean", "severity": 55, "radius_m": 190.22664081623952, "share_of_state": 0.0008949637946464893}}, {"type": "Feature", "geometry": {"type": "Point", "coordinates": [-88.7062374300078, 41.360867616156675]}, "properties": {"state": "IL", "cluster_id": 291, "county": "LaSalle", "severity": 55, "radius_m": 235.57406096609787, "share_of_state": 0.0008949637946464893}}, {"type": "Feature", "geometry": {"type": "Point", "coordinates": [-88.26829809058987, 41.35730889238555]}, "properties": {"state": "IL", "cluster_id": 366, "county": "Grundy", "severity": 55, "radius_m": 387.61832134298567, "share_of_state": 0.0008949637946464893}}, {"type": "Feature", "geometry": {"type": "Point", "coordinates": [-89.6542635324979, 40.62787138341851]}, "properties": {"state": "IL", "cluster_id": 473, "county": "Peoria", "severity": 55, "radius_m": 213.0364737160326, "share_of_state": 0.0008949637946464893}}, {"type": "Feature", "geometry": {"type": "Point", "coordinates": [-89.09706923304545, 38.547714404898656]}, "properties": {"state": "IL", "cluster_id": 507, "county": "Marion", "severity": 55, "radius_m": 225.45512660196567, "share_of_state": 0.0008949637946464893}}, {"type": "Feature", "geometry": {"type": "Point", "coordinates": [-88.2766655892738, 42.19248454188021]}, "properties": {"state": "IL", "cluster_id": 534, "county": "McHenry", "severity": 55, "radius_m": 1517.851862872745, "share_of_state": 0.0008949637946464893}}, {"type": "Feature", "geometry": {"type": "Point", "coordinates": [-88.06525367003798, 41.752801513460696]}, "properties": {"state": "IL", "cluster_id": 816, "county": "DuPage", "severity": 55, "radius_m": 1570.2224709440447, "share_of_state": 0.0008949637946464893}}, {"type": "Feature", "geometry": {"type": "Point", "coordinates": [-88.74230376033455, 41.338888041838764]}, "properties": {"state": "IL", "cluster_id": 40, "county": "LaSalle", "severity": 54, "radius_m": 1286.4655082011598, "share_of_state": 0.0008786917256529168}}, {"type": "Feature", "geometry": {"type": "Point", "coordinates": [-89.11372923654439, 37.81106134131124]}, "properties": {"state": "IL", "cluster_id": 198, "county": "Williamson", "severity": 54, "radius_m": 1558.3841091163156, "share_of_state": 0.0008786917256529168}}, {"type": "Feature", "geometry": {"type": "Point", "coordinates": [-89.64885970610459, 37.82154173651472]}, "properties": {"state": "IL", "cluster_id": 260, "county": "Jackson", "severity": 54, "radius_m": 100.0, "share_of_state": 0.0008786917256529168}}, {"type": "Feature", "geometry": {"type": "Point", "coordinates": [-87.80952559983652, 41.80397297497317]}, "properties": {"state": "IL", "cluster_id": 301, "county": "Cook", "severity": 54, "radius_m": 1819.4346103967189, "share_of_state": 0.0008786917256529168}}, {"type": "Feature", "geometry": {"type": "Point", "coordinates": [-89.57267938563149, 42.31231829072175]}, "properties": {"state": "IL", "cluster_id": 388, "county": "Stephenson", "severity": 54, "radius_m": 372.0911510791984, "share_of_state": 0.0008786917256529168}}, {"type": "Feature", "geometry": {"type": "Point", "coordinates": [-87.68254572445205, 39.15404483732858]}, "properties": {"state": "IL", "cluster_id": 433, "county": "Crawford", "severity": 54, "radius_m": 100.0, "share_of_state": 0.0008786917256529168}}, {"type": "Feature", "geometry": {"type": "Point", "coordinates": [-90.03281380465312, 40.50923074831759]}, "properties": {"state": "IL", "cluster_id": 513, "county": "Fulton", "severity": 54, "radius_m": 329.35451921774666, "share_of_state": 0.0008786917256529168}}, {"type": "Feature", "geometry": {"type": "Point", "coordinates": [-88.35634049512154, 38.08276106316756]}, "properties": {"state": "IL", "cluster_id": 661, "county": "White", "severity": 54, "radius_m": 100.0, "share_of_state": 0.0008786917256529168}}, {"type": "Feature", "geometry": {"type": "Point", "coordinates": [-88.50542612693101, 39.196688977664664]}, "properties": {"state": "IL", "cluster_id": 115, "county": "Effingham", "severity": 53, "radius_m": 1564.1287960813345, "share_of_state": 0.0008624196566593442}}, {"type": "Feature", "geometry": {"type": "Point", "coordinates": [-90.90006731406912, 40.84773897754879]}, "properties": {"state": "IL", "cluster_id": 143, "county": "Henderson", "severity": 53, "radius_m": 359.8523098759011, "share_of_state": 0.0008624196566593442}}, {"type": "Feature", "geometry": {"type": "Point", "coordinates": [-87.61550036955336, 41.40289959856272]}, "properties": {"state": "IL", "cluster_id": 277, "county": "Will", "severity": 53, "radius_m": 230.1241249189126, "share_of_state": 0.0008624196566593442}}, {"type": "Feature", "geometry": {"type": "Point", "coordinates": [-87.58715256841984, 39.422975410714905]}, "properties": {"state": "IL", "cluster_id": 302, "county": "Clark", "severity": 53, "radius_m": 344.48939761000855, "share_of_state": 0.0008624196566593442}}, {"type": "Feature", "geometry": {"type": "Point", "coordinates": [-89.44766025067068, 41.85960008621251]}, "properties": {"state": "IL", "cluster_id": 504, "county": "Lee", "severity": 53, "radius_m": 100.0, "share_of_state": 0.0008624196566593442}}, {"type": "Feature", "geometry": {"type": "Point", "coordinates": [-88.00470624763781, 42.323192324987886]}, "properties": {"state": "IL", "cluster_id": 572, "county": "Lake", "severity": 53, "radius_m": 1903.7381334624106, "share_of_state": 0.0008624196566593442}}, {"type": "Feature", "geometry": {"type": "Point", "coordinates": [-89.37122226247183, 38.39675008756013]}, "properties": {"state": "IL", "cluster_id": 169, "county": "Washington", "severity": 52, "radius_m": 1722.7661661345187, "share_of_state": 0.0008461475876657717}}, {"type": "Feature", "geometry": {"type": "Point", "coordinates": [-88.60425425027304, 42.44185744441939]}, "properties": {"state": "IL", "cluster_id": 481, "county": "McHenry", "severity": 52, "radius_m": 1930.0888336825692, "share_of_state": 0.0008461475876657717}}, {"type": "Feature", "geometry": {"type": "Point", "coordinates": [-89.4836282025804, 40.94582781361607]}, "properties": {"state": "IL", "cluster_id": 552, "county": "Peoria", "severity": 52, "radius_m": 104.19890334434936, "share_of_state": 0.0008461475876657717}}, {"type": "Feature", "geometry": {"type": "Point", "coordinates": [-88.88878455696364, 40.39371185903825]}, "properties": {"state": "IL", "cluster_id": 693, "county": "McLean", "severity": 52, "radius_m": 212.35382469819447, "share_of_state": 0.0008461475876657717}}, {"type": "Feature", "geometry": {"type": "Point", "coordinates": [-91.18218390991305, 39.72253211364338]}, "properties": {"state": "IL", "cluster_id": 294, "county": "Pike", "severity": 51, "radius_m": 1757.567422826979, "share_of_state": 0.0008298755186721991}}, {"type": "Feature", "geometry": {"type": "Point", "coordinates": [-87.79913834370824, 39.07545055678909]}, "properties": {"state": "IL", "cluster_id": 432, "county": "Crawford", "severity": 51, "radius_m": 198.0142341518026, "share_of_state": 0.0008298755186721991}}, {"type": "Feature", "geometry": {"type": "Point", "coordinates": [-89.00628763219939, 39.679254403749674]}, "properties": {"state": "IL", "cluster_id": 781, "county": "Macon", "severity": 51, "radius_m": 102.90627624279284, "share_of_state": 0.0008298755186721991}}, {"type": "Feature", "geometry": {"type": "Point", "coordinates": [-90.7678554184707, 39.90770636552702]}, "properties": {"state": "IL", "cluster_id": 71, "county": "Brown", "severity": 50, "radius_m": 100.0, "share_of_state": 0.0008136034496786267}}, {"type": "Feature", "geometry": {"type": "Point", "coordinates": [-88.29953504756563, 39.27250938074262]}, "properties": {"state": "IL", "cluster_id": 85, "county": "Cumberland", "severity": 50, "radius_m": 127.18791590608136, "share_of_state": 0.0008136034496786267}}, {"type": "Feature", "geometry": {"type": "Point", "coordinates": [-89.17791898130312, 37.68905027089361]}, "properties": {"state": "IL", "cluster_id": 160, "county": "Jackson", "severity": 50, "radius_m": 221.1510914298509, "share_of_state": 0.0008136034496786267}}, {"type": "Feature", "geometry": {"type": "Point", "coordinates": [-90.14453145684611, 39.108307973860946]}, "properties": {"state": "IL", "cluster_id": 171, "county": "Macoupin", "severity": 50, "radius_m": 1530.2888256645267, "share_of_state": 0.0008136034496786267}}, {"type": "Feature", "geometry": {"type": "Point", "coordinates": [-88.63796400640429, 39.684147180909356]}, "properties": {"state": "IL", "cluster_id": 224, "county": "Moultrie", "severity": 50, "radius_m": 100.0, "share_of_state": 0.0008136034496786267}}, {"type": "Feature", "geometry": {"type": "Point", "coordinates": [-89.26658563397501, 39.54862348113322]}, "properties": {"state": "IL", "cluster_id": 293, "county": "Christian", "severity": 50, "radius_m": 2147.1382808321714, "share_of_state": 0.0008136034496786267}}, {"type": "Feature", "geometry": {"type": "Point", "coordinates": [-87.74077123049102, 38.96876716232952]}, "properties": {"state": "IL", "cluster_id": 317, "county": "Crawford", "severity": 50, "radius_m": 2258.9274824713575, "share_of_state": 0.0008136034496786267}}, {"type": "Feature", "geometry": {"type": "Point", "coordinates": [-87.76870010125194, 38.44175532822728]}, "properties": {"state": "IL", "cluster_id": 474, "county": "Wabash", "severity": 50, "radius_m": 265.00908062556357, "share_of_state": 0.0008136034496786267}}, {"type": "Feature", "geometry": {"type": "Point", "coordinates": [-89.64301303748672, 42.4507286149591]}, "properties": {"state": "IL", "cluster_id": 548, "county": "Stephenson", "severity": 50, "radius_m": 211.87745738846027, "share_of_state": 0.0008136034496786267}}, {"type": "Feature", "geometry": {"type": "Point", "coordinates": [-88.60211366832304, 42.30763537305571]}, "properties": {"state": "IL", "cluster_id": 562, "county": "McHenry", "severity": 50, "radius_m": 1564.8510665874896, "share_of_state": 0.0008136034496786267}}, {"type": "Feature", "geometry": {"type": "Point", "coordinates": [-88.10676836761174, 42.339299470952646]}, "properties": {"state": "IL", "cluster_id": 605, "county": "Lake", "severity": 50, "radius_m": 1991.9904098907402, "share_of_state": 0.0008136034496786267}}, {"type": "Feature", "geometry": {"type": "Point", "coordinates": [-88.30972757098733, 41.945889216117884]}, "properties": {"state": "IL", "cluster_id": 52, "county": "Kane", "severity": 49, "radius_m": 1453.4368112056613, "share_of_state": 0.0007973313806850541}}, {"type": "Feature", "geometry": {"type": "Point", "coordinates": [-89.49957777262237, 40.83816555726582]}, "properties": {"state": "IL", "cluster_id": 78, "county": "Woodford", "severity": 49, "radius_m": 100.0, "share_of_state": 0.0007973313806850541}}, {"type": "Feature", "geometry": {"type": "Point", "coordinates": [-88.13674030987046, 39.31779698750119]}, "properties": {"state": "IL", "cluster_id": 84, "county": "Cumberland", "severity": 49, "radius_m": 1757.607139281384, "share_of_state": 0.0007973313806850541}}, {"type": "Feature", "geometry": {"type": "Point", "coordinates": [-89.51635003277025, 39.17029843733012]}, "properties": {"state": "IL", "cluster_id": 333, "county": "Montgomery", "severity": 49, "radius_m": 216.16866909769752, "share_of_state": 0.0007973313806850541}}, {"type": "Feature", "geometry": {"type": "Point", "coordinates": [-88.70754343925742, 42.00368584000216]}, "properties": {"state": "IL", "cluster_id": 434, "county": "DeKalb", "severity": 49, "radius_m": 1401.5835842604617, "share_of_state": 0.0007973313806850541}}, {"type": "Feature", "geometry": {"type": "Point", "coordinates": [-88.01549189379143, 41.728211550302674]}, "properties": {"state": "IL", "cluster_id": 444, "county": "DuPage", "severity": 49, "radius_m": 1813.228013699195, "share_of_state": 0.0007973313806850541}}, {"type": "Feature", "geometry": {"type": "Point", "coordinates": [-88.19749874875399, 41.4885292924673]}, "properties": {"state": "IL", "cluster_id": 692, "county": "Will", "severity": 49, "radius_m": 1524.5318497178955, "share_of_state": 0.0007973313806850541}}, {"type": "Feature", "geometry": {"type": "Point", "coordinates": [-87.8606314660822, 42.27910499211582]}, "properties": {"state": "IL", "cluster_id": 1120, "county": "Lake", "severity": 49, "radius_m": 1846.887700559676, "share_of_state": 0.0007973313806850541}}, {"type": "Feature", "geometry": {"type": "Point", "coordinates": [-89.08558960012859, 38.89351396557631]}, "properties": {"state": "IL", "cluster_id": 20, "county": "Fayette", "severity": 48, "radius_m": 100.0, "share_of_state": 0.0007810593116914816}}, {"type": "Feature", "geometry": {"type": "Point", "coordinates": [-88.37901100970377, 42.30195363890983]}, "properties": {"state": "IL", "cluster_id": 193, "county": "McHenry", "severity": 48, "radius_m": 2114.9341620727423, "share_of_state": 0.0007810593116914816}}, {"type": "Feature", "geometry": {"type": "Point", "coordinates": [-89.89629497767783, 38.40860611962012]}, "properties": {"state": "IL", "cluster_id": 397, "county": "St. Clair", "severity": 48, "radius_m": 1663.7508713764282, "share_of_state": 0.0007810593116914816}}, {"type": "Feature", "geometry": {"type": "Point", "coordinates": [-89.81018895353314, 38.55306389217794]}, "properties": {"state": "IL", "cluster_id": 461, "county": "St. Clair", "severity": 48, "radius_m": 136.40690373039024, "share_of_state": 0.0007810593116914816}}, {"type": "Feature", "geometry": {"type": "Point", "coordinates": [-90.16024918438761, 39.73026118271378]}, "properties": {"state": "IL", "cluster_id": 545, "county": "Morgan", "severity": 48, "radius_m": 315.9483312088724, "share_of_state": 0.0007810593116914816}}, {"type": "Feature", "geometry": {"type": "Point", "coordinates": [-89.8126593932264, 39.21632280249116]}, "properties": {"state": "IL", "cluster_id": 255, "county": "Macoupin", "severity": 47, "radius_m": 100.0, "share_of_state": 0.000764787242697909}}, {"type": "Feature", "geometry": {"type": "Point", "coordinates": [-90.85065983969206, 39.67408203295335]}, "properties": {"state": "IL", "cluster_id": 409, "county": "Pike", "severity": 47, "radius_m": 365.0795649755778, "share_of_state": 0.000764787242697909}}, {"type": "Feature", "geometry": {"type": "Point", "coordinates": [-88.22981194963391, 41.28722049232595]}, "properties": {"state": "IL", "cluster_id": 455, "county": "Will", "severity": 47, "radius_m": 1356.08268482252, "share_of_state": 0.000764787242697909}}, {"type": "Feature", "geometry": {"type": "Point", "coordinates": [-88.43147231018867, 42.12478301363689]}, "properties": {"state": "IL", "cluster_id": 487, "county": "Kane", "severity": 47, "radius_m": 1787.8965647928212, "share_of_state": 0.000764787242697909}}, {"type": "Feature", "geometry": {"type": "Point", "coordinates": [-89.1172639019041, 38.57106915419051]}, "properties": {"state": "IL", "cluster_id": 503, "county": "Marion", "severity": 47, "radius_m": 1877.7524944590405, "share_of_state": 0.000764787242697909}}, {"type": "Feature", "geometry": {"type": "Point", "coordinates": [-88.3896623071231, 42.04940763364085]}, "properties": {"state": "IL", "cluster_id": 554, "county": "Kane", "severity": 47, "radius_m": 1590.5161648045062, "share_of_state": 0.000764787242697909}}, {"type": "Feature", "geometry": {"type": "Point", "coordinates": [-89.64527860039892, 39.28444140433033]}, "properties": {"state": "IL", "cluster_id": 568, "county": "Montgomery", "severity": 47, "radius_m": 1721.2174816581564, "share_of_state": 0.000764787242697909}}, {"type": "Feature", "geometry": {"type": "Point", "coordinates": [-89.82414099682515, 42.171794595442066]}, "properties": {"state": "IL", "cluster_id": 585, "county": "Carroll", "severity": 47, "radius_m": 100.0, "share_of_state": 0.000764787242697909}}, {"type": "Feature", "geometry": {"type": "Point", "coordinates": [-88.48811618189703, 38.08322513523036]}, "properties": {"state": "IL", "cluster_id": 587, "county": "Hamilton", "severity": 47, "radius_m": 100.0, "share_of_state": 0.000764787242697909}}, {"type": "Feature", "geometry": {"type": "Point", "coordinates": [-89.65358754136261, 38.61428282876704]}, "properties": {"state": "IL", "cluster_id": 608, "county": "Clinton", "severity": 47, "radius_m": 1399.011757379452, "share_of_state": 0.000764787242697909}}, {"type": "Feature", "geometry": {"type": "Point", "coordinates": [-88.26592849734207, 42.367617019238246]}, "properties": {"state": "IL", "cluster_id": 653, "county": "McHenry", "severity": 47, "radius_m": 1932.9654883173537, "share_of_state": 0.000764787242697909}}, {"type": "Feature", "geometry": {"type": "Point", "coordinates": [-90.0706543426032, 38.6624833597447]}, "properties": {"state": "IL", "cluster_id": 167, "county": "Madison", "severity": 46, "radius_m": 1839.8633997727072, "share_of_state": 0.0007485151737043366}}, {"type": "Feature", "geometry": {"type": "Point", "coordinates": [-91.21001274704824, 40.62574129384504]}, "properties": {"state": "IL", "cluster_id": 232, "county": "Hancock", "severity": 46, "radius_m": 100.0, "share_of_state": 0.0007485151737043366}}, {"type": "Feature", "geometry": {"type": "Point", "coordinates": [-90.30310416083263, 39.97889575461808]}, "properties": {"state": "IL", "cluster_id": 519, "county": "Cass", "severity": 46, "radius_m": 100.0, "share_of_state": 0.0007485151737043366}}, {"type": "Feature", "geometry": {"type": "Point", "coordinates": [-88.7990365282743, 39.97789841343548]}, "properties": {"state": "IL", "cluster_id": 173, "county": "Macon", "severity": 45, "radius_m": 100.0, "share_of_state": 0.000732243104710764}}, {"type": "Feature", "geometry": {"type": "Point", "coordinates": [-89.37765983026344, 37.77080343894857]}, "properties": {"state": "IL", "cluster_id": 492, "county": "Jackson", "severity": 45, "radius_m": 100.0, "share_of_state": 0.000732243104710764}}, {"type": "Feature", "geometry": {"type": "Point", "coordinates": [-89.38034715877083, 39.95283898114498]}, "properties": {"state": "IL", "cluster_id": 611, "county": "Logan", "severity": 45, "radius_m": 100.0, "share_of_state": 0.000732243104710764}}, {"type": "Feature", "geometry": {"type": "Point", "coordinates": [-88.08415992698612, 41.580451028368145]}, "properties": {"state": "IL", "cluster_id": 635, "county": "Will", "severity": 45, "radius_m": 1663.3400059325686, "share_of_state": 0.000732243104710764}}, {"type": "Feature", "geometry": {"type": "Point", "coordinates": [-90.25150770077734, 41.441579009746654]}, "properties": {"state": "IL", "cluster_id": 640, "county": "Henry", "severity": 45, "radius_m": 1987.9905043390236, "share_of_state": 0.000732243104710764}}, {"type": "Feature", "geometry": {"type": "Point", "coordinates": [-89.46903192733464, 41.82279933196026]}, "properties": {"state": "IL", "cluster_id": 877, "county": "Lee", "severity": 45, "radius_m": 1707.4740315076876, "share_of_state": 0.000732243104710764}}, {"type": "Feature", "geometry": {"type": "Point", "coordinates": [-88.99110647228605, 37.7725218997136]}, "properties": {"state": "IL", "cluster_id": 196, "county": "Williamson", "severity": 44, "radius_m": 1816.393064921216, "share_of_state": 0.0007159710357171914}}, {"type": "Feature", "geometry": {"type": "Point", "coordinates": [-87.68964212631924, 39.43079338372734]}, "properties": {"state": "IL", "cluster_id": 322, "county": "Clark", "severity": 44, "radius_m": 295.458688221225, "share_of_state": 0.0007159710357171914}}, {"type": "Feature", "geometry": {"type": "Point", "coordinates": [-90.37302178687855, 42.425647736580885]}, "properties": {"state": "IL", "cluster_id": 349, "county": "JoDaviess", "severity": 44, "radius_m": 100.0, "share_of_state": 0.0007159710357171914}}, {"type": "Feature", "geometry": {"type": "Point", "coordinates": [-90.33431695054156, 41.07340859325233]}, "properties": {"state": "IL", "cluster_id": 454, "county": "Knox", "severity": 44, "radius_m": 100.0, "share_of_state": 0.0007159710357171914}}, {"type": "Feature", "geometry": {"type": "Point", "coordinates": [-88.26353310265404, 42.07124933265063]}, "properties": {"state": "IL", "cluster_id": 553, "county": "Kane", "severity": 44, "radius_m": 1433.8550613571183, "share_of_state": 0.0007159710357171914}}, {"type": "Feature", "geometry": {"type": "Point", "coordinates": [-88.85739970185769, 42.33439812974874]}, "properties": {"state": "IL", "cluster_id": 806, "county": "Boone", "severity": 44, "radius_m": 1693.125886706197, "share_of_state": 0.0007159710357171914}}, {"type": "Feature", "geometry": {"type": "Point", "coordinates": [-90.33216958541288, 41.20089902033451]}, "properties": {"state": "IL", "cluster_id": 39, "county": "Henry", "severity": 43, "radius_m": 100.0, "share_of_state": 0.0006996989667236189}}, {"type": "Feature", "geometry": {"type": "Point", "coordinates": [-89.04528297171193, 40.12058453069889]}, "properties": {"state": "IL", "cluster_id": 162, "county": "DeWitt", "severity": 43, "radius_m": 100.0, "share_of_state": 0.0006996989667236189}}, {"type": "Feature", "geometry": {"type": "Point", "coordinates": [-89.68809152540561, 41.37858524609717]}, "properties": {"state": "IL", "cluster_id": 251, "county": "Bureau", "severity": 43, "radius_m": 1514.888675086939, "share_of_state": 0.0006996989667236189}}, {"type": "Feature", "geometry": {"type": "Point", "coordinates": [-89.9250915839185, 38.4705667555259]}, "properties": {"state": "IL", "cluster_id": 329, "county": "St. Clair", "severity": 43, "radius_m": 253.5230375841297, "share_of_state": 0.0006996989667236189}}, {"type": "Feature", "geometry": {"type": "Point", "coordinates": [-89.58647718711346, 41.408588765334294]}, "properties": {"state": "IL", "cluster_id": 451, "county": "Bureau", "severity": 43, "radius_m": 2008.421068609703, "share_of_state": 0.0006996989667236189}}, {"type": "Feature", "geometry": {"type": "Point", "coordinates": [-89.50764661624773, 41.39370954636745]}, "properties": {"state": "IL", "cluster_id": 551, "county": "Bureau", "severity": 43, "radius_m": 1547.7225869356273, "share_of_state": 0.0006996989667236189}}, {"type": "Feature", "geometry": {"type": "Point", "coordinates": [-88.93688004714028, 37.86967988173967]}, "properties": {"state": "IL", "cluster_id": 634, "county": "Franklin", "severity": 43, "radius_m": 1591.4639023897848, "share_of_state": 0.0006996989667236189}}, {"type": "Feature", "geometry": {"type": "Point", "coordinates": [-89.75239874655841, 38.773573617174335]}, "properties": {"state": "IL", "cluster_id": 701, "county": "Madison", "severity": 43, "radius_m": 1864.080057266342, "share_of_state": 0.0006996989667236189}}, {"type": "Feature", "geometry": {"type": "Point", "coordinates": [-89.27676363720191, 40.72260536547295]}, "properties": {"state": "IL", "cluster_id": 161, "county": "Woodford", "severity": 42, "radius_m": 355.4162474541551, "share_of_state": 0.0006834268977300463}}, {"type": "Feature", "geometry": {"type": "Point", "coordinates": [-88.60501309706335, 42.22279883743685]}, "properties": {"state": "IL", "cluster_id": 235, "county": "McHenry", "severity": 42, "radius_m": 1602.2859640500023, "share_of_state": 0.0006834268977300463}}, {"type": "Feature", "geometry": {"type": "Point", "coordinates": [-90.58723993115653, 41.17067709570152]}, "properties": {"state": "IL", "cluster_id": 248, "county": "Mercer", "severity": 42, "radius_m": 100.0, "share_of_state": 0.0006834268977300463}}, {"type": "Feature", "geometry": {"type": "Point", "coordinates": [-89.03386228418991, 40.15285142785511]}, "properties": {"state": "IL", "cluster_id": 256, "county": "DeWitt", "severity": 42, "radius_m": 100.0, "share_of_state": 0.0006834268977300463}}, {"type": "Feature", "geometry": {"type": "Point", "coordinates": [-88.89731755538875, 40.66333947418628]}, "properties": {"state": "IL", "cluster_id": 314, "county": "McLean", "severity": 42, "radius_m": 1576.1700772569172, "share_of_state": 0.0006834268977300463}}, {"type": "Feature", "geometry": {"type": "Point", "coordinates": [-88.72283470586123, 39.52005196791478]}, "properties": {"state": "IL", "cluster_id": 525, "county": "Shelby", "severity": 42, "radius_m": 324.4705359792669, "share_of_state": 0.0006834268977300463}}, {"type": "Feature", "geometry": {"type": "Point", "coordinates": [-89.16677517385463, 38.3885438577832]}, "properties": {"state": "IL", "cluster_id": 618, "county": "Washington", "severity": 42, "radius_m": 236.66236027307463, "share_of_state": 0.0006834268977300463}}, {"type": "Feature", "geometry": {"type": "Point", "coordinates": [-90.29314608409784, 38.93698984712588]}, "properties": {"state": "IL", "cluster_id": 664, "county": "Jersey", "severity": 42, "radius_m": 100.0, "share_of_state": 0.0006834268977300463}}, {"type": "Feature", "geometry": {"type": "Point", "coordinates": [-90.08224812807059, 40.2652127021788]}, "properties": {"state": "IL", "cluster_id": 666, "county": "Mason", "severity": 42, "radius_m": 100.0, "share_of_state": 0.0006834268977300463}}, {"type": "Feature", "geometry": {"type": "Point", "coordinates": [-90.16290543411971, 39.012929398016254]}, "properties": {"state": "IL", "cluster_id": 667, "county": "Jersey", "severity": 42, "radius_m": 100.0, "share_of_state": 0.0006834268977300463}}, {"type": "Feature", "geometry": {"type": "Point", "coordinates": [-88.34316958094355, 41.934257272812445]}, "properties": {"state": "IL", "cluster_id": 741, "county": "Kane", "severity": 42, "radius_m": 396.0428639471226, "share_of_state": 0.0006834268977300463}}, {"type": "Feature", "geometry": {"type": "Point", "coordinates": [-88.11663973069754, 40.42170475862653]}, "properties": {"state": "IL", "cluster_id": 755, "county": "Ford", "severity": 42, "radius_m": 1704.7539462166453, "share_of_state": 0.0006834268977300463}}, {"type": "Feature", "geometry": {"type": "Point", "coordinates": [-88.41802635980561, 41.910496200335054]}, "properties": {"state": "IL", "cluster_id": 824, "county": "Kane", "severity": 42, "radius_m": 1356.7231231549827, "share_of_state": 0.0006834268977300463}}, {"type": "Feature", "geometry": {"type": "Point", "coordinates": [-87.60358752238096, 40.18070577785714]}, "properties": {"state": "IL", "cluster_id": 1129, "county": "Vermilion", "severity": 42, "radius_m": 176.1649951096822, "share_of_state": 0.0006834268977300463}}, {"type": "Feature", "geometry": {"type": "Point", "coordinates": [-88.56871119542302, 42.22315121425722]}, "properties": {"state": "IL", "cluster_id": 155, "county": "McHenry", "severity": 41, "radius_m": 355.64652586373563, "share_of_state": 0.0006671548287364739}}, {"type": "Feature", "geometry": {"type": "Point", "coordinates": [-88.0945965013853, 38.78235322465274]}, "properties": {"state": "IL", "cluster_id": 246, "county": "Richland", "severity": 41, "radius_m": 100.0, "share_of_state": 0.0006671548287364739}}, {"type": "Feature", "geometry": {"type": "Point", "coordinates": [-87.6840275264358, 39.55635499899539]}, "properties": {"state": "IL", "cluster_id": 429, "county": "Edgar", "severity": 41, "radius_m": 100.0, "share_of_state": 0.0006671548287364739}}, {"type": "Feature", "geometry": {"type": "Point", "coordinates": [-90.59466202825219, 41.454690221358725]}, "properties": {"state": "IL", "cluster_id": 561, "county": "Rock Island", "severity": 41, "radius_m": 1526.236495072667, "share_of_state": 0.0006671548287364739}}, {"type": "Feature", "geometry": {"type": "Point", "coordinates": [-90.3519003896732, 39.99001594308202]}, "properties": {"state": "IL", "cluster_id": 591, "county": "Cass", "severity": 41, "radius_m": 100.0, "share_of_state": 0.0006671548287364739}}, {"type": "Feature", "geometry": {"type": "Point", "coordinates": [-89.74477212242759, 40.6922321547102]}, "properties": {"state": "IL", "cluster_id": 748, "county": "Peoria", "severity": 41, "radius_m": 1916.3679578637446, "share_of_state": 0.0006671548287364739}}, {"type": "Feature", "geometry": {"type": "Point", "coordinates": [-90.65826183193265, 40.84890643869107]}, "properties": {"state": "IL", "cluster_id": 876, "county": "Warren", "severity": 41, "radius_m": 100.0, "share_of_state": 0.0006671548287364739}}, {"type": "Feature", "geometry": {"type": "Point", "coordinates": [-91.27044188504883, 39.93271703513237]}, "properties": {"state": "IL", "cluster_id": 64, "county": "Adams", "severity": 40, "radius_m": 100.0, "share_of_state": 0.0006508827597429013}}, {"type": "Feature", "geometry": {"type": "Point", "coordinates": [-88.07298949429688, 39.27620256973329]}, "properties": {"state": "IL", "cluster_id": 90, "county": "Cumberland", "severity": 40, "radius_m": 313.2573857971768, "share_of_state": 0.0006508827597429013}}, {"type": "Feature", "geometry": {"type": "Point", "coordinates": [-88.52714250740772, 39.10772179562693]}, "properties": {"state": "IL", "cluster_id": 119, "county": "Effingham", "severity": 40, "radius_m": 1485.7321013193375, "share_of_state": 0.0006508827597429013}}, {"type": "Feature", "geometry": {"type": "Point", "coordinates": [-88.0205113543091, 42.47434791570247]}, "properties": {"state": "IL", "cluster_id": 194, "county": "Lake", "severity": 40, "radius_m": 1667.6358709235828, "share_of_state": 0.0006508827597429013}}, {"type": "Feature", "geometry": {"type": "Point", "coordinates": [-89.28371446860206, 40.057371963105695]}, "properties": {"state": "IL", "cluster_id": 281, "county": "Logan", "severity": 40, "radius_m": 100.0, "share_of_state": 0.0006508827597429013}}, {"type": "Feature", "geometry": {"type": "Point", "coordinates": [-89.9652210511455, 39.20956813612048]}, "properties": {"state": "IL", "cluster_id": 360, "county": "Macoupin", "severity": 40, "radius_m": 179.1678511679758, "share_of_state": 0.0006508827597429013}}, {"type": "Feature", "geometry": {"type": "Point", "coordinates": [-90.86562647955957, 41.396757141704384]}, "properties": {"state": "IL", "cluster_id": 383, "county": "Rock Island", "severity": 40, "radius_m": 100.0, "share_of_state": 0.0006508827597429013}}, {"type": "Feature", "geometry": {"type": "Point", "coordinates": [-90.52720879861621, 41.405388984156886]}, "properties": {"state": "IL", "cluster_id": 460, "county": "Rock Island", "severity": 40, "radius_m": 1583.0148410192764, "share_of_state": 0.0006508827597429013}}, {"type": "Feature", "geometry": {"type": "Point", "coordinates": [-89.91059283490479, 41.31499900661011]}, "properties": {"state": "IL", "cluster_id": 516, "county": "Henry", "severity": 40, "radius_m": 100.0, "share_of_state": 0.0006508827597429013}}, {"type": "Feature", "geometry": {"type": "Point", "coordinates": [-89.51996687763233, 40.78289627180037]}, "properties": {"state": "IL", "cluster_id": 522, "county": "Woodford", "severity": 40, "radius_m": 1394.595836435063, "share_of_state": 0.0006508827597429013}}, {"type": "Feature", "geometry": {"type": "Point", "coordinates": [-89.0407948347378, 38.36105257553906]}, "properties": {"state": "IL", "cluster_id": 530, "county": "Jefferson", "severity": 40, "radius_m": 243.25861400539634, "share_of_state": 0.0006508827597429013}}, {"type": "Feature", "geometry": {"type": "Point", "coordinates": [-90.2256841600913, 38.47173673705718]}, "properties": {"state": "IL", "cluster_id": 560, "county": "Monroe", "severity": 40, "radius_m": 1719.5174919501653, "share_of_state": 0.0006508827597429013}}, {"type": "Feature", "geometry": {"type": "Point", "coordinates": [-89.89390339173633, 39.866424147971124]}, "properties": {"state": "IL", "cluster_id": 687, "county": "Sangamon", "severity": 40, "radius_m": 100.0, "share_of_state": 0.0006508827597429013}}, {"type": "Feature", "geometry": {"type": "Point", "coordinates": [-88.49363378547412, 41.646266343601646]}, "properties": {"state": "IL", "cluster_id": 942, "county": "Kendall", "severity": 40, "radius_m": 1587.8183683512286, "share_of_state": 0.0006508827597429013}}, {"type": "Feature", "geometry": {"type": "Point", "coordinates": [-88.9185542528135, 42.27625731476199]}, "properties": {"state": "IL", "cluster_id": 68, "county": "Boone", "severity": 39, "radius_m": 391.3279955678685, "share_of_state": 0.0006346106907493288}}, {"type": "Feature", "geometry": {"type": "Point", "coordinates": [-90.10952135159354, 38.27440770465634]}, "properties": {"state": "IL", "cluster_id": 252, "county": "Monroe", "severity": 39, "radius_m": 175.2717524977337, "share_of_state": 0.0006346106907493288}}, {"type": "Feature", "geometry": {"type": "Point", "coordinates": [-90.01848729051332, 38.512991251421305]}, "properties": {"state": "IL", "cluster_id": 355, "county": "St. Clair", "severity": 39, "radius_m": 1702.5812130905242, "share_of_state": 0.0006346106907493288}}, {"type": "Feature", "geometry": {"type": "Point", "coordinates": [-89.9241696326768, 41.2726204615919]}, "properties": {"state": "IL", "cluster_id": 402, "county": "Henry", "severity": 39, "radius_m": 1582.956462030106, "share_of_state": 0.0006346106907493288}}, {"type": "Feature", "geometry": {"type": "Point", "coordinates": [-88.53231771765425, 38.066387404018855]}, "properties": {"state": "IL", "cluster_id": 405, "county": "Hamilton", "severity": 39, "radius_m": 100.0, "share_of_state": 0.0006346106907493288}}, {"type": "Feature", "geometry": {"type": "Point", "coordinates": [-89.7341216607477, 38.130999651464684]}, "properties": {"state": "IL", "cluster_id": 558, "county": "Randolph", "severity": 39, "radius_m": 1852.2813738597683, "share_of_state": 0.0006346106907493288}}, {"type": "Feature", "geometry": {"type": "Point", "coordinates": [-89.4026167811383, 40.56781665880172]}, "properties": {"state": "IL", "cluster_id": 609, "county": "Tazewell", "severity": 39, "radius_m": 1428.7515196920547, "share_of_state": 0.0006346106907493288}}, {"type": "Feature", "geometry": {"type": "Point", "coordinates": [-89.51625143883763, 41.7968273705438]}, "properties": {"state": "IL", "cluster_id": 680, "county": "Lee", "severity": 39, "radius_m": 254.74620615438005, "share_of_state": 0.0006346106907493288}}, {"type": "Feature", "geometry": {"type": "Point", "coordinates": [-89.37467860495094, 41.40047100476954]}, "properties": {"state": "IL", "cluster_id": 685, "county": "Bureau", "severity": 39, "radius_m": 241.33389425666266, "share_of_state": 0.0006346106907493288}}, {"type": "Feature", "geometry": {"type": "Point", "coordinates": [-90.75243143307291, 41.16729513821839]}, "properties": {"state": "IL", "cluster_id": 747, "county": "Mercer", "severity": 39, "radius_m": 100.0, "share_of_state": 0.0006346106907493288}}, {"type": "Feature", "geometry": {"type": "Point", "coordinates": [-90.17521477415464, 40.44853332892991]}, "properties": {"state": "IL", "cluster_id": 1021, "county": "Fulton", "severity": 39, "radius_m": 100.0, "share_of_state": 0.0006346106907493288}}, {"type": "Feature", "geometry": {"type": "Point", "coordinates": [-87.82494569613796, 38.71677858232365]}, "properties": {"state": "IL", "cluster_id": 12, "county": "Lawrence", "severity": 38, "radius_m": 100.0, "share_of_state": 0.0006183386217557562}}, {"type": "Feature", "geometry": {"type": "Point", "coordinates": [-90.1217677784483, 42.06755497462383]}, "properties": {"state": "IL", "cluster_id": 28, "county": "Carroll", "severity": 38, "radius_m": 299.6612795680713, "share_of_state": 0.0006183386217557562}}, {"type": "Feature", "geometry": {"type": "Point", "coordinates": [-90.75090116551863, 40.41889516624527]}, "properties": {"state": "IL", "cluster_id": 43, "county": "McDonough", "severity": 38, "radius_m": 117.50883501900321, "share_of_state": 0.0006183386217557562}}, {"type": "Feature", "geometry": {"type": "Point", "coordinates": [-90.27788612742548, 40.56383610131028]}, "properties": {"state": "IL", "cluster_id": 76, "county": "Fulton", "severity": 38, "radius_m": 927.5740616626167, "share_of_state": 0.0006183386217557562}}, {"type": "Feature", "geometry": {"type": "Point", "coordinates": [-89.47350486513827, 38.13837807668672]}, "properties": {"state": "IL", "cluster_id": 94, "county": "Perry", "severity": 38, "radius_m": 100.0, "share_of_state": 0.0006183386217557562}}, {"type": "Feature", "geometry": {"type": "Point", "coordinates": [-90.62973150010691, 41.20360227031144]}, "properties": {"state": "IL", "cluster_id": 247, "county": "Mercer", "severity": 38, "radius_m": 100.0, "share_of_state": 0.0006183386217557562}}, {"type": "Feature", "geometry": {"type": "Point", "coordinates": [-88.82679908414833, 39.80558402377918]}, "properties": {"state": "IL", "cluster_id": 371, "county": "Macon", "severity": 38, "radius_m": 249.16238254889836, "share_of_state": 0.0006183386217557562}}, {"type": "Feature", "geometry": {"type": "Point", "coordinates": [-87.77125500867804, 42.05533681667613]}, "properties": {"state": "IL", "cluster_id": 412, "county": "Cook", "severity": 38, "radius_m": 1387.8881255423885, "share_of_state": 0.0006183386217557562}}, {"type": "Feature", "geometry": {"type": "Point", "coordinates": [-88.30057763986534, 42.41657724414796]}, "properties": {"state": "IL", "cluster_id": 416, "county": "McHenry", "severity": 38, "radius_m": 100.0, "share_of_state": 0.0006183386217557562}}, {"type": "Feature", "geometry": {"type": "Point", "coordinates": [-89.11426894786798, 40.735331445834625]}, "properties": {"state": "IL", "cluster_id": 470, "county": "Woodford", "severity": 38, "radius_m": 200.55781166346432, "share_of_state": 0.0006183386217557562}}, {"type": "Feature", "geometry": {"type": "Point", "coordinates": [-90.33409326692538, 40.5688485928809]}, "properties": {"state": "IL", "cluster_id": 497, "county": "Fulton", "severity": 38, "radius_m": 100.0, "share_of_state": 0.0006183386217557562}}, {"type": "Feature", "geometry": {"type": "Point", "coordinates": [-88.33899306773283, 42.032068405848634]}, "properties": {"state": "IL", "cluster_id": 527, "county": "Kane", "severity": 38, "radius_m": 1283.9308029344431, "share_of_state": 0.0006183386217557562}}, {"type": "Feature", "geometry": {"type": "Point", "coordinates": [-87.99278779890572, 41.52891252066227]}, "properties": {"state": "IL", "cluster_id": 533, "county": "Will", "severity": 38, "radius_m": 1442.6799269739217, "share_of_state": 0.0006183386217557562}}, {"type": "Feature", "geometry": {"type": "Point", "coordinates": [-89.5965197905479, 40.75447053871166]}, "properties": {"state": "IL", "cluster_id": 637, "county": "Peoria", "severity": 38, "radius_m": 1339.3587813852218, "share_of_state": 0.0006183386217557562}}, {"type": "Feature", "geometry": {"type": "Point", "coordinates": [-88.87952295003547, 38.31848747659931]}, "properties": {"state": "IL", "cluster_id": 641, "county": "Jefferson", "severity": 38, "radius_m": 1410.7067646968492, "share_of_state": 0.0006183386217557562}}, {"type": "Feature", "geometry": {"type": "Point", "coordinates": [-90.11231481453898, 40.88621855869109]}, "properties": {"state": "IL", "cluster_id": 652, "county": "Knox", "severity": 38, "radius_m": 100.0, "share_of_state": 0.0006183386217557562}}, {"type": "Feature", "geometry": {"type": "Point", "coordinates": [-89.18556842238796, 42.22133247094358]}, "properties": {"state": "IL", "cluster_id": 758, "county": "Winnebago", "severity": 38, "radius_m": 1626.7127364642874, "share_of_state": 0.0006183386217557562}}, {"type": "Feature", "geometry": {"type": "Point", "coordinates": [-90.33379824131681, 40.95293547071957]}, "properties": {"state": "IL", "cluster_id": 794, "county": "Knox", "severity": 38, "radius_m": 1374.860456748859, "share_of_state": 0.0006183386217557562}}, {"type": "Feature", "geometry": {"type": "Point", "coordinates": [-89.82099992252584, 37.95181871053698]}, "properties": {"state": "IL", "cluster_id": 54, "county": "Randolph", "severity": 37, "radius_m": 100.0, "share_of_state": 0.0006020665527621837}}, {"type": "Feature", "geometry": {"type": "Point", "coordinates": [-88.52116085242663, 38.9137532317641]}, "properties": {"state": "IL", "cluster_id": 102, "county": "Clay", "severity": 37, "radius_m": 100.0, "share_of_state": 0.0006020665527621837}}, {"type": "Feature", "geometry": {"type": "Point", "coordinates": [-88.00293508133764, 38.23276549636866]}, "properties": {"state": "IL", "cluster_id": 286, "county": "White", "severity": 37, "radius_m": 1298.2003566294275, "share_of_state": 0.0006020665527621837}}, {"type": "Feature", "geometry": {"type": "Point", "coordinates": [-89.34236705755279, 37.96394578781213]}, "properties": {"state": "IL", "cluster_id": 399, "county": "Perry", "severity": 37, "radius_m": 1671.207473691131, "share_of_state": 0.0006020665527621837}}, {"type": "Feature", "geometry": {"type": "Point", "coordinates": [-89.27907011093433, 42.283702758006925]}, "properties": {"state": "IL", "cluster_id": 595, "county": "Winnebago", "severity": 37, "radius_m": 100.0, "share_of_state": 0.0006020665527621837}}, {"type": "Feature", "geometry": {"type": "Point", "coordinates": [-87.86305717798564, 42.20054721517386]}, "properties": {"state": "IL", "cluster_id": 765, "county": "Lake", "severity": 37, "radius_m": 1269.4633985155876, "share_of_state": 0.0006020665527621837}}, {"type": "Feature", "geometry": {"type": "Point", "coordinates": [-87.92891257574009, 41.54477318927682]}, "properties": {"state": "IL", "cluster_id": 847, "county": "Will", "severity": 37, "radius_m": 1646.7268133073587, "share_of_state": 0.0006020665527621837}}, {"type": "Feature", "geometry": {"type": "Point", "coordinates": [-88.262075931553, 41.97599790935532]}, "properties": {"state": "IL", "cluster_id": 906, "county": "Kane", "severity": 37, "radius_m": 1882.908666610121, "share_of_state": 0.0006020665527621837}}, {"type": "Feature", "geometry": {"type": "Point", "coordinates": [-91.21801523143392, 40.01682103685943]}, "properties": {"state": "IL", "cluster_id": 63, "county": "Adams", "severity": 36, "radius_m": 100.0, "share_of_state": 0.0005857944837686112}}, {"type": "Feature", "geometry": {"type": "Point", "coordinates": [-89.75303922220107, 39.97926520239502]}, "properties": {"state": "IL", "cluster_id": 96, "county": "Menard", "severity": 36, "radius_m": 100.0, "share_of_state": 0.0005857944837686112}}, {"type": "Feature", "geometry": {"type": "Point", "coordinates": [-89.43357099556476, 40.882660151645496]}, "properties": {"state": "IL", "cluster_id": 226, "county": "Woodford", "severity": 36, "radius_m": 100.0, "share_of_state": 0.0005857944837686112}}, {"type": "Feature", "geometry": {"type": "Point", "coordinates": [-88.60826753581163, 41.28451302582586]}, "properties": {"state": "IL", "cluster_id": 274, "county": "LaSalle", "severity": 36, "radius_m": 390.59390478486205, "share_of_state": 0.0005857944837686112}}, {"type": "Feature", "geometry": {"type": "Point", "coordinates": [-89.07843941803768, 42.34547060948026]}, "properties": {"state": "IL", "cluster_id": 299, "county": "Winnebago", "severity": 36, "radius_m": 100.0, "share_of_state": 0.0005857944837686112}}, {"type": "Feature", "geometry": {"type": "Point", "coordinates": [-88.50752309524792, 38.78822833406983]}, "properties": {"state": "IL", "cluster_id": 391, "county": "Clay", "severity": 36, "radius_m": 100.0, "share_of_state": 0.0005857944837686112}}, {"type": "Feature", "geometry": {"type": "Point", "coordinates": [-88.14111428907282, 37.90936617761528]}, "properties": {"state": "IL", "cluster_id": 452, "county": "Gallatin", "severity": 36, "radius_m": 265.88442399882183, "share_of_state": 0.0005857944837686112}}, {"type": "Feature", "geometry": {"type": "Point", "coordinates": [-89.02463322629829, 39.3873620190172]}, "properties": {"state": "IL", "cluster_id": 477, "county": "Shelby", "severity": 36, "radius_m": 1557.1710181631024, "share_of_state": 0.0005857944837686112}}, {"type": "Feature", "geometry": {"type": "Point", "coordinates": [-88.54108990021322, 38.26759679238495]}, "properties": {"state": "IL", "cluster_id": 624, "county": "Wayne", "severity": 36, "radius_m": 204.01895033985429, "share_of_state": 0.0005857944837686112}}, {"type": "Feature", "geometry": {"type": "Point", "coordinates": [-89.56262782679579, 40.72340471051312]}, "properties": {"state": "IL", "cluster_id": 678, "county": "Peoria", "severity": 36, "radius_m": 1577.1907569918903, "share_of_state": 0.0005857944837686112}}, {"type": "Feature", "geometry": {"type": "Point", "coordinates": [-88.95463148458225, 38.474895788793106]}, "properties": {"state": "IL", "cluster_id": 698, "county": "Jefferson", "severity": 36, "radius_m": 1416.7725631171343, "share_of_state": 0.0005857944837686112}}, {"type": "Feature", "geometry": {"type": "Point", "coordinates": [-88.74177403756131, 40.32267495964918]}, "properties": {"state": "IL", "cluster_id": 732, "county": "McLean", "severity": 36, "radius_m": 137.2498767806909, "share_of_state": 0.0005857944837686112}}, {"type": "Feature", "geometry": {"type": "Point", "coordinates": [-88.94173585141168, 38.71008822236612]}, "properties": {"state": "IL", "cluster_id": 785, "county": "Marion", "severity": 36, "radius_m": 1496.6003285720944, "share_of_state": 0.0005857944837686112}}, {"type": "Feature", "geometry": {"type": "Point", "coordinates": [-88.44364528542047, 42.29414666630344]}, "properties": {"state": "IL", "cluster_id": 835, "county": "McHenry", "severity": 36, "radius_m": 1595.8789788191962, "share_of_state": 0.0005857944837686112}}, {"type": "Feature", "geometry": {"type": "Point", "coordinates": [-89.78790727998644, 39.86646628354836]}, "properties": {"state": "IL", "cluster_id": 862, "county": "Sangamon", "severity": 36, "radius_m": 100.0, "share_of_state": 0.0005857944837686112}}, {"type": "Feature", "geometry": {"type": "Point", "coordinates": [-87.90330803611111, 42.14841307285556]}, "properties": {"state": "IL", "cluster_id": 986, "county": "Cook", "severity": 36, "radius_m": 1240.235512257928, "share_of_state": 0.0005857944837686112}}, {"type": "Feature", "geometry": {"type": "Point", "coordinates": [-88.29443636427028, 41.208513827643756]}, "properties": {"state": "IL", "cluster_id": 1036, "county": "Grundy", "severity": 36, "radius_m": 1605.879657870583, "share_of_state": 0.0005857944837686112}}, {"type": "Feature", "geometry": {"type": "Point", "coordinates": [-87.77718569279406, 40.13375040560357]}, "properties": {"state": "IL", "cluster_id": 1040, "county": "Vermilion", "severity": 36, "radius_m": 1702.247855874323, "share_of_state": 0.0005857944837686112}}, {"type": "Feature", "geometry": {"type": "Point", "coordinates": [-88.58868855400614, 42.28529250918921]}, "properties": {"state": "IL", "cluster_id": 174, "county": "McHenry", "severity": 35, "radius_m": 346.14257508922753, "share_of_state": 0.0005695224147750387}}, {"type": "Feature", "geometry": {"type": "Point", "coordinates": [-89.66707421210603, 40.53793995535072]}, "properties": {"state": "IL", "cluster_id": 204, "county": "Tazewell", "severity": 35, "radius_m": 1096.4965400011313, "share_of_state": 0.0005695224147750387}}, {"type": "Feature", "geometry": {"type": "Point", "coordinates": [-87.72607411428237, 39.41137200185832]}, "properties": {"state": "IL", "cluster_id": 264, "county": "Clark", "severity": 35, "radius_m": 1249.0951848813581, "share_of_state": 0.0005695224147750387}}, {"type": "Feature", "geometry": {"type": "Point", "coordinates": [-90.41669869280469, 39.68138385630046]}, "properties": {"state": "IL", "cluster_id": 450, "county": "Scott", "severity": 35, "radius_m": 100.0, "share_of_state": 0.0005695224147750387}}, {"type": "Feature", "geometry": {"type": "Point", "coordinates": [-89.05453893400838, 37.94763882475676]}, "properties": {"state": "IL", "cluster_id": 469, "county": "Franklin", "severity": 35, "radius_m": 100.0, "share_of_state": 0.0005695224147750387}}, {"type": "Feature", "geometry": {"type": "Point", "coordinates": [-88.73433065413559, 41.96627845763741]}, "properties": {"state": "IL", "cluster_id": 679, "county": "DeKalb", "severity": 35, "radius_m": 1403.9701438785903, "share_of_state": 0.0005695224147750387}}, {"type": "Feature", "geometry": {"type": "Point", "coordinates": [-88.15968986495257, 39.836346225279435]}, "properties": {"state": "IL", "cluster_id": 686, "county": "Douglas", "severity": 35, "radius_m": 100.0, "share_of_state": 0.0005695224147750387}}, {"type": "Feature", "geometry": {"type": "Point", "coordinates": [-90.09096679768918, 38.6125281096607]}, "properties": {"state": "IL", "cluster_id": 804, "county": "St. Clair", "severity": 35, "radius_m": 1702.8923830978772, "share_of_state": 0.0005695224147750387}}, {"type": "Feature", "geometry": {"type": "Point", "coordinates": [-88.15887193591519, 42.292430623708675]}, "properties": {"state": "IL", "cluster_id": 836, "county": "Lake", "severity": 35, "radius_m": 143.01076237306864, "share_of_state": 0.0005695224147750387}}, {"type": "Feature", "geometry": {"type": "Point", "coordinates": [-90.33251873482311, 41.13140614061675]}, "properties": {"state": "IL", "cluster_id": 872, "county": "Knox", "severity": 35, "radius_m": 190.05438345186982, "share_of_state": 0.0005695224147750387}}, {"type": "Feature", "geometry": {"type": "Point", "coordinates": [-88.16856493992994, 41.596897045389824]}, "properties": {"state": "IL", "cluster_id": 16, "county": "Will", "severity": 34, "radius_m": 1483.038408320105, "share_of_state": 0.0005532503457814661}}, {"type": "Feature", "geometry": {"type": "Point", "coordinates": [-89.19159251336339, 41.30039533136247]}, "properties": {"state": "IL", "cluster_id": 24, "county": "Putnam", "severity": 34, "radius_m": 1214.5846327330219, "share_of_state": 0.0005532503457814661}}, {"type": "Feature", "geometry": {"type": "Point", "coordinates": [-90.60136422982595, 40.30518514334565]}, "properties": {"state": "IL", "cluster_id": 47, "county": "McDonough", "severity": 34, "radius_m": 100.0, "share_of_state": 0.0005532503457814661}}, {"type": "Feature", "geometry": {"type": "Point", "coordinates": [-89.35234755270967, 41.90802454284582]}, "properties": {"state": "IL", "cluster_id": 126, "county": "Ogle", "severity": 34, "radius_m": 100.0, "share_of_state": 0.0005532503457814661}}, {"type": "Feature", "geometry": {"type": "Point", "coordinates": [-90.92342452273668, 41.397037671146194]}, "properties": {"state": "IL", "cluster_id": 159, "county": "Rock Island", "severity": 34, "radius_m": 178.3588041406122, "share_of_state": 0.0005532503457814661}}, {"type": "Feature", "geometry": {"type": "Point", "coordinates": [-88.56751870246553, 37.707611638420474]}, "properties": {"state": "IL", "cluster_id": 189, "county": "Saline", "severity": 34, "radius_m": 100.0, "share_of_state": 0.0005532503457814661}}, {"type": "Feature", "geometry": {"type": "Point", "coordinates": [-90.19521759716396, 38.32463693715447]}, "properties": {"state": "IL", "cluster_id": 296, "county": "Monroe", "severity": 34, "radius_m": 100.0, "share_of_state": 0.0005532503457814661}}, {"type": "Feature", "geometry": {"type": "Point", "coordinates": [-90.30332947630457, 40.48062204115354]}, "properties": {"state": "IL", "cluster_id": 331, "county": "Fulton", "severity": 34, "radius_m": 102.15231953129741, "share_of_state": 0.0005532503457814661}}, {"type": "Feature", "geometry": {"type": "Point", "coordinates": [-88.31015714460534, 41.51241285066943]}, "properties": {"state": "IL", "cluster_id": 386, "county": "Kendall", "severity": 34, "radius_m": 100.0, "share_of_state": 0.0005532503457814661}}, {"type": "Feature", "geometry": {"type": "Point", "coordinates": [-89.66832150340419, 38.08450434936646]}, "properties": {"state": "IL", "cluster_id": 439, "county": "Randolph", "severity": 34, "radius_m": 148.67188754408258, "share_of_state": 0.0005532503457814661}}, {"type": "Feature", "geometry": {"type": "Point", "coordinates": [-91.14399070161937, 40.59326247439405]}, "properties": {"state": "IL", "cluster_id": 453, "county": "Hancock", "severity": 34, "radius_m": 1604.6886823597645, "share_of_state": 0.0005532503457814661}}, {"type": "Feature", "geometry": {"type": "Point", "coordinates": [-88.65653536416936, 39.72351811747207]}, "properties": {"state": "IL", "cluster_id": 475, "county": "Moultrie", "severity": 34, "radius_m": 124.69354552710851, "share_of_state": 0.0005532503457814661}}, {"type": "Feature", "geometry": {"type": "Point", "coordinates": [-89.23285947462547, 37.486364441659894]}, "properties": {"state": "IL", "cluster_id": 493, "county": "Union", "severity": 34, "radius_m": 100.0, "share_of_state": 0.0005532503457814661}}, {"type": "Feature", "geometry": {"type": "Point", "coordinates": [-89.09387223024471, 37.512478579691376]}, "properties": {"state": "IL", "cluster_id": 541, "county": "Union", "severity": 34, "radius_m": 247.08411211539428, "share_of_state": 0.0005532503457814661}}, {"type": "Feature", "geometry": {"type": "Point", "coordinates": [-88.96441216966912, 37.64778183208248]}, "properties": {"state": "IL", "cluster_id": 614, "county": "Williamson", "severity": 34, "radius_m": 1452.6622642665875, "share_of_state": 0.0005532503457814661}}, {"type": "Feature", "geometry": {"type": "Point", "coordinates": [-89.41901913489315, 40.51842530500228]}, "properties": {"state": "IL", "cluster_id": 691, "county": "Tazewell", "severity": 34, "radius_m": 100.0, "share_of_state": 0.0005532503457814661}}, {"type": "Feature", "geometry": {"type": "Point", "coordinates": [-88.17154575431066, 41.829118440344]}, "properties": {"state": "IL", "cluster_id": 731, "county": "DuPage", "severity": 34, "radius_m": 909.6816409493294, "share_of_state": 0.0005532503457814661}}, {"type": "Feature", "geometry": {"type": "Point", "coordinates": [-90.23823188436349, 38.42683676000156]}, "properties": {"state": "IL", "cluster_id": 743, "county": "Monroe", "severity": 34, "radius_m": 291.89858182558083, "share_of_state": 0.0005532503457814661}}, {"type": "Feature", "geometry": {"type": "Point", "coordinates": [-88.75556149089499, 39.66178926611647]}, "properties": {"state": "IL", "cluster_id": 874, "county": "Moultrie", "severity": 34, "radius_m": 100.0, "share_of_state": 0.0005532503457814661}}, {"type": "Feature", "geometry": {"type": "Point", "coordinates": [-88.92175528824392, 38.36300439125277]}, "properties": {"state": "IL", "cluster_id": 904, "county": "Jefferson", "severity": 34, "radius_m": 150.064926439211, "share_of_state": 0.0005532503457814661}}, {"type": "Feature", "geometry": {"type": "Point", "coordinates": [-89.30475054127756, 37.46644152442463]}, "properties": {"state": "IL", "cluster_id": 984, "county": "Union", "severity": 34, "radius_m": 1509.0384924269267, "share_of_state": 0.0005532503457814661}}, {"type": "Feature", "geometry": {"type": "Point", "coordinates": [-88.42536247482538, 37.8224580038435]}, "properties": {"state": "IL", "cluster_id": 1051, "county": "Saline", "severity": 34, "radius_m": 107.7951510484887, "share_of_state": 0.0005532503457814661}}, {"type": "Feature", "geometry": {"type": "Point", "coordinates": [-87.6365884161282, 40.07056292265814]}, "properties": {"state": "IL", "cluster_id": 1102, "county": "Vermilion", "severity": 34, "radius_m": 270.412196198806, "share_of_state": 0.0005532503457814661}}, {"type": "Feature", "geometry": {"type": "Point", "coordinates": [-88.22666547392458, 39.263750097134704]}, "properties": {"state": "IL", "cluster_id": 92, "county": "Cumberland", "severity": 33, "radius_m": 148.44448737659644, "share_of_state": 0.0005369782767878936}}, {"type": "Feature", "geometry": {"type": "Point", "coordinates": [-89.2375951380599, 42.16427091369394]}, "properties": {"state": "IL", "cluster_id": 127, "county": "Ogle", "severity": 33, "radius_m": 1082.583067078574, "share_of_state": 0.0005369782767878936}}, {"type": "Feature", "geometry": {"type": "Point", "coordinates": [-89.28442140157374, 38.00226680821869]}, "properties": {"state": "IL", "cluster_id": 154, "county": "Perry", "severity": 33, "radius_m": 100.0, "share_of_state": 0.0005369782767878936}}, {"type": "Feature", "geometry": {"type": "Point", "coordinates": [-89.61674396469519, 38.50310639571707]}, "properties": {"state": "IL", "cluster_id": 209, "county": "Clinton", "severity": 33, "radius_m": 1618.3287321822493, "share_of_state": 0.0005369782767878936}}, {"type": "Feature", "geometry": {"type": "Point", "coordinates": [-88.66068338916668, 41.63936602655259]}, "properties": {"state": "IL", "cluster_id": 214, "county": "DeKalb", "severity": 33, "radius_m": 1202.4133411826092, "share_of_state": 0.0005369782767878936}}, {"type": "Feature", "geometry": {"type": "Point", "coordinates": [-89.56570799047111, 39.302818816488305]}, "properties": {"state": "IL", "cluster_id": 238, "county": "Montgomery", "severity": 33, "radius_m": 247.58558316580906, "share_of_state": 0.0005369782767878936}}, {"type": "Feature", "geometry": {"type": "Point", "coordinates": [-88.33603826020952, 38.68515813997996]}, "properties": {"state": "IL", "cluster_id": 305, "county": "Clay", "severity": 33, "radius_m": 100.0, "share_of_state": 0.0005369782767878936}}, {"type": "Feature", "geometry": {"type": "Point", "coordinates": [-87.93051497075047, 41.69426217087837]}, "properties": {"state": "IL", "cluster_id": 384, "county": "Cook", "severity": 33, "radius_m": 1191.9068061467788, "share_of_state": 0.0005369782767878936}}, {"type": "Feature", "geometry": {"type": "Point", "coordinates": [-89.81605439300012, 39.44414285930122]}, "properties": {"state": "IL", "cluster_id": 457, "county": "Macoupin", "severity": 33, "radius_m": 100.0, "share_of_state": 0.0005369782767878936}}, {"type": "Feature", "geometry": {"type": "Point", "coordinates": [-90.56523944646484, 41.47166621748328]}, "properties": {"state": "IL", "cluster_id": 480, "county": "Rock Island", "severity": 33, "radius_m": 1557.2884690964393, "share_of_state": 0.0005369782767878936}}, {"type": "Feature", "geometry": {"type": "Point", "coordinates": [-87.74399625706263, 40.83164342077356]}, "properties": {"state": "IL", "cluster_id": 486, "county": "Iroquois", "severity": 33, "radius_m": 100.0, "share_of_state": 0.0005369782767878936}}, {"type": "Feature", "geometry": {"type": "Point", "coordinates": [-89.45320956173059, 38.62383082458533]}, "properties": {"state": "IL", "cluster_id": 603, "county": "Clinton", "severity": 33, "radius_m": 100.0, "share_of_state": 0.0005369782767878936}}, {"type": "Feature", "geometry": {"type": "Point", "coordinates": [-89.65784037627427, 39.20462663497691]}, "properties": {"state": "IL", "cluster_id": 682, "county": "Montgomery", "severity": 33, "radius_m": 144.9493570562918, "share_of_state": 0.0005369782767878936}}, {"type": "Feature", "geometry": {"type": "Point", "coordinates": [-88.53905434922467, 37.82889637154745]}, "properties": {"state": "IL", "cluster_id": 714, "county": "Saline", "severity": 33, "radius_m": 1203.0502914071817, "share_of_state": 0.0005369782767878936}}, {"type": "Feature", "geometry": {"type": "Point", "coordinates": [-87.85511167984848, 41.56124719820945]}, "properties": {"state": "IL", "cluster_id": 844, "county": "Cook", "severity": 33, "radius_m": 1061.3635171254086, "share_of_state": 0.0005369782767878936}}, {"type": "Feature", "geometry": {"type": "Point", "coordinates": [-89.56194754549183, 39.762813393918904]}, "properties": {"state": "IL", "cluster_id": 880, "county": "Sangamon", "severity": 33, "radius_m": 294.1163968292903, "share_of_state": 0.0005369782767878936}}, {"type": "Feature", "geometry": {"type": "Point", "coordinates": [-88.58869908080321, 38.08167571926736]}, "properties": {"state": "IL", "cluster_id": 86, "county": "Hamilton", "severity": 32, "radius_m": 100.0, "share_of_state": 0.000520706207794321}}, {"type": "Feature", "geometry": {"type": "Point", "coordinates": [-89.33852843785584, 41.99155131552119]}, "properties": {"state": "IL", "cluster_id": 98, "county": "Ogle", "severity": 32, "radius_m": 100.0, "share_of_state": 0.000520706207794321}}, {"type": "Feature", "geometry": {"type": "Point", "coordinates": [-90.2941741800531, 41.72904664632477]}, "properties": {"state": "IL", "cluster_id": 207, "county": "Rock Island", "severity": 32, "radius_m": 100.0, "share_of_state": 0.000520706207794321}}, {"type": "Feature", "geometry": {"type": "Point", "coordinates": [-89.74539830069642, 42.50065235866913]}, "properties": {"state": "IL", "cluster_id": 225, "county": "Stephenson", "severity": 32, "radius_m": 114.30932756404817, "share_of_state": 0.000520706207794321}}, {"type": "Feature", "geometry": {"type": "Point", "coordinates": [-89.4974933537842, 41.366718875714696]}, "properties": {"state": "IL", "cluster_id": 250, "county": "Bureau", "severity": 32, "radius_m": 893.3932473498592, "share_of_state": 0.000520706207794321}}, {"type": "Feature", "geometry": {"type": "Point", "coordinates": [-88.66178859252014, 41.32069097059072]}, "properties": {"state": "IL", "cluster_id": 297, "county": "LaSalle", "severity": 32, "radius_m": 100.0, "share_of_state": 0.000520706207794321}}, {"type": "Feature", "geometry": {"type": "Point", "coordinates": [-88.1947299992157, 41.574290471637894]}, "properties": {"state": "IL", "cluster_id": 472, "county": "Will", "severity": 32, "radius_m": 1467.460809563214, "share_of_state": 0.000520706207794321}}, {"type": "Feature", "geometry": {"type": "Point", "coordinates": [-90.16102799180786, 40.708325270513754]}, "properties": {"state": "IL", "cluster_id": 498, "county": "Fulton", "severity": 32, "radius_m": 1395.0337154833906, "share_of_state": 0.000520706207794321}}, {"type": "Feature", "geometry": {"type": "Point", "coordinates": [-90.18038167547729, 42.15567304559069]}, "properties": {"state": "IL", "cluster_id": 506, "county": "Carroll", "severity": 32, "radius_m": 100.0, "share_of_state": 0.000520706207794321}}, {"type": "Feature", "geometry": {"type": "Point", "coordinates": [-88.04067011590516, 41.639095823770774]}, "properties": {"state": "IL", "cluster_id": 539, "county": "Will", "severity": 32, "radius_m": 1441.7283697902378, "share_of_state": 0.000520706207794321}}, {"type": "Feature", "geometry": {"type": "Point", "coordinates": [-88.11324040996887, 42.23757777912004]}, "properties": {"state": "IL", "cluster_id": 579, "county": "Lake", "severity": 32, "radius_m": 671.1348898241483, "share_of_state": 0.000520706207794321}}, {"type": "Feature", "geometry": {"type": "Point", "coordinates": [-88.53490985205994, 41.6359005750608]}, "properties": {"state": "IL", "cluster_id": 581, "county": "Kendall", "severity": 32, "radius_m": 1292.6342241017164, "share_of_state": 0.000520706207794321}}, {"type": "Feature", "geometry": {"type": "Point", "coordinates": [-90.2621196643274, 40.26644600475021]}, "properties": {"state": "IL", "cluster_id": 601, "county": "Fulton", "severity": 32, "radius_m": 100.02567282204078, "share_of_state": 0.000520706207794321}}, {"type": "Feature", "geometry": {"type": "Point", "coordinates": [-88.83573104266785, 41.168134061631086]}, "properties": {"state": "IL", "cluster_id": 621, "county": "LaSalle", "severity": 32, "radius_m": 100.0, "share_of_state": 0.000520706207794321}}, {"type": "Feature", "geometry": {"type": "Point", "coordinates": [-90.3329720987683, 41.590205139297396]}, "properties": {"state": "IL", "cluster_id": 647, "county": "Rock Island", "severity": 32, "radius_m": 1691.111456260078, "share_of_state": 0.000520706207794321}}, {"type": "Feature", "geometry": {"type": "Point", "coordinates": [-89.01566264525086, 42.41334819753754]}, "properties": {"state": "IL", "cluster_id": 648, "county": "Winnebago", "severity": 32, "radius_m": 1333.0319055225941, "share_of_state": 0.000520706207794321}}, {"type": "Feature", "geometry": {"type": "Point", "coordinates": [-88.77309029668152, 37.9252796670812]}, "properties": {"state": "IL", "cluster_id": 697, "county": "Franklin", "severity": 32, "radius_m": 326.4211000976604, "share_of_state": 0.000520706207794321}}, {"type": "Feature", "geometry": {"type": "Point", "coordinates": [-89.30789330101501, 41.82326419266556]}, "properties": {"state": "IL", "cluster_id": 716, "county": "Lee", "severity": 32, "radius_m": 142.5408043455945, "share_of_state": 0.000520706207794321}}, {"type": "Feature", "geometry": {"type": "Point", "coordinates": [-88.35490904382324, 37.912570456341854]}, "properties": {"state": "IL", "cluster_id": 720, "county": "White", "severity": 32, "radius_m": 233.3881029840807, "share_of_state": 0.000520706207794321}}, {"type": "Feature", "geometry": {"type": "Point", "coordinates": [-87.97421938678832, 41.73122442919333]}, "properties": {"state": "IL", "cluster_id": 738, "county": "DuPage", "severity": 32, "radius_m": 1091.2171259924266, "share_of_state": 0.000520706207794321}}, {"type": "Feature", "geometry": {"type": "Point", "coordinates": [-88.01367862700928, 41.63787403795044]}, "properties": {"state": "IL", "cluster_id": 749, "county": "Will", "severity": 32, "radius_m": 1741.7717740837325, "share_of_state": 0.000520706207794321}}, {"type": "Feature", "geometry": {"type": "Point", "coordinates": [-88.08469965147157, 40.51258102384698]}, "properties": {"state": "IL", "cluster_id": 769, "county": "Iroquois", "severity": 32, "radius_m": 1572.249973475338, "share_of_state": 0.000520706207794321}}, {"type": "Feature", "geometry": {"type": "Point", "coordinates": [-89.8014001767694, 38.720313097173914]}, "properties": {"state": "IL", "cluster_id": 784, "county": "Madison", "severity": 32, "radius_m": 1285.889933160334, "share_of_state": 0.000520706207794321}}, {"type": "Feature", "geometry": {"type": "Point", "coordinates": [-87.79319886820862, 42.03181463364632]}, "properties": {"state": "IL", "cluster_id": 857, "county": "Cook", "severity": 32, "radius_m": 1143.6642933760377, "share_of_state": 0.000520706207794321}}, {"type": "Feature", "geometry": {"type": "Point", "coordinates": [-88.464222876698, 41.37507238314711]}, "properties": {"state": "IL", "cluster_id": 873, "county": "Grundy", "severity": 32, "radius_m": 1367.394756353441, "share_of_state": 0.000520706207794321}}, {"type": "Feature", "geometry": {"type": "Point", "coordinates": [-88.12692161605591, 41.71577845012433]}, "properties": {"state": "IL", "cluster_id": 886, "county": "Will", "severity": 32, "radius_m": 1339.27310331706, "share_of_state": 0.000520706207794321}}, {"type": "Feature", "geometry": {"type": "Point", "coordinates": [-87.75975416019531, 38.68111143704162]}, "properties": {"state": "IL", "cluster_id": 957, "county": "Lawrence", "severity": 32, "radius_m": 100.0, "share_of_state": 0.000520706207794321}}, {"type": "Feature", "geometry": {"type": "Point", "coordinates": [-87.6307247646875, 40.151823639812875]}, "properties": {"state": "IL", "cluster_id": 1108, "county": "Vermilion", "severity": 32, "radius_m": 1306.4534056152143, "share_of_state": 0.000520706207794321}}, {"type": "Feature", "geometry": {"type": "Point", "coordinates": [-87.66120963218751, 40.33165711]}, "properties": {"state": "IL", "cluster_id": 1130, "county": "Vermilion", "severity": 32, "radius_m": 100.0, "share_of_state": 0.000520706207794321}}, {"type": "Feature", "geometry": {"type": "Point", "coordinates": [-88.64043680619771, 39.149567320488664]}, "properties": {"state": "IL", "cluster_id": 106, "county": "Effingham", "severity": 31, "radius_m": 100.0, "share_of_state": 0.0005044341388007486}}, {"type": "Feature", "geometry": {"type": "Point", "coordinates": [-91.0563360185925, 40.75582610074511]}, "properties": {"state": "IL", "cluster_id": 144, "county": "Henderson", "severity": 31, "radius_m": 100.0, "share_of_state": 0.0005044341388007486}}, {"type": "Feature", "geometry": {"type": "Point", "coordinates": [-90.9195146742654, 39.540965757406035]}, "properties": {"state": "IL", "cluster_id": 176, "county": "Pike", "severity": 31, "radius_m": 100.0, "share_of_state": 0.0005044341388007486}}, {"type": "Feature", "geometry": {"type": "Point", "coordinates": [-90.00561860348287, 38.567823560461804]}, "properties": {"state": "IL", "cluster_id": 190, "county": "St. Clair", "severity": 31, "radius_m": 1417.458925401154, "share_of_state": 0.0005044341388007486}}, {"type": "Feature", "geometry": {"type": "Point", "coordinates": [-89.67855858913748, 40.833819580028425]}, "properties": {"state": "IL", "cluster_id": 199, "county": "Peoria", "severity": 31, "radius_m": 242.45799809588192, "share_of_state": 0.0005044341388007486}}, {"type": "Feature", "geometry": {"type": "Point", "coordinates": [-88.31462722432208, 42.35383906919419]}, "properties": {"state": "IL", "cluster_id": 217, "county": "McHenry", "severity": 31, "radius_m": 1165.5279723428048, "share_of_state": 0.0005044341388007486}}, {"type": "Feature", "geometry": {"type": "Point", "coordinates": [-89.80430017191912, 38.928933699617936]}, "properties": {"state": "IL", "cluster_id": 398, "county": "Madison", "severity": 31, "radius_m": 385.22813679903163, "share_of_state": 0.0005044341388007486}}, {"type": "Feature", "geometry": {"type": "Point", "coordinates": [-88.16552235151524, 41.737600003468806]}, "properties": {"state": "IL", "cluster_id": 468, "county": "DuPage", "severity": 31, "radius_m": 1284.731586172462, "share_of_state": 0.0005044341388007486}}, {"type": "Feature", "geometry": {"type": "Point", "coordinates": [-90.27347481600114, 40.70554010187205]}, "properties": {"state": "IL", "cluster_id": 494, "county": "Fulton", "severity": 31, "radius_m": 1217.569242553745, "share_of_state": 0.0005044341388007486}}, {"type": "Feature", "geometry": {"type": "Point", "coordinates": [-89.96447303596712, 40.44590710026036]}, "properties": {"state": "IL", "cluster_id": 511, "county": "Fulton", "severity": 31, "radius_m": 100.0, "share_of_state": 0.0005044341388007486}}, {"type": "Feature", "geometry": {"type": "Point", "coordinates": [-88.05572384946699, 40.56648162650251]}, "properties": {"state": "IL", "cluster_id": 627, "county": "Iroquois", "severity": 31, "radius_m": 1284.914627183605, "share_of_state": 0.0005044341388007486}}, {"type": "Feature", "geometry": {"type": "Point", "coordinates": [-90.37826239556829, 41.24258642320609]}, "properties": {"state": "IL", "cluster_id": 639, "county": "Henry", "severity": 31, "radius_m": 100.0, "share_of_state": 0.0005044341388007486}}, {"type": "Feature", "geometry": {"type": "Point", "coordinates": [-87.84996657571004, 40.123681846115794]}, "properties": {"state": "IL", "cluster_id": 675, "county": "Vermilion", "severity": 31, "radius_m": 1418.766271994674, "share_of_state": 0.0005044341388007486}}, {"type": "Feature", "geometry": {"type": "Point", "coordinates": [-89.6996803415707, 38.764676480709575]}, "properties": {"state": "IL", "cluster_id": 737, "county": "Madison", "severity": 31, "radius_m": 1188.5335426364707, "share_of_state": 0.0005044341388007486}}, {"type": "Feature", "geometry": {"type": "Point", "coordinates": [-90.59336220139429, 40.14365404183997]}, "properties": {"state": "IL", "cluster_id": 767, "county": "Schuyler", "severity": 31, "radius_m": 1534.316583128742, "share_of_state": 0.0005044341388007486}}, {"type": "Feature", "geometry": {"type": "Point", "coordinates": [-91.26900727701866, 40.08587692039095]}, "properties": {"state": "IL", "cluster_id": 1037, "county": "Adams", "severity": 31, "radius_m": 100.0, "share_of_state": 0.0005044341388007486}}, {"type": "Feature", "geometry": {"type": "Point", "coordinates": [-90.07413471329038, 38.25150768423141]}, "properties": {"state": "IL", "cluster_id": 8, "county": "Monroe", "severity": 30, "radius_m": 100.0, "share_of_state": 0.000488162069807176}}, {"type": "Feature", "geometry": {"type": "Point", "coordinates": [-88.20878191575522, 40.08154494071003]}, "properties": {"state": "IL", "cluster_id": 10, "county": "Champaign", "severity": 30, "radius_m": 1021.2543934376699, "share_of_state": 0.000488162069807176}}, {"type": "Feature", "geometry": {"type": "Point", "coordinates": [-89.23367046607946, 37.61208238514199]}, "properties": {"state": "IL", "cluster_id": 206, "county": "Jackson", "severity": 30, "radius_m": 305.5699785081993, "share_of_state": 0.000488162069807176}}, {"type": "Feature", "geometry": {"type": "Point", "coordinates": [-88.75434514893229, 37.17494303655417]}, "properties": {"state": "IL", "cluster_id": 280, "county": "Massac", "severity": 30, "radius_m": 100.0, "share_of_state": 0.000488162069807176}}, {"type": "Feature", "geometry": {"type": "Point", "coordinates": [-87.70356180548696, 41.50618030712148]}, "properties": {"state": "IL", "cluster_id": 310, "county": "Cook", "severity": 30, "radius_m": 1421.519312120273, "share_of_state": 0.000488162069807176}}, {"type": "Feature", "geometry": {"type": "Point", "coordinates": [-89.08467165498175, 38.7626525218793]}, "properties": {"state": "IL", "cluster_id": 356, "county": "Marion", "severity": 30, "radius_m": 1367.159168150811, "share_of_state": 0.000488162069807176}}, {"type": "Feature", "geometry": {"type": "Point", "coordinates": [-88.41195642373569, 42.09667292019671]}, "properties": {"state": "IL", "cluster_id": 410, "county": "Kane", "severity": 30, "radius_m": 1386.2662099754896, "share_of_state": 0.000488162069807176}}, {"type": "Feature", "geometry": {"type": "Point", "coordinates": [-87.7813333986823, 38.9497890921003]}, "properties": {"state": "IL", "cluster_id": 437, "county": "Crawford", "severity": 30, "radius_m": 1328.2280787267346, "share_of_state": 0.000488162069807176}}, {"type": "Feature", "geometry": {"type": "Point", "coordinates": [-90.417911172222, 38.99385228579454]}, "properties": {"state": "IL", "cluster_id": 442, "county": "Jersey", "severity": 30, "radius_m": 988.3892531375371, "share_of_state": 0.000488162069807176}}, {"type": "Feature", "geometry": {"type": "Point", "coordinates": [-89.03610394858725, 37.980232889085904]}, "properties": {"state": "IL", "cluster_id": 443, "county": "Franklin", "severity": 30, "radius_m": 127.46266192271811, "share_of_state": 0.000488162069807176}}, {"type": "Feature", "geometry": {"type": "Point", "coordinates": [-90.09840683984635, 38.31175442653118]}, "properties": {"state": "IL", "cluster_id": 567, "county": "Monroe", "severity": 30, "radius_m": 100.0, "share_of_state": 0.000488162069807176}}, {"type": "Feature", "geometry": {"type": "Point", "coordinates": [-88.5089110970026, 41.37342518841824]}, "properties": {"state": "IL", "cluster_id": 594, "county": "Grundy", "severity": 30, "radius_m": 1100.9794692744297, "share_of_state": 0.000488162069807176}}, {"type": "Feature", "geometry": {"type": "Point", "coordinates": [-90.3361829209492, 40.728601295753265]}, "properties": {"state": "IL", "cluster_id": 606, "county": "Knox", "severity": 30, "radius_m": 100.0, "share_of_state": 0.000488162069807176}}, {"type": "Feature", "geometry": {"type": "Point", "coordinates": [-90.3820554759466, 41.064746077723306]}, "properties": {"state": "IL", "cluster_id": 703, "county": "Knox", "severity": 30, "radius_m": 100.0, "share_of_state": 0.000488162069807176}}, {"type": "Feature", "geometry": {"type": "Point", "coordinates": [-87.6014265742513, 38.953133294952515]}, "properties": {"state": "IL", "cluster_id": 706, "county": "Crawford", "severity": 30, "radius_m": 100.0, "share_of_state": 0.000488162069807176}}, {"type": "Feature", "geometry": {"type": "Point", "coordinates": [-88.53132326397329, 42.17458435143802]}, "properties": {"state": "IL", "cluster_id": 823, "county": "McHenry", "severity": 30, "radius_m": 100.0, "share_of_state": 0.000488162069807176}}, {"type": "Feature", "geometry": {"type": "Point", "coordinates": [-89.94554158093294, 39.73998923479524]}, "properties": {"state": "IL", "cluster_id": 843, "county": "Sangamon", "severity": 30, "radius_m": 100.0, "share_of_state": 0.000488162069807176}}, {"type": "Feature", "geometry": {"type": "Point", "coordinates": [-89.7477213821439, 39.2796726805962]}, "properties": {"state": "IL", "cluster_id": 848, "county": "Macoupin", "severity": 30, "radius_m": 100.0, "share_of_state": 0.000488162069807176}}, {"type": "Feature", "geometry": {"type": "Point", "coordinates": [-88.79373275270899, 37.35864328412562]}, "properties": {"state": "IL", "cluster_id": 901, "county": "Johnson", "severity": 30, "radius_m": 135.69283635449526, "share_of_state": 0.000488162069807176}}, {"type": "Feature", "geometry": {"type": "Point", "coordinates": [-87.64702047107943, 40.77451311505801]}, "properties": {"state": "IL", "cluster_id": 915, "county": "Iroquois", "severity": 30, "radius_m": 115.14043786057356, "share_of_state": 0.000488162069807176}}, {"type": "Feature", "geometry": {"type": "Point", "coordinates": [-89.4378721398288, 39.839108168858]}, "properties": {"state": "IL", "cluster_id": 932, "county": "Sangamon", "severity": 30, "radius_m": 100.0, "share_of_state": 0.000488162069807176}}, {"type": "Feature", "geometry": {"type": "Point", "coordinates": [-88.66697276066667, 41.90097606266668]}, "properties": {"state": "IL", "cluster_id": 1038, "county": "DeKalb", "severity": 30, "radius_m": 103.87370562047748, "share_of_state": 0.000488162069807176}}, {"type": "Feature", "geometry": {"type": "Point", "coordinates": [-90.08930448604863, 40.705760582059035]}, "properties": {"state": "IL", "cluster_id": 44, "county": "Fulton", "severity": 29, "radius_m": 100.0, "share_of_state": 0.00047189000081360345}}, {"type": "Feature", "geometry": {"type": "Point", "coordinates": [-90.96033133934534, 40.8500658339928]}, "properties": {"state": "IL", "cluster_id": 140, "county": "Henderson", "severity": 29, "radius_m": 1227.1160419212401, "share_of_state": 0.00047189000081360345}}, {"type": "Feature", "geometry": {"type": "Point", "coordinates": [-88.90140150853513, 40.42522329458034]}, "properties": {"state": "IL", "cluster_id": 183, "county": "McLean", "severity": 29, "radius_m": 203.02325631229462, "share_of_state": 0.00047189000081360345}}, {"type": "Feature", "geometry": {"type": "Point", "coordinates": [-89.97192474172346, 38.974910623014566]}, "properties": {"state": "IL", "cluster_id": 275, "county": "Madison", "severity": 29, "radius_m": 1262.7804501860933, "share_of_state": 0.00047189000081360345}}, {"type": "Feature", "geometry": {"type": "Point", "coordinates": [-87.72639963323815, 39.01789931010444]}, "properties": {"state": "IL", "cluster_id": 315, "county": "Crawford", "severity": 29, "radius_m": 322.7330495097857, "share_of_state": 0.00047189000081360345}}, {"type": "Feature", "geometry": {"type": "Point", "coordinates": [-89.75210078837013, 38.96880376630657]}, "properties": {"state": "IL", "cluster_id": 332, "county": "Madison", "severity": 29, "radius_m": 1668.805629481667, "share_of_state": 0.00047189000081360345}}, {"type": "Feature", "geometry": {"type": "Point", "coordinates": [-88.13206373746365, 41.49518999309544]}, "properties": {"state": "IL", "cluster_id": 368, "county": "Will", "severity": 29, "radius_m": 100.0, "share_of_state": 0.00047189000081360345}}, {"type": "Feature", "geometry": {"type": "Point", "coordinates": [-88.89981391479596, 38.27344731610699]}, "properties": {"state": "IL", "cluster_id": 375, "county": "Jefferson", "severity": 29, "radius_m": 1212.240740164518, "share_of_state": 0.00047189000081360345}}, {"type": "Feature", "geometry": {"type": "Point", "coordinates": [-88.14430825903959, 38.96703197462968]}, "properties": {"state": "IL", "cluster_id": 387, "county": "Jasper", "severity": 29, "radius_m": 111.2081467376331, "share_of_state": 0.00047189000081360345}}, {"type": "Feature", "geometry": {"type": "Point", "coordinates": [-89.95137436698951, 38.89985255852569]}, "properties": {"state": "IL", "cluster_id": 423, "county": "Madison", "severity": 29, "radius_m": 1615.8720632881566, "share_of_state": 0.00047189000081360345}}, {"type": "Feature", "geometry": {"type": "Point", "coordinates": [-87.94632049407193, 41.71617089850068]}, "properties": {"state": "IL", "cluster_id": 615, "county": "DuPage", "severity": 29, "radius_m": 1077.3828900281758, "share_of_state": 0.00047189000081360345}}, {"type": "Feature", "geometry": {"type": "Point", "coordinates": [-90.59560171747034, 40.24059882121463]}, "properties": {"state": "IL", "cluster_id": 622, "county": "Schuyler", "severity": 29, "radius_m": 102.16962829669245, "share_of_state": 0.00047189000081360345}}, {"type": "Feature", "geometry": {"type": "Point", "coordinates": [-89.15659396554689, 37.36255473214174]}, "properties": {"state": "IL", "cluster_id": 688, "county": "Union", "severity": 29, "radius_m": 171.97395373316502, "share_of_state": 0.00047189000081360345}}, {"type": "Feature", "geometry": {"type": "Point", "coordinates": [-89.74553342370892, 37.966527655566196]}, "properties": {"state": "IL", "cluster_id": 742, "county": "Randolph", "severity": 29, "radius_m": 1386.736796559591, "share_of_state": 0.00047189000081360345}}, {"type": "Feature", "geometry": {"type": "Point", "coordinates": [-88.31954752232558, 41.79404062721444]}, "properties": {"state": "IL", "cluster_id": 840, "county": "Kane", "severity": 29, "radius_m": 1543.1655719825835, "share_of_state": 0.00047189000081360345}}, {"type": "Feature", "geometry": {"type": "Point", "coordinates": [-89.95453131853179, 38.70955433203534]}, "properties": {"state": "IL", "cluster_id": 841, "county": "Madison", "severity": 29, "radius_m": 1184.5335809051344, "share_of_state": 0.00047189000081360345}}, {"type": "Feature", "geometry": {"type": "Point", "coordinates": [-88.31975707787916, 42.25695045011348]}, "properties": {"state": "IL", "cluster_id": 851, "county": "McHenry", "severity": 29, "radius_m": 171.3805010518141, "share_of_state": 0.00047189000081360345}}, {"type": "Feature", "geometry": {"type": "Point", "coordinates": [-88.3422283339433, 38.265724664961056]}, "properties": {"state": "IL", "cluster_id": 878, "county": "Wayne", "severity": 29, "radius_m": 278.00418948577413, "share_of_state": 0.00047189000081360345}}, {"type": "Feature", "geometry": {"type": "Point", "coordinates": [-90.60069706650528, 41.482517445076105]}, "properties": {"state": "IL", "cluster_id": 925, "county": "Rock Island", "severity": 29, "radius_m": 909.015088352676, "share_of_state": 0.00047189000081360345}}, {"type": "Feature", "geometry": {"type": "Point", "coordinates": [-88.98437129145475, 38.21392315703825]}, "properties": {"state": "IL", "cluster_id": 928, "county": "Jefferson", "severity": 29, "radius_m": 111.54424591464961, "share_of_state": 0.00047189000081360345}}, {"type": "Feature", "geometry": {"type": "Point", "coordinates": [-90.04022475718412, 39.299802813668585]}, "properties": {"state": "IL", "cluster_id": 979, "county": "Macoupin", "severity": 29, "radius_m": 1350.0341868787766, "share_of_state": 0.00047189000081360345}}, {"type": "Feature", "geometry": {"type": "Point", "coordinates": [-89.00738469883014, 42.45891505967505]}, "properties": {"state": "IL", "cluster_id": 1145, "county": "Winnebago", "severity": 29, "radius_m": 1504.570727696215, "share_of_state": 0.00047189000081360345}}, {"type": "Feature", "geometry": {"type": "Point", "coordinates": [-87.68474045127581, 38.83620864579276]}, "properties": {"state": "IL", "cluster_id": 9, "county": "Lawrence", "severity": 28, "radius_m": 160.95268822861814, "share_of_state": 0.0004556179318200309}}, {"type": "Feature", "geometry": {"type": "Point", "coordinates": [-90.46817798176268, 40.18722906403983]}, "properties": {"state": "IL", "cluster_id": 50, "county": "Schuyler", "severity": 28, "radius_m": 100.0, "share_of_state": 0.0004556179318200309}}, {"type": "Feature", "geometry": {"type": "Point", "coordinates": [-89.31715820347448, 42.00012714130576]}, "properties": {"state": "IL", "cluster_id": 125, "county": "Ogle", "severity": 28, "radius_m": 1698.8322353896033, "share_of_state": 0.0004556179318200309}}, {"type": "Feature", "geometry": {"type": "Point", "coordinates": [-90.58730266783901, 41.25500699869089]}, "properties": {"state": "IL", "cluster_id": 257, "county": "Mercer", "severity": 28, "radius_m": 100.0, "share_of_state": 0.0004556179318200309}}, {"type": "Feature", "geometry": {"type": "Point", "coordinates": [-89.17792613366628, 38.35436648376674]}, "properties": {"state": "IL", "cluster_id": 284, "county": "Washington", "severity": 28, "radius_m": 100.0, "share_of_state": 0.0004556179318200309}}, {"type": "Feature", "geometry": {"type": "Point", "coordinates": [-90.76220198942383, 40.55208760738146]}, "properties": {"state": "IL", "cluster_id": 321, "county": "McDonough", "severity": 28, "radius_m": 100.0, "share_of_state": 0.0004556179318200309}}, {"type": "Feature", "geometry": {"type": "Point", "coordinates": [-89.75239504598144, 41.18090294642688]}, "properties": {"state": "IL", "cluster_id": 364, "county": "Stark", "severity": 28, "radius_m": 100.0, "share_of_state": 0.0004556179318200309}}, {"type": "Feature", "geometry": {"type": "Point", "coordinates": [-88.55858192586356, 38.669246137584025]}, "properties": {"state": "IL", "cluster_id": 390, "county": "Clay", "severity": 28, "radius_m": 100.0, "share_of_state": 0.0004556179318200309}}, {"type": "Feature", "geometry": {"type": "Point", "coordinates": [-89.48731204430591, 39.11258815608671]}, "properties": {"state": "IL", "cluster_id": 428, "county": "Montgomery", "severity": 28, "radius_m": 100.0, "share_of_state": 0.0004556179318200309}}, {"type": "Feature", "geometry": {"type": "Point", "coordinates": [-90.75254361607422, 39.610940190103925]}, "properties": {"state": "IL", "cluster_id": 447, "county": "Pike", "severity": 28, "radius_m": 100.0, "share_of_state": 0.0004556179318200309}}, {"type": "Feature", "geometry": {"type": "Point", "coordinates": [-90.00954441480192, 38.71265685185985]}, "properties": {"state": "IL", "cluster_id": 500, "county": "Madison", "severity": 28, "radius_m": 100.0, "share_of_state": 0.0004556179318200309}}, {"type": "Feature", "geometry": {"type": "Point", "coordinates": [-90.62084725003066, 39.24848947359419]}, "properties": {"state": "IL", "cluster_id": 573, "county": "Calhoun", "severity": 28, "radius_m": 100.0, "share_of_state": 0.0004556179318200309}}, {"type": "Feature", "geometry": {"type": "Point", "coordinates": [-88.77365234623605, 41.90327704628437]}, "properties": {"state": "IL", "cluster_id": 593, "county": "DeKalb", "severity": 28, "radius_m": 1592.2302491837074, "share_of_state": 0.0004556179318200309}}, {"type": "Feature", "geometry": {"type": "Point", "coordinates": [-88.36073460768974, 38.35421932719363]}, "properties": {"state": "IL", "cluster_id": 645, "county": "Wayne", "severity": 28, "radius_m": 150.18089065577638, "share_of_state": 0.0004556179318200309}}, {"type": "Feature", "geometry": {"type": "Point", "coordinates": [-89.1209574117885, 38.98249361271207]}, "properties": {"state": "IL", "cluster_id": 677, "county": "Fayette", "severity": 28, "radius_m": 1292.3555343228327, "share_of_state": 0.0004556179318200309}}, {"type": "Feature", "geometry": {"type": "Point", "coordinates": [-88.80538631433875, 41.32636447731176]}, "properties": {"state": "IL", "cluster_id": 722, "county": "LaSalle", "severity": 28, "radius_m": 297.73478581439093, "share_of_state": 0.0004556179318200309}}, {"type": "Feature", "geometry": {"type": "Point", "coordinates": [-88.94268399523018, 37.90071184574179]}, "properties": {"state": "IL", "cluster_id": 780, "county": "Franklin", "severity": 28, "radius_m": 1163.8724714893206, "share_of_state": 0.0004556179318200309}}, {"type": "Feature", "geometry": {"type": "Point", "coordinates": [-91.30546039812779, 39.82789425142435]}, "properties": {"state": "IL", "cluster_id": 820, "county": "Adams", "severity": 28, "radius_m": 137.82490874583263, "share_of_state": 0.0004556179318200309}}, {"type": "Feature", "geometry": {"type": "Point", "coordinates": [-88.91070738645786, 38.121209605415366]}, "properties": {"state": "IL", "cluster_id": 858, "county": "Franklin", "severity": 28, "radius_m": 1105.517838074981, "share_of_state": 0.0004556179318200309}}, {"type": "Feature", "geometry": {"type": "Point", "coordinates": [-88.9099532743464, 38.15889095845041]}, "properties": {"state": "IL", "cluster_id": 882, "county": "Jefferson", "severity": 28, "radius_m": 1577.6529529535799, "share_of_state": 0.0004556179318200309}}, {"type": "Feature", "geometry": {"type": "Point", "coordinates": [-88.51624913413993, 37.73968943037949]}, "properties": {"state": "IL", "cluster_id": 931, "county": "Saline", "severity": 28, "radius_m": 284.72744073652586, "share_of_state": 0.0004556179318200309}}, {"type": "Feature", "geometry": {"type": "Point", "coordinates": [-88.01412179982142, 40.67625625834933]}, "properties": {"state": "IL", "cluster_id": 933, "county": "Iroquois", "severity": 28, "radius_m": 1044.6091982634746, "share_of_state": 0.0004556179318200309}}, {"type": "Feature", "geometry": {"type": "Point", "coordinates": [-89.04791494966449, 38.138469581241004]}, "properties": {"state": "IL", "cluster_id": 973, "county": "Jefferson", "severity": 28, "radius_m": 105.2895365363402, "share_of_state": 0.0004556179318200309}}, {"type": "Feature", "geometry": {"type": "Point", "coordinates": [-87.93202254066337, 41.17066191242982]}, "properties": {"state": "IL", "cluster_id": 997, "county": "Kankakee", "severity": 28, "radius_m": 1530.0547747230987, "share_of_state": 0.0004556179318200309}}, {"type": "Feature", "geometry": {"type": "Point", "coordinates": [-88.31135345044224, 42.44602168051853]}, "properties": {"state": "IL", "cluster_id": 1001, "county": "McHenry", "severity": 28, "radius_m": 1238.0858602528829, "share_of_state": 0.0004556179318200309}}, {"type": "Feature", "geometry": {"type": "Point", "coordinates": [-88.37856334157645, 39.281514330002835]}, "properties": {"state": "IL", "cluster_id": 1006, "county": "Cumberland", "severity": 28, "radius_m": 1789.1411116822496, "share_of_state": 0.0004556179318200309}}, {"type": "Feature", "geometry": {"type": "Point", "coordinates": [-88.44389509610907, 41.67501348000179]}, "properties": {"state": "IL", "cluster_id": 1009, "county": "Kendall", "severity": 28, "radius_m": 374.6000975865601, "share_of_state": 0.0004556179318200309}}, {"type": "Feature", "geometry": {"type": "Point", "coordinates": [-89.37401339333914, 38.58386189255407]}, "properties": {"state": "IL", "cluster_id": 1117, "county": "Clinton", "severity": 28, "radius_m": 1277.6449487222806, "share_of_state": 0.0004556179318200309}}, {"type": "Feature", "geometry": {"type": "Point", "coordinates": [-89.01305044297239, 41.362181837753646]}, "properties": {"state": "IL", "cluster_id": 70, "county": "LaSalle", "severity": 27, "radius_m": 1420.41797130929, "share_of_state": 0.0004393458628264584}}, {"type": "Feature", "geometry": {"type": "Point", "coordinates": [-90.18861228198135, 40.30441860639549]}, "properties": {"state": "IL", "cluster_id": 75, "county": "Fulton", "severity": 27, "radius_m": 1272.1111133371458, "share_of_state": 0.0004393458628264584}}, {"type": "Feature", "geometry": {"type": "Point", "coordinates": [-88.2199835037124, 40.132700186482765]}, "properties": {"state": "IL", "cluster_id": 249, "county": "Champaign", "severity": 27, "radius_m": 946.7958044598633, "share_of_state": 0.0004393458628264584}}, {"type": "Feature", "geometry": {"type": "Point", "coordinates": [-88.8573620509035, 37.81831546908973]}, "properties": {"state": "IL", "cluster_id": 269, "county": "Williamson", "severity": 27, "radius_m": 1454.8650805619745, "share_of_state": 0.0004393458628264584}}, {"type": "Feature", "geometry": {"type": "Point", "coordinates": [-88.06482628330077, 41.72687892935596]}, "properties": {"state": "IL", "cluster_id": 295, "county": "Will", "severity": 27, "radius_m": 177.96844757533842, "share_of_state": 0.0004393458628264584}}, {"type": "Feature", "geometry": {"type": "Point", "coordinates": [-90.61550368769747, 40.06688761123669]}, "properties": {"state": "IL", "cluster_id": 312, "county": "Schuyler", "severity": 27, "radius_m": 308.48959766640365, "share_of_state": 0.0004393458628264584}}, {"type": "Feature", "geometry": {"type": "Point", "coordinates": [-90.23784731578631, 38.30928211723271]}, "properties": {"state": "IL", "cluster_id": 341, "county": "Monroe", "severity": 27, "radius_m": 1376.6719923485261, "share_of_state": 0.0004393458628264584}}, {"type": "Feature", "geometry": {"type": "Point", "coordinates": [-89.05588003297527, 38.025956796165275]}, "properties": {"state": "IL", "cluster_id": 382, "county": "Franklin", "severity": 27, "radius_m": 1352.5499318562395, "share_of_state": 0.0004393458628264584}}, {"type": "Feature", "geometry": {"type": "Point", "coordinates": [-88.8616682753776, 39.324828474832174]}, "properties": {"state": "IL", "cluster_id": 417, "county": "Shelby", "severity": 27, "radius_m": 271.3704963244268, "share_of_state": 0.0004393458628264584}}, {"type": "Feature", "geometry": {"type": "Point", "coordinates": [-89.8135999974226, 39.277971446167186]}, "properties": {"state": "IL", "cluster_id": 466, "county": "Macoupin", "severity": 27, "radius_m": 100.0, "share_of_state": 0.0004393458628264584}}, {"type": "Feature", "geometry": {"type": "Point", "coordinates": [-90.16372874065249, 40.67062765785598]}, "properties": {"state": "IL", "cluster_id": 510, "county": "Fulton", "severity": 27, "radius_m": 100.0, "share_of_state": 0.0004393458628264584}}, {"type": "Feature", "geometry": {"type": "Point", "coordinates": [-88.33469665828704, 42.20632578902006]}, "properties": {"state": "IL", "cluster_id": 517, "county": "McHenry", "severity": 27, "radius_m": 100.0, "share_of_state": 0.0004393458628264584}}, {"type": "Feature", "geometry": {"type": "Point", "coordinates": [-89.33478746356047, 37.919632439618056]}, "properties": {"state": "IL", "cluster_id": 555, "county": "Jackson", "severity": 27, "radius_m": 199.91414456693136, "share_of_state": 0.0004393458628264584}}, {"type": "Feature", "geometry": {"type": "Point", "coordinates": [-89.95869624136647, 38.10595925383697]}, "properties": {"state": "IL", "cluster_id": 557, "county": "Randolph", "severity": 27, "radius_m": 1532.7618891510629, "share_of_state": 0.0004393458628264584}}, {"type": "Feature", "geometry": {"type": "Point", "coordinates": [-90.40528291590279, 39.02764063350695]}, "properties": {"state": "IL", "cluster_id": 602, "county": "Jersey", "severity": 27, "radius_m": 100.0, "share_of_state": 0.0004393458628264584}}, {"type": "Feature", "geometry": {"type": "Point", "coordinates": [-89.92675915958117, 41.16314963146426]}, "properties": {"state": "IL", "cluster_id": 619, "county": "Henry", "severity": 27, "radius_m": 100.0, "share_of_state": 0.0004393458628264584}}, {"type": "Feature", "geometry": {"type": "Point", "coordinates": [-88.42953846352574, 38.37039878233146]}, "properties": {"state": "IL", "cluster_id": 646, "county": "Wayne", "severity": 27, "radius_m": 100.0, "share_of_state": 0.0004393458628264584}}, {"type": "Feature", "geometry": {"type": "Point", "coordinates": [-88.82491708213905, 37.95882808419017]}, "properties": {"state": "IL", "cluster_id": 700, "county": "Franklin", "severity": 27, "radius_m": 100.0, "share_of_state": 0.0004393458628264584}}, {"type": "Feature", "geometry": {"type": "Point", "coordinates": [-89.48697667579357, 39.069653197068114]}, "properties": {"state": "IL", "cluster_id": 707, "county": "Montgomery", "severity": 27, "radius_m": 100.0, "share_of_state": 0.0004393458628264584}}, {"type": "Feature", "geometry": {"type": "Point", "coordinates": [-90.36076834475334, 41.57146831597806]}, "properties": {"state": "IL", "cluster_id": 717, "county": "Rock Island", "severity": 27, "radius_m": 1403.9913572279536, "share_of_state": 0.0004393458628264584}}, {"type": "Feature", "geometry": {"type": "Point", "coordinates": [-90.22483504508102, 40.48049795489773]}, "properties": {"state": "IL", "cluster_id": 768, "county": "Fulton", "severity": 27, "radius_m": 100.0, "share_of_state": 0.0004393458628264584}}, {"type": "Feature", "geometry": {"type": "Point", "coordinates": [-89.56493306756005, 41.36497901173017]}, "properties": {"state": "IL", "cluster_id": 782, "county": "Bureau", "severity": 27, "radius_m": 100.0, "share_of_state": 0.0004393458628264584}}, {"type": "Feature", "geometry": {"type": "Point", "coordinates": [-88.7280451569401, 37.25827391478588]}, "properties": {"state": "IL", "cluster_id": 834, "county": "Massac", "severity": 27, "radius_m": 153.97312164813818, "share_of_state": 0.0004393458628264584}}, {"type": "Feature", "geometry": {"type": "Point", "coordinates": [-88.69319556997829, 41.44094201608208]}, "properties": {"state": "IL", "cluster_id": 958, "county": "LaSalle", "severity": 27, "radius_m": 100.0, "share_of_state": 0.0004393458628264584}}, {"type": "Feature", "geometry": {"type": "Point", "coordinates": [-87.98274775962963, 42.27831945695662]}, "properties": {"state": "IL", "cluster_id": 1011, "county": "Lake", "severity": 27, "radius_m": 271.69932151293875, "share_of_state": 0.0004393458628264584}}, {"type": "Feature", "geometry": {"type": "Point", "coordinates": [-88.3517939160164, 38.291073999960176]}, "properties": {"state": "IL", "cluster_id": 32, "county": "Wayne", "severity": 26, "radius_m": 100.0, "share_of_state": 0.00042307379383288587}}, {"type": "Feature", "geometry": {"type": "Point", "coordinates": [-88.07610754373121, 42.46636444291892]}, "properties": {"state": "IL", "cluster_id": 45, "county": "Lake", "severity": 26, "radius_m": 1381.433196576175, "share_of_state": 0.00042307379383288587}}, {"type": "Feature", "geometry": {"type": "Point", "coordinates": [-90.26972133198544, 41.49851556379079]}, "properties": {"state": "IL", "cluster_id": 51, "county": "Henry", "severity": 26, "radius_m": 100.0, "share_of_state": 0.00042307379383288587}}, {"type": "Feature", "geometry": {"type": "Point", "coordinates": [-90.71365024849159, 39.92980654752319]}, "properties": {"state": "IL", "cluster_id": 72, "county": "Brown", "severity": 26, "radius_m": 100.0, "share_of_state": 0.00042307379383288587}}, {"type": "Feature", "geometry": {"type": "Point", "coordinates": [-89.11291718132587, 38.633207844383804]}, "properties": {"state": "IL", "cluster_id": 357, "county": "Marion", "severity": 26, "radius_m": 100.0, "share_of_state": 0.00042307379383288587}}, {"type": "Feature", "geometry": {"type": "Point", "coordinates": [-91.37507190337966, 40.2815183252332]}, "properties": {"state": "IL", "cluster_id": 363, "county": "Hancock", "severity": 26, "radius_m": 100.0, "share_of_state": 0.00042307379383288587}}, {"type": "Feature", "geometry": {"type": "Point", "coordinates": [-89.22784530313476, 37.52033688329951]}, "properties": {"state": "IL", "cluster_id": 430, "county": "Union", "severity": 26, "radius_m": 186.7083066976393, "share_of_state": 0.00042307379383288587}}, {"type": "Feature", "geometry": {"type": "Point", "coordinates": [-90.50655168263447, 38.96812839631037]}, "properties": {"state": "IL", "cluster_id": 459, "county": "Jersey", "severity": 26, "radius_m": 100.0, "share_of_state": 0.00042307379383288587}}, {"type": "Feature", "geometry": {"type": "Point", "coordinates": [-88.27431210504432, 38.372508555395804]}, "properties": {"state": "IL", "cluster_id": 479, "county": "Wayne", "severity": 26, "radius_m": 100.0, "share_of_state": 0.00042307379383288587}}, {"type": "Feature", "geometry": {"type": "Point", "coordinates": [-89.07235493613808, 42.16492747479254]}, "properties": {"state": "IL", "cluster_id": 520, "county": "Winnebago", "severity": 26, "radius_m": 300.31280194208955, "share_of_state": 0.00042307379383288587}}, {"type": "Feature", "geometry": {"type": "Point", "coordinates": [-87.60674668619966, 41.44519177044057]}, "properties": {"state": "IL", "cluster_id": 542, "county": "Will", "severity": 26, "radius_m": 1131.633954980705, "share_of_state": 0.00042307379383288587}}, {"type": "Feature", "geometry": {"type": "Point", "coordinates": [-89.73849796398287, 38.08573979025168]}, "properties": {"state": "IL", "cluster_id": 556, "county": "Randolph", "severity": 26, "radius_m": 1086.0672482543564, "share_of_state": 0.00042307379383288587}}, {"type": "Feature", "geometry": {"type": "Point", "coordinates": [-89.9822274175834, 38.533023152975346]}, "properties": {"state": "IL", "cluster_id": 569, "county": "St. Clair", "severity": 26, "radius_m": 1235.3860373354105, "share_of_state": 0.00042307379383288587}}, {"type": "Feature", "geometry": {"type": "Point", "coordinates": [-87.90647740175933, 42.453098456460985]}, "properties": {"state": "IL", "cluster_id": 578, "county": "Lake", "severity": 26, "radius_m": 1365.4788700016732, "share_of_state": 0.00042307379383288587}}, {"type": "Feature", "geometry": {"type": "Point", "coordinates": [-90.03489094061825, 42.0806549551082]}, "properties": {"state": "IL", "cluster_id": 584, "county": "Carroll", "severity": 26, "radius_m": 396.90619310302844, "share_of_state": 0.00042307379383288587}}, {"type": "Feature", "geometry": {"type": "Point", "coordinates": [-88.82187578512618, 42.32672901565719]}, "properties": {"state": "IL", "cluster_id": 597, "county": "Boone", "severity": 26, "radius_m": 100.0, "share_of_state": 0.00042307379383288587}}, {"type": "Feature", "geometry": {"type": "Point", "coordinates": [-88.45641827535306, 37.921281660775655]}, "properties": {"state": "IL", "cluster_id": 660, "county": "Hamilton", "severity": 26, "radius_m": 100.0, "share_of_state": 0.00042307379383288587}}, {"type": "Feature", "geometry": {"type": "Point", "coordinates": [-88.65607334122298, 41.66934397159359]}, "properties": {"state": "IL", "cluster_id": 704, "county": "DeKalb", "severity": 26, "radius_m": 1532.9914274961698, "share_of_state": 0.00042307379383288587}}, {"type": "Feature", "geometry": {"type": "Point", "coordinates": [-88.43199867616737, 38.08190282880958]}, "properties": {"state": "IL", "cluster_id": 775, "county": "Hamilton", "severity": 26, "radius_m": 100.0, "share_of_state": 0.00042307379383288587}}, {"type": "Feature", "geometry": {"type": "Point", "coordinates": [-89.95162119098633, 39.01704411347881]}, "properties": {"state": "IL", "cluster_id": 776, "county": "Macoupin", "severity": 26, "radius_m": 100.0, "share_of_state": 0.00042307379383288587}}, {"type": "Feature", "geometry": {"type": "Point", "coordinates": [-88.5114250421199, 37.76297420602877]}, "properties": {"state": "IL", "cluster_id": 789, "county": "Saline", "severity": 26, "radius_m": 100.0, "share_of_state": 0.00042307379383288587}}, {"type": "Feature", "geometry": {"type": "Point", "coordinates": [-89.6713072034976, 38.78861757694336]}, "properties": {"state": "IL", "cluster_id": 793, "county": "Madison", "severity": 26, "radius_m": 1379.4736922687484, "share_of_state": 0.00042307379383288587}}, {"type": "Feature", "geometry": {"type": "Point", "coordinates": [-89.27227175826246, 39.034515053122945]}, "properties": {"state": "IL", "cluster_id": 807, "county": "Montgomery", "severity": 26, "radius_m": 1389.2764843493692, "share_of_state": 0.00042307379383288587}}, {"type": "Feature", "geometry": {"type": "Point", "coordinates": [-88.30218996159853, 38.26430380097358]}, "properties": {"state": "IL", "cluster_id": 852, "county": "Wayne", "severity": 26, "radius_m": 100.0, "share_of_state": 0.00042307379383288587}}, {"type": "Feature", "geometry": {"type": "Point", "coordinates": [-89.82096279248347, 40.013845673102914]}, "properties": {"state": "IL", "cluster_id": 860, "county": "Menard", "severity": 26, "radius_m": 100.0, "share_of_state": 0.00042307379383288587}}, {"type": "Feature", "geometry": {"type": "Point", "coordinates": [-88.39148590933142, 38.37993704747943]}, "properties": {"state": "IL", "cluster_id": 865, "county": "Wayne", "severity": 26, "radius_m": 312.5350965512199, "share_of_state": 0.00042307379383288587}}, {"type": "Feature", "geometry": {"type": "Point", "coordinates": [-90.38219368894981, 41.02124909776732]}, "properties": {"state": "IL", "cluster_id": 869, "county": "Knox", "severity": 26, "radius_m": 100.0, "share_of_state": 0.00042307379383288587}}, {"type": "Feature", "geometry": {"type": "Point", "coordinates": [-88.62215902730844, 40.24749420317872]}, "properties": {"state": "IL", "cluster_id": 913, "county": "DeWitt", "severity": 26, "radius_m": 954.5874697289819, "share_of_state": 0.00042307379383288587}}, {"type": "Feature", "geometry": {"type": "Point", "coordinates": [-88.70359762223559, 41.308784554627735]}, "properties": {"state": "IL", "cluster_id": 1000, "county": "LaSalle", "severity": 26, "radius_m": 1245.996888472347, "share_of_state": 0.00042307379383288587}}, {"type": "Feature", "geometry": {"type": "Point", "coordinates": [-89.39449446495313, 41.722579181854165]}, "properties": {"state": "IL", "cluster_id": 271, "county": "Lee", "severity": 25, "radius_m": 342.72248571571356, "share_of_state": 0.00040680172483931334}}, {"type": "Feature", "geometry": {"type": "Point", "coordinates": [-88.64752986786483, 38.266796999077734]}, "properties": {"state": "IL", "cluster_id": 288, "county": "Wayne", "severity": 25, "radius_m": 100.0, "share_of_state": 0.00040680172483931334}}, {"type": "Feature", "geometry": {"type": "Point", "coordinates": [-89.59200759231564, 37.806381186863455]}, "properties": {"state": "IL", "cluster_id": 342, "county": "Jackson", "severity": 25, "radius_m": 100.0, "share_of_state": 0.00040680172483931334}}, {"type": "Feature", "geometry": {"type": "Point", "coordinates": [-89.00233644001953, 38.089629440212036]}, "properties": {"state": "IL", "cluster_id": 343, "county": "Franklin", "severity": 25, "radius_m": 100.0, "share_of_state": 0.00040680172483931334}}, {"type": "Feature", "geometry": {"type": "Point", "coordinates": [-88.18737531015235, 38.98930210966515]}, "properties": {"state": "IL", "cluster_id": 353, "county": "Jasper", "severity": 25, "radius_m": 1149.5786247397978, "share_of_state": 0.00040680172483931334}}, {"type": "Feature", "geometry": {"type": "Point", "coordinates": [-89.08106440003127, 39.35563778589032]}, "properties": {"state": "IL", "cluster_id": 372, "county": "Christian", "severity": 25, "radius_m": 398.4488068303003, "share_of_state": 0.00040680172483931334}}, {"type": "Feature", "geometry": {"type": "Point", "coordinates": [-89.23488124507345, 37.932810953959454]}, "properties": {"state": "IL", "cluster_id": 478, "county": "Jackson", "severity": 25, "radius_m": 100.0, "share_of_state": 0.00040680172483931334}}, {"type": "Feature", "geometry": {"type": "Point", "coordinates": [-89.18135006569064, 41.70741000049569]}, "properties": {"state": "IL", "cluster_id": 576, "county": "Lee", "severity": 25, "radius_m": 100.0, "share_of_state": 0.00040680172483931334}}, {"type": "Feature", "geometry": {"type": "Point", "coordinates": [-89.0838046086586, 38.619959480899325]}, "properties": {"state": "IL", "cluster_id": 588, "county": "Marion", "severity": 25, "radius_m": 100.0, "share_of_state": 0.00040680172483931334}}, {"type": "Feature", "geometry": {"type": "Point", "coordinates": [-89.08340837905625, 39.30846980893309]}, "properties": {"state": "IL", "cluster_id": 631, "county": "Shelby", "severity": 25, "radius_m": 100.0, "share_of_state": 0.00040680172483931334}}, {"type": "Feature", "geometry": {"type": "Point", "coordinates": [-87.98393307269374, 39.45865726010274]}, "properties": {"state": "IL", "cluster_id": 636, "county": "Clark", "severity": 25, "radius_m": 1300.9275997395005, "share_of_state": 0.00040680172483931334}}, {"type": "Feature", "geometry": {"type": "Point", "coordinates": [-88.19705452242735, 41.312348289892185]}, "properties": {"state": "IL", "cluster_id": 657, "county": "Will", "severity": 25, "radius_m": 156.65984631110985, "share_of_state": 0.00040680172483931334}}, {"type": "Feature", "geometry": {"type": "Point", "coordinates": [-90.33425467517968, 41.33292299110069]}, "properties": {"state": "IL", "cluster_id": 676, "county": "Henry", "severity": 25, "radius_m": 100.0, "share_of_state": 0.00040680172483931334}}, {"type": "Feature", "geometry": {"type": "Point", "coordinates": [-90.05212753571718, 39.737017410643354]}, "properties": {"state": "IL", "cluster_id": 710, "county": "Morgan", "severity": 25, "radius_m": 100.0, "share_of_state": 0.00040680172483931334}}, {"type": "Feature", "geometry": {"type": "Point", "coordinates": [-88.9531861756922, 38.43840831776656]}, "properties": {"state": "IL", "cluster_id": 733, "county": "Jefferson", "severity": 25, "radius_m": 122.48395966841949, "share_of_state": 0.00040680172483931334}}, {"type": "Feature", "geometry": {"type": "Point", "coordinates": [-90.62886798835547, 41.02527147066175]}, "properties": {"state": "IL", "cluster_id": 786, "county": "Warren", "severity": 25, "radius_m": 100.0, "share_of_state": 0.00040680172483931334}}, {"type": "Feature", "geometry": {"type": "Point", "coordinates": [-88.02817380832656, 38.200388893794525]}, "properties": {"state": "IL", "cluster_id": 818, "county": "White", "severity": 25, "radius_m": 116.89096622788196, "share_of_state": 0.00040680172483931334}}, {"type": "Feature", "geometry": {"type": "Point", "coordinates": [-87.88888669591563, 41.6481506301627]}, "properties": {"state": "IL", "cluster_id": 832, "county": "Cook", "severity": 25, "radius_m": 1387.3889561387725, "share_of_state": 0.00040680172483931334}}, {"type": "Feature", "geometry": {"type": "Point", "coordinates": [-89.6623777588422, 42.27361749896227]}, "properties": {"state": "IL", "cluster_id": 837, "county": "Stephenson", "severity": 25, "radius_m": 1194.854285123731, "share_of_state": 0.00040680172483931334}}, {"type": "Feature", "geometry": {"type": "Point", "coordinates": [-88.56602168724686, 41.64736659702715]}, "properties": {"state": "IL", "cluster_id": 846, "county": "Kendall", "severity": 25, "radius_m": 200.99473991334943, "share_of_state": 0.00040680172483931334}}, {"type": "Feature", "geometry": {"type": "Point", "coordinates": [-87.9284996816461, 41.517206078947666]}, "properties": {"state": "IL", "cluster_id": 859, "county": "Will", "severity": 25, "radius_m": 739.1897685951305, "share_of_state": 0.00040680172483931334}}, {"type": "Feature", "geometry": {"type": "Point", "coordinates": [-88.19177095359687, 41.80225725830892]}, "properties": {"state": "IL", "cluster_id": 920, "county": "DuPage", "severity": 25, "radius_m": 1292.9623682110405, "share_of_state": 0.00040680172483931334}}, {"type": "Feature", "geometry": {"type": "Point", "coordinates": [-87.92797542139999, 41.654839810148]}, "properties": {"state": "IL", "cluster_id": 937, "county": "Cook", "severity": 25, "radius_m": 1217.5542914649138, "share_of_state": 0.00040680172483931334}}, {"type": "Feature", "geometry": {"type": "Point", "coordinates": [-91.21382989809062, 39.93340405550491]}, "properties": {"state": "IL", "cluster_id": 959, "county": "Adams", "severity": 25, "radius_m": 302.82229715561687, "share_of_state": 0.00040680172483931334}}, {"type": "Feature", "geometry": {"type": "Point", "coordinates": [-90.75738026953124, 41.428361612751175]}, "properties": {"state": "IL", "cluster_id": 969, "county": "Rock Island", "severity": 25, "radius_m": 216.7155288633194, "share_of_state": 0.00040680172483931334}}, {"type": "Feature", "geometry": {"type": "Point", "coordinates": [-90.14526938597498, 40.30492310685304]}, "properties": {"state": "IL", "cluster_id": 974, "county": "Fulton", "severity": 25, "radius_m": 167.5620223964447, "share_of_state": 0.00040680172483931334}}, {"type": "Feature", "geometry": {"type": "Point", "coordinates": [-88.0902787802586, 42.44031811713928]}, "properties": {"state": "IL", "cluster_id": 995, "county": "Lake", "severity": 25, "radius_m": 1275.7945117714287, "share_of_state": 0.00040680172483931334}}, {"type": "Feature", "geometry": {"type": "Point", "coordinates": [-88.9947715704, 37.74702519205096]}, "properties": {"state": "IL", "cluster_id": 1023, "county": "Williamson", "severity": 25, "radius_m": 1002.300033898916, "share_of_state": 0.00040680172483931334}}, {"type": "Feature", "geometry": {"type": "Point", "coordinates": [-88.04741385794765, 41.9073012089273]}, "properties": {"state": "IL", "cluster_id": 1073, "county": "DuPage", "severity": 25, "radius_m": 1191.6671547826393, "share_of_state": 0.00040680172483931334}}, {"type": "Feature", "geometry": {"type": "Point", "coordinates": [-88.10644529856796, 38.37896343798402]}, "properties": {"state": "IL", "cluster_id": 1164, "county": "Edwards", "severity": 25, "radius_m": 100.0, "share_of_state": 0.00040680172483931334}}, {"type": "Feature", "geometry": {"type": "Point", "coordinates": [-90.50807594671956, 41.343551803520164]}, "properties": {"state": "IL", "cluster_id": 112, "county": "Rock Island", "severity": 24, "radius_m": 1349.833512286622, "share_of_state": 0.0003905296558457408}}, {"type": "Feature", "geometry": {"type": "Point", "coordinates": [-89.84001183120607, 39.92100732129395]}, "properties": {"state": "IL", "cluster_id": 148, "county": "Menard", "severity": 24, "radius_m": 100.0, "share_of_state": 0.0003905296558457408}}, {"type": "Feature", "geometry": {"type": "Point", "coordinates": [-87.86625597340576, 40.90312712615438]}, "properties": {"state": "IL", "cluster_id": 149, "county": "Iroquois", "severity": 24, "radius_m": 100.0, "share_of_state": 0.0003905296558457408}}, {"type": "Feature", "geometry": {"type": "Point", "coordinates": [-88.45879176706298, 37.80122535082234]}, "properties": {"state": "IL", "cluster_id": 239, "county": "Saline", "severity": 24, "radius_m": 100.0, "share_of_state": 0.0003905296558457408}}, {"type": "Feature", "geometry": {"type": "Point", "coordinates": [-89.4516009046403, 40.858155220510255]}, "properties": {"state": "IL", "cluster_id": 244, "county": "Woodford", "severity": 24, "radius_m": 189.37884134935345, "share_of_state": 0.0003905296558457408}}, {"type": "Feature", "geometry": {"type": "Point", "coordinates": [-89.61019532437581, 38.36283867844102]}, "properties": {"state": "IL", "cluster_id": 266, "county": "Washington", "severity": 24, "radius_m": 1080.7642350703954, "share_of_state": 0.0003905296558457408}}, {"type": "Feature", "geometry": {"type": "Point", "coordinates": [-88.33232109978597, 37.96154779291074]}, "properties": {"state": "IL", "cluster_id": 326, "county": "White", "severity": 24, "radius_m": 286.7934959701439, "share_of_state": 0.0003905296558457408}}, {"type": "Feature", "geometry": {"type": "Point", "coordinates": [-89.3064554087858, 41.14213549400836]}, "properties": {"state": "IL", "cluster_id": 335, "county": "Putnam", "severity": 24, "radius_m": 164.24696740768516, "share_of_state": 0.0003905296558457408}}, {"type": "Feature", "geometry": {"type": "Point", "coordinates": [-90.69415759739177, 39.61976642082937]}, "properties": {"state": "IL", "cluster_id": 352, "county": "Pike", "severity": 24, "radius_m": 100.0, "share_of_state": 0.0003905296558457408}}, {"type": "Feature", "geometry": {"type": "Point", "coordinates": [-89.27174872109293, 42.37443191233598]}, "properties": {"state": "IL", "cluster_id": 362, "county": "Winnebago", "severity": 24, "radius_m": 172.8379539591608, "share_of_state": 0.0003905296558457408}}, {"type": "Feature", "geometry": {"type": "Point", "coordinates": [-88.23871241614258, 41.42117993557223]}, "properties": {"state": "IL", "cluster_id": 367, "county": "Will", "severity": 24, "radius_m": 1014.8630987256313, "share_of_state": 0.0003905296558457408}}, {"type": "Feature", "geometry": {"type": "Point", "coordinates": [-88.25186116827474, 38.083052934563476]}, "properties": {"state": "IL", "cluster_id": 389, "county": "White", "severity": 24, "radius_m": 100.0, "share_of_state": 0.0003905296558457408}}, {"type": "Feature", "geometry": {"type": "Point", "coordinates": [-89.38981029025553, 38.12462611607341]}, "properties": {"state": "IL", "cluster_id": 400, "county": "Perry", "severity": 24, "radius_m": 100.0, "share_of_state": 0.0003905296558457408}}, {"type": "Feature", "geometry": {"type": "Point", "coordinates": [-90.21959059788573, 39.80734521410065]}, "properties": {"state": "IL", "cluster_id": 471, "county": "Morgan", "severity": 24, "radius_m": 161.37322125314464, "share_of_state": 0.0003905296558457408}}, {"type": "Feature", "geometry": {"type": "Point", "coordinates": [-88.37721234708658, 39.19151439330648]}, "properties": {"state": "IL", "cluster_id": 482, "county": "Cumberland", "severity": 24, "radius_m": 228.0639655118534, "share_of_state": 0.0003905296558457408}}, {"type": "Feature", "geometry": {"type": "Point", "coordinates": [-90.33510733778728, 41.64803862316368]}, "properties": {"state": "IL", "cluster_id": 515, "county": "Rock Island", "severity": 24, "radius_m": 159.50320883739448, "share_of_state": 0.0003905296558457408}}, {"type": "Feature", "geometry": {"type": "Point", "coordinates": [-90.00585249265544, 38.68718992745215]}, "properties": {"state": "IL", "cluster_id": 559, "county": "Madison", "severity": 24, "radius_m": 239.18038835209137, "share_of_state": 0.0003905296558457408}}, {"type": "Feature", "geometry": {"type": "Point", "coordinates": [-88.49449988511473, 41.760259910484756]}, "properties": {"state": "IL", "cluster_id": 571, "county": "Kane", "severity": 24, "radius_m": 1122.5485380300438, "share_of_state": 0.0003905296558457408}}, {"type": "Feature", "geometry": {"type": "Point", "coordinates": [-88.36326324347982, 41.41774850836426]}, "properties": {"state": "IL", "cluster_id": 582, "county": "Grundy", "severity": 24, "radius_m": 1329.85420885762, "share_of_state": 0.0003905296558457408}}, {"type": "Feature", "geometry": {"type": "Point", "coordinates": [-90.89712166044028, 41.19708838238]}, "properties": {"state": "IL", "cluster_id": 650, "county": "Mercer", "severity": 24, "radius_m": 100.0, "share_of_state": 0.0003905296558457408}}, {"type": "Feature", "geometry": {"type": "Point", "coordinates": [-88.87867137255371, 41.3196090052893]}, "properties": {"state": "IL", "cluster_id": 662, "county": "LaSalle", "severity": 24, "radius_m": 116.04205346718877, "share_of_state": 0.0003905296558457408}}, {"type": "Feature", "geometry": {"type": "Point", "coordinates": [-87.99338576657551, 39.010423481521265]}, "properties": {"state": "IL", "cluster_id": 724, "county": "Jasper", "severity": 24, "radius_m": 100.0, "share_of_state": 0.0003905296558457408}}, {"type": "Feature", "geometry": {"type": "Point", "coordinates": [-88.36265396052, 39.79166803551351]}, "properties": {"state": "IL", "cluster_id": 739, "county": "Douglas", "severity": 24, "radius_m": 167.83323840768003, "share_of_state": 0.0003905296558457408}}, {"type": "Feature", "geometry": {"type": "Point", "coordinates": [-88.392600578868, 39.41315315433973]}, "properties": {"state": "IL", "cluster_id": 746, "county": "Coles", "severity": 24, "radius_m": 292.7191674475936, "share_of_state": 0.0003905296558457408}}, {"type": "Feature", "geometry": {"type": "Point", "coordinates": [-89.58549987661623, 42.27938925311442]}, "properties": {"state": "IL", "cluster_id": 791, "county": "Stephenson", "severity": 24, "radius_m": 217.5718947201806, "share_of_state": 0.0003905296558457408}}, {"type": "Feature", "geometry": {"type": "Point", "coordinates": [-90.563861997111, 39.684096191197526]}, "properties": {"state": "IL", "cluster_id": 802, "county": "Scott", "severity": 24, "radius_m": 226.93287319072243, "share_of_state": 0.0003905296558457408}}, {"type": "Feature", "geometry": {"type": "Point", "coordinates": [-88.00681466614826, 41.551633670900976]}, "properties": {"state": "IL", "cluster_id": 822, "county": "Will", "severity": 24, "radius_m": 1388.9342027282087, "share_of_state": 0.0003905296558457408}}, {"type": "Feature", "geometry": {"type": "Point", "coordinates": [-89.1774189304362, 42.18258538339942]}, "properties": {"state": "IL", "cluster_id": 923, "county": "Ogle", "severity": 24, "radius_m": 289.5523699321801, "share_of_state": 0.0003905296558457408}}, {"type": "Feature", "geometry": {"type": "Point", "coordinates": [-89.13786687419758, 42.18620359601115]}, "properties": {"state": "IL", "cluster_id": 951, "county": "Winnebago", "severity": 24, "radius_m": 1080.6376354688214, "share_of_state": 0.0003905296558457408}}, {"type": "Feature", "geometry": {"type": "Point", "coordinates": [-88.65472615564941, 37.84099906662927]}, "properties": {"state": "IL", "cluster_id": 980, "county": "Saline", "severity": 24, "radius_m": 1109.9963824514077, "share_of_state": 0.0003905296558457408}}, {"type": "Feature", "geometry": {"type": "Point", "coordinates": [-89.70714806791666, 39.77932335836362]}, "properties": {"state": "IL", "cluster_id": 1008, "county": "Sangamon", "severity": 24, "radius_m": 114.44664907805333, "share_of_state": 0.0003905296558457408}}, {"type": "Feature", "geometry": {"type": "Point", "coordinates": [-88.06030906430176, 38.23780740771434]}, "properties": {"state": "IL", "cluster_id": 1010, "county": "White", "severity": 24, "radius_m": 100.0, "share_of_state": 0.0003905296558457408}}, {"type": "Feature", "geometry": {"type": "Point", "coordinates": [-90.53635609354005, 40.02509390147181]}, "properties": {"state": "IL", "cluster_id": 1012, "county": "Schuyler", "severity": 24, "radius_m": 212.9335016668254, "share_of_state": 0.0003905296558457408}}, {"type": "Feature", "geometry": {"type": "Point", "coordinates": [-89.42909043796305, 38.10302174320841]}, "properties": {"state": "IL", "cluster_id": 1076, "county": "Perry", "severity": 24, "radius_m": 100.0, "share_of_state": 0.0003905296558457408}}, {"type": "Feature", "geometry": {"type": "Point", "coordinates": [-88.3767981080005, 41.73271304667157]}, "properties": {"state": "IL", "cluster_id": 1085, "county": "Kane", "severity": 24, "radius_m": 1268.1550731260177, "share_of_state": 0.0003905296558457408}}, {"type": "Feature", "geometry": {"type": "Point", "coordinates": [-89.05557025759033, 42.477347393820146]}, "properties": {"state": "IL", "cluster_id": 1093, "county": "Winnebago", "severity": 24, "radius_m": 1228.4211785341486, "share_of_state": 0.0003905296558457408}}, {"type": "Feature", "geometry": {"type": "Point", "coordinates": [-87.64285136000001, 40.233404287012696]}, "properties": {"state": "IL", "cluster_id": 1103, "county": "Vermilion", "severity": 24, "radius_m": 100.0, "share_of_state": 0.0003905296558457408}}, {"type": "Feature", "geometry": {"type": "Point", "coordinates": [-87.7596568275, 40.10960820023047]}, "properties": {"state": "IL", "cluster_id": 1104, "county": "Vermilion", "severity": 24, "radius_m": 123.66473500740967, "share_of_state": 0.0003905296558457408}}, {"type": "Feature", "geometry": {"type": "Point", "coordinates": [-88.19483186905826, 42.094855173590744]}, "properties": {"state": "IL", "cluster_id": 228, "county": "Cook", "severity": 23, "radius_m": 1197.8047070040247, "share_of_state": 0.0003742575868521683}}, {"type": "Feature", "geometry": {"type": "Point", "coordinates": [-88.90042791738198, 40.60151402293608]}, "properties": {"state": "IL", "cluster_id": 323, "county": "McLean", "severity": 23, "radius_m": 170.35241985316216, "share_of_state": 0.0003742575868521683}}, {"type": "Feature", "geometry": {"type": "Point", "coordinates": [-90.2978228468249, 39.5678107434961]}, "properties": {"state": "IL", "cluster_id": 346, "county": "Morgan", "severity": 23, "radius_m": 100.0, "share_of_state": 0.0003742575868521683}}, {"type": "Feature", "geometry": {"type": "Point", "coordinates": [-89.19792222897163, 38.55761502524497]}, "properties": {"state": "IL", "cluster_id": 365, "county": "Clinton", "severity": 23, "radius_m": 100.0, "share_of_state": 0.0003742575868521683}}, {"type": "Feature", "geometry": {"type": "Point", "coordinates": [-89.76164587826938, 42.26747265090095]}, "properties": {"state": "IL", "cluster_id": 440, "county": "Stephenson", "severity": 23, "radius_m": 100.0, "share_of_state": 0.0003742575868521683}}, {"type": "Feature", "geometry": {"type": "Point", "coordinates": [-87.78403199469004, 39.36216820305831]}, "properties": {"state": "IL", "cluster_id": 465, "county": "Clark", "severity": 23, "radius_m": 134.14205561327103, "share_of_state": 0.0003742575868521683}}, {"type": "Feature", "geometry": {"type": "Point", "coordinates": [-88.46645566422727, 42.05940217025763]}, "properties": {"state": "IL", "cluster_id": 538, "county": "Kane", "severity": 23, "radius_m": 1239.440107524175, "share_of_state": 0.0003742575868521683}}, {"type": "Feature", "geometry": {"type": "Point", "coordinates": [-89.32049700744396, 38.53680643280103]}, "properties": {"state": "IL", "cluster_id": 547, "county": "Clinton", "severity": 23, "radius_m": 100.0, "share_of_state": 0.0003742575868521683}}, {"type": "Feature", "geometry": {"type": "Point", "coordinates": [-89.24769534794667, 39.52908039849523]}, "properties": {"state": "IL", "cluster_id": 566, "county": "Christian", "severity": 23, "radius_m": 100.0, "share_of_state": 0.0003742575868521683}}, {"type": "Feature", "geometry": {"type": "Point", "coordinates": [-89.0307468750985, 38.62014457125114]}, "properties": {"state": "IL", "cluster_id": 570, "county": "Marion", "severity": 23, "radius_m": 100.0, "share_of_state": 0.0003742575868521683}}, {"type": "Feature", "geometry": {"type": "Point", "coordinates": [-90.01674293171112, 40.86266246705375]}, "properties": {"state": "IL", "cluster_id": 604, "county": "Knox", "severity": 23, "radius_m": 165.62666508341516, "share_of_state": 0.0003742575868521683}}, {"type": "Feature", "geometry": {"type": "Point", "coordinates": [-88.10369099263755, 42.26308222141278]}, "properties": {"state": "IL", "cluster_id": 623, "county": "Lake", "severity": 23, "radius_m": 1269.706521112192, "share_of_state": 0.0003742575868521683}}, {"type": "Feature", "geometry": {"type": "Point", "coordinates": [-89.6439011929764, 39.43609894123106]}, "properties": {"state": "IL", "cluster_id": 642, "county": "Montgomery", "severity": 23, "radius_m": 100.0, "share_of_state": 0.0003742575868521683}}, {"type": "Feature", "geometry": {"type": "Point", "coordinates": [-89.23000093446504, 41.36788628912221]}, "properties": {"state": "IL", "cluster_id": 684, "county": "Bureau", "severity": 23, "radius_m": 334.6847270778634, "share_of_state": 0.0003742575868521683}}, {"type": "Feature", "geometry": {"type": "Point", "coordinates": [-88.1246061635428, 41.65088882522076]}, "properties": {"state": "IL", "cluster_id": 757, "county": "Will", "severity": 23, "radius_m": 1147.2061164952345, "share_of_state": 0.0003742575868521683}}, {"type": "Feature", "geometry": {"type": "Point", "coordinates": [-88.4953894325, 40.21797017769108]}, "properties": {"state": "IL", "cluster_id": 764, "county": "Piatt", "severity": 23, "radius_m": 909.8788444547589, "share_of_state": 0.0003742575868521683}}, {"type": "Feature", "geometry": {"type": "Point", "coordinates": [-90.1621523793631, 41.433785832171964]}, "properties": {"state": "IL", "cluster_id": 773, "county": "Henry", "severity": 23, "radius_m": 265.7186746231684, "share_of_state": 0.0003742575868521683}}, {"type": "Feature", "geometry": {"type": "Point", "coordinates": [-91.13957105728343, 40.434107918088614]}, "properties": {"state": "IL", "cluster_id": 783, "county": "Hancock", "severity": 23, "radius_m": 100.0, "share_of_state": 0.0003742575868521683}}, {"type": "Feature", "geometry": {"type": "Point", "coordinates": [-89.98920662300698, 38.92163538886225]}, "properties": {"state": "IL", "cluster_id": 799, "county": "Madison", "severity": 23, "radius_m": 220.44479333641223, "share_of_state": 0.0003742575868521683}}, {"type": "Feature", "geometry": {"type": "Point", "coordinates": [-89.50505005763247, 42.27593750461835]}, "properties": {"state": "IL", "cluster_id": 801, "county": "Stephenson", "severity": 23, "radius_m": 100.0, "share_of_state": 0.0003742575868521683}}, {"type": "Feature", "geometry": {"type": "Point", "coordinates": [-90.2642694448013, 42.23288703329908]}, "properties": {"state": "IL", "cluster_id": 803, "county": "JoDaviess", "severity": 23, "radius_m": 100.0, "share_of_state": 0.0003742575868521683}}, {"type": "Feature", "geometry": {"type": "Point", "coordinates": [-89.35720323729365, 39.61797966426107]}, "properties": {"state": "IL", "cluster_id": 805, "county": "Christian", "severity": 23, "radius_m": 150.4805459116082, "share_of_state": 0.0003742575868521683}}, {"type": "Feature", "geometry": {"type": "Point", "coordinates": [-90.50736916590097, 39.81650827660509]}, "properties": {"state": "IL", "cluster_id": 808, "county": "Morgan", "severity": 23, "radius_m": 1256.3197727818476, "share_of_state": 0.0003742575868521683}}, {"type": "Feature", "geometry": {"type": "Point", "coordinates": [-88.09637416050866, 42.13526748238571]}, "properties": {"state": "IL", "cluster_id": 821, "county": "Cook", "severity": 23, "radius_m": 283.4482001194701, "share_of_state": 0.0003742575868521683}}, {"type": "Feature", "geometry": {"type": "Point", "coordinates": [-89.08526984749152, 41.52045985006412]}, "properties": {"state": "IL", "cluster_id": 831, "county": "LaSalle", "severity": 23, "radius_m": 1188.3866942870554, "share_of_state": 0.0003742575868521683}}, {"type": "Feature", "geometry": {"type": "Point", "coordinates": [-90.87892183519362, 39.60104303361257]}, "properties": {"state": "IL", "cluster_id": 839, "county": "Pike", "severity": 23, "radius_m": 100.0, "share_of_state": 0.0003742575868521683}}, {"type": "Feature", "geometry": {"type": "Point", "coordinates": [-90.976595025366, 39.51490013456554]}, "properties": {"state": "IL", "cluster_id": 849, "county": "Pike", "severity": 23, "radius_m": 1020.9946657597455, "share_of_state": 0.0003742575868521683}}, {"type": "Feature", "geometry": {"type": "Point", "coordinates": [-88.44078824352583, 42.253987545538806]}, "properties": {"state": "IL", "cluster_id": 892, "county": "McHenry", "severity": 23, "radius_m": 1223.8370627447819, "share_of_state": 0.0003742575868521683}}, {"type": "Feature", "geometry": {"type": "Point", "coordinates": [-90.2293274804127, 39.60928567926972]}, "properties": {"state": "IL", "cluster_id": 898, "county": "Morgan", "severity": 23, "radius_m": 347.79934004593844, "share_of_state": 0.0003742575868521683}}, {"type": "Feature", "geometry": {"type": "Point", "coordinates": [-88.03471129287874, 42.38330742401368]}, "properties": {"state": "IL", "cluster_id": 921, "county": "Lake", "severity": 23, "radius_m": 921.6697903730744, "share_of_state": 0.0003742575868521683}}, {"type": "Feature", "geometry": {"type": "Point", "coordinates": [-87.5907681575569, 41.70359792840315]}, "properties": {"state": "IL", "cluster_id": 965, "county": "Cook", "severity": 23, "radius_m": 1222.5590437196063, "share_of_state": 0.0003742575868521683}}, {"type": "Feature", "geometry": {"type": "Point", "coordinates": [-89.04801709509427, 38.55607645271749]}, "properties": {"state": "IL", "cluster_id": 975, "county": "Marion", "severity": 23, "radius_m": 1022.9552364049459, "share_of_state": 0.0003742575868521683}}, {"type": "Feature", "geometry": {"type": "Point", "coordinates": [-90.06716559247114, 38.79852179994582]}, "properties": {"state": "IL", "cluster_id": 978, "county": "Madison", "severity": 23, "radius_m": 1005.484021797502, "share_of_state": 0.0003742575868521683}}, {"type": "Feature", "geometry": {"type": "Point", "coordinates": [-90.62778906343496, 42.49850842639058]}, "properties": {"state": "IL", "cluster_id": 1003, "county": "JoDaviess", "severity": 23, "radius_m": 116.51093012942852, "share_of_state": 0.0003742575868521683}}, {"type": "Feature", "geometry": {"type": "Point", "coordinates": [-88.49172970735648, 37.37392905644211]}, "properties": {"state": "IL", "cluster_id": 1013, "county": "Pope", "severity": 23, "radius_m": 1232.2118039738066, "share_of_state": 0.0003742575868521683}}, {"type": "Feature", "geometry": {"type": "Point", "coordinates": [-90.73571583826087, 41.29291126457256]}, "properties": {"state": "IL", "cluster_id": 1016, "county": "Mercer", "severity": 23, "radius_m": 100.0, "share_of_state": 0.0003742575868521683}}, {"type": "Feature", "geometry": {"type": "Point", "coordinates": [-90.43877520477241, 40.49507244648015]}, "properties": {"state": "IL", "cluster_id": 1022, "county": "Fulton", "severity": 23, "radius_m": 100.0, "share_of_state": 0.0003742575868521683}}, {"type": "Feature", "geometry": {"type": "Point", "coordinates": [-88.37040689797385, 42.11835581084397]}, "properties": {"state": "IL", "cluster_id": 1030, "county": "Kane", "severity": 23, "radius_m": 1284.4991038171543, "share_of_state": 0.0003742575868521683}}, {"type": "Feature", "geometry": {"type": "Point", "coordinates": [-88.59784182187073, 41.32674294327514]}, "properties": {"state": "IL", "cluster_id": 1063, "county": "LaSalle", "severity": 23, "radius_m": 100.0, "share_of_state": 0.0003742575868521683}}, {"type": "Feature", "geometry": {"type": "Point", "coordinates": [-89.09612964493716, 40.486194602470526]}, "properties": {"state": "IL", "cluster_id": 1095, "county": "McLean", "severity": 23, "radius_m": 376.37925774831757, "share_of_state": 0.0003742575868521683}}, {"type": "Feature", "geometry": {"type": "Point", "coordinates": [-90.55932587508066, 39.110239474612506]}, "properties": {"state": "IL", "cluster_id": 1150, "county": "Jersey", "severity": 23, "radius_m": 1100.9732527227384, "share_of_state": 0.0003742575868521683}}, {"type": "Feature", "geometry": {"type": "Point", "coordinates": [-90.48109121057972, 40.1195062430105]}, "properties": {"state": "IL", "cluster_id": 55, "county": "Schuyler", "severity": 22, "radius_m": 144.1442396162218, "share_of_state": 0.0003579855178585957}}, {"type": "Feature", "geometry": {"type": "Point", "coordinates": [-90.31330143639117, 41.55938192062372]}, "properties": {"state": "IL", "cluster_id": 109, "county": "Rock Island", "severity": 22, "radius_m": 160.13562529412835, "share_of_state": 0.0003579855178585957}}, {"type": "Feature", "geometry": {"type": "Point", "coordinates": [-91.00496876644974, 41.402136006706755]}, "properties": {"state": "IL", "cluster_id": 113, "county": "Rock Island", "severity": 22, "radius_m": 866.9602442654689, "share_of_state": 0.0003579855178585957}}, {"type": "Feature", "geometry": {"type": "Point", "coordinates": [-89.14965796758256, 41.938981522824925]}, "properties": {"state": "IL", "cluster_id": 121, "county": "Ogle", "severity": 22, "radius_m": 966.4000112886687, "share_of_state": 0.0003579855178585957}}, {"type": "Feature", "geometry": {"type": "Point", "coordinates": [-87.90634398853248, 40.76879047757147]}, "properties": {"state": "IL", "cluster_id": 191, "county": "Iroquois", "severity": 22, "radius_m": 100.0, "share_of_state": 0.0003579855178585957}}, {"type": "Feature", "geometry": {"type": "Point", "coordinates": [-89.42756783309129, 41.88346400832785]}, "properties": {"state": "IL", "cluster_id": 254, "county": "Lee", "severity": 22, "radius_m": 1091.7865397064159, "share_of_state": 0.0003579855178585957}}, {"type": "Feature", "geometry": {"type": "Point", "coordinates": [-88.73883225269887, 39.405703878200896]}, "properties": {"state": "IL", "cluster_id": 304, "county": "Shelby", "severity": 22, "radius_m": 171.31962757598168, "share_of_state": 0.0003579855178585957}}, {"type": "Feature", "geometry": {"type": "Point", "coordinates": [-89.02241080505061, 42.162816243176046]}, "properties": {"state": "IL", "cluster_id": 325, "county": "Winnebago", "severity": 22, "radius_m": 301.96044854493, "share_of_state": 0.0003579855178585957}}, {"type": "Feature", "geometry": {"type": "Point", "coordinates": [-88.50821282643557, 38.749391502663634]}, "properties": {"state": "IL", "cluster_id": 392, "county": "Clay", "severity": 22, "radius_m": 301.0931272949683, "share_of_state": 0.0003579855178585957}}, {"type": "Feature", "geometry": {"type": "Point", "coordinates": [-89.08380930568269, 41.728772181093305]}, "properties": {"state": "IL", "cluster_id": 418, "county": "Lee", "severity": 22, "radius_m": 100.0, "share_of_state": 0.0003579855178585957}}, {"type": "Feature", "geometry": {"type": "Point", "coordinates": [-89.45674790141423, 41.62940317703214]}, "properties": {"state": "IL", "cluster_id": 426, "county": "Lee", "severity": 22, "radius_m": 746.160346747485, "share_of_state": 0.0003579855178585957}}, {"type": "Feature", "geometry": {"type": "Point", "coordinates": [-90.06757219512605, 39.02919520429049]}, "properties": {"state": "IL", "cluster_id": 446, "county": "Macoupin", "severity": 22, "radius_m": 100.0, "share_of_state": 0.0003579855178585957}}, {"type": "Feature", "geometry": {"type": "Point", "coordinates": [-89.83637330721415, 41.76485364975937]}, "properties": {"state": "IL", "cluster_id": 550, "county": "Whiteside", "severity": 22, "radius_m": 100.0, "share_of_state": 0.0003579855178585957}}, {"type": "Feature", "geometry": {"type": "Point", "coordinates": [-88.48805177990768, 37.785269825592444]}, "properties": {"state": "IL", "cluster_id": 583, "county": "Saline", "severity": 22, "radius_m": 259.0332627310926, "share_of_state": 0.0003579855178585957}}, {"type": "Feature", "geometry": {"type": "Point", "coordinates": [-88.16816381284002, 41.68135672243067]}, "properties": {"state": "IL", "cluster_id": 612, "county": "Will", "severity": 22, "radius_m": 121.69470638399494, "share_of_state": 0.0003579855178585957}}, {"type": "Feature", "geometry": {"type": "Point", "coordinates": [-89.7738466749556, 38.15808968944567]}, "properties": {"state": "IL", "cluster_id": 625, "county": "Randolph", "severity": 22, "radius_m": 100.0, "share_of_state": 0.0003579855178585957}}, {"type": "Feature", "geometry": {"type": "Point", "coordinates": [-89.8750954213583, 38.6537470483177]}, "properties": {"state": "IL", "cluster_id": 630, "county": "St. Clair", "severity": 22, "radius_m": 159.49333255544695, "share_of_state": 0.0003579855178585957}}, {"type": "Feature", "geometry": {"type": "Point", "coordinates": [-88.72574042412732, 39.95051272630562]}, "properties": {"state": "IL", "cluster_id": 658, "county": "Piatt", "severity": 22, "radius_m": 100.0, "share_of_state": 0.0003579855178585957}}, {"type": "Feature", "geometry": {"type": "Point", "coordinates": [-89.00918970342153, 41.76211209020552]}, "properties": {"state": "IL", "cluster_id": 669, "county": "Lee", "severity": 22, "radius_m": 198.79936336599874, "share_of_state": 0.0003579855178585957}}, {"type": "Feature", "geometry": {"type": "Point", "coordinates": [-90.20435932540926, 42.314807065876884]}, "properties": {"state": "IL", "cluster_id": 674, "county": "JoDaviess", "severity": 22, "radius_m": 100.0, "share_of_state": 0.0003579855178585957}}, {"type": "Feature", "geometry": {"type": "Point", "coordinates": [-89.97850513516957, 39.11580871563281]}, "properties": {"state": "IL", "cluster_id": 681, "county": "Macoupin", "severity": 22, "radius_m": 100.0, "share_of_state": 0.0003579855178585957}}, {"type": "Feature", "geometry": {"type": "Point", "coordinates": [-90.94595918302203, 39.49703220153378]}, "properties": {"state": "IL", "cluster_id": 694, "county": "Pike", "severity": 22, "radius_m": 100.0, "share_of_state": 0.0003579855178585957}}, {"type": "Feature", "geometry": {"type": "Point", "coordinates": [-88.99084257584073, 42.43999933582633]}, "properties": {"state": "IL", "cluster_id": 708, "county": "Winnebago", "severity": 22, "radius_m": 1282.076853264979, "share_of_state": 0.0003579855178585957}}, {"type": "Feature", "geometry": {"type": "Point", "coordinates": [-89.23080178238371, 39.83805496190016]}, "properties": {"state": "IL", "cluster_id": 709, "county": "Sangamon", "severity": 22, "radius_m": 989.7860187894792, "share_of_state": 0.0003579855178585957}}, {"type": "Feature", "geometry": {"type": "Point", "coordinates": [-89.40038584510744, 39.581033161498574]}, "properties": {"state": "IL", "cluster_id": 753, "county": "Christian", "severity": 22, "radius_m": 100.0, "share_of_state": 0.0003579855178585957}}, {"type": "Feature", "geometry": {"type": "Point", "coordinates": [-87.86750338416016, 41.194025643836206]}, "properties": {"state": "IL", "cluster_id": 760, "county": "Kankakee", "severity": 22, "radius_m": 369.6047924292052, "share_of_state": 0.0003579855178585957}}, {"type": "Feature", "geometry": {"type": "Point", "coordinates": [-89.04901562882903, 41.49084012843054]}, "properties": {"state": "IL", "cluster_id": 795, "county": "LaSalle", "severity": 22, "radius_m": 100.0, "share_of_state": 0.0003579855178585957}}, {"type": "Feature", "geometry": {"type": "Point", "coordinates": [-90.08362344560813, 40.533274562408]}, "properties": {"state": "IL", "cluster_id": 809, "county": "Fulton", "severity": 22, "radius_m": 100.0, "share_of_state": 0.0003579855178585957}}, {"type": "Feature", "geometry": {"type": "Point", "coordinates": [-89.29647967374734, 39.457616824600166]}, "properties": {"state": "IL", "cluster_id": 838, "county": "Christian", "severity": 22, "radius_m": 107.02511689516793, "share_of_state": 0.0003579855178585957}}, {"type": "Feature", "geometry": {"type": "Point", "coordinates": [-87.9448201053773, 39.45836594426669]}, "properties": {"state": "IL", "cluster_id": 897, "county": "Clark", "severity": 22, "radius_m": 100.0, "share_of_state": 0.0003579855178585957}}, {"type": "Feature", "geometry": {"type": "Point", "coordinates": [-88.22988963556465, 42.1064038118156]}, "properties": {"state": "IL", "cluster_id": 900, "county": "Cook", "severity": 22, "radius_m": 999.5494590558518, "share_of_state": 0.0003579855178585957}}, {"type": "Feature", "geometry": {"type": "Point", "coordinates": [-88.3802549755371, 38.860079757832814]}, "properties": {"state": "IL", "cluster_id": 912, "county": "Clay", "severity": 22, "radius_m": 100.0, "share_of_state": 0.0003579855178585957}}, {"type": "Feature", "geometry": {"type": "Point", "coordinates": [-89.5927813728276, 38.011549886087494]}, "properties": {"state": "IL", "cluster_id": 924, "county": "Perry", "severity": 22, "radius_m": 1222.6312138738083, "share_of_state": 0.0003579855178585957}}, {"type": "Feature", "geometry": {"type": "Point", "coordinates": [-89.52870388894796, 39.87131245387494]}, "properties": {"state": "IL", "cluster_id": 927, "county": "Sangamon", "severity": 22, "radius_m": 110.1487588016597, "share_of_state": 0.0003579855178585957}}, {"type": "Feature", "geometry": {"type": "Point", "coordinates": [-88.80966778092328, 39.61230189714486]}, "properties": {"state": "IL", "cluster_id": 954, "county": "Moultrie", "severity": 22, "radius_m": 100.0, "share_of_state": 0.0003579855178585957}}, {"type": "Feature", "geometry": {"type": "Point", "coordinates": [-89.22503311018731, 37.79271817798895]}, "properties": {"state": "IL", "cluster_id": 981, "county": "Jackson", "severity": 22, "radius_m": 100.0, "share_of_state": 0.0003579855178585957}}, {"type": "Feature", "geometry": {"type": "Point", "coordinates": [-88.36054828400746, 41.9647638287514]}, "properties": {"state": "IL", "cluster_id": 985, "county": "Kane", "severity": 22, "radius_m": 332.6209911247639, "share_of_state": 0.0003579855178585957}}, {"type": "Feature", "geometry": {"type": "Point", "coordinates": [-90.1960691755078, 40.33786789421735]}, "properties": {"state": "IL", "cluster_id": 1055, "county": "Fulton", "severity": 22, "radius_m": 1195.364055903359, "share_of_state": 0.0003579855178585957}}, {"type": "Feature", "geometry": {"type": "Point", "coordinates": [-90.19083755545454, 40.475662534276246]}, "properties": {"state": "IL", "cluster_id": 1061, "county": "Fulton", "severity": 22, "radius_m": 343.97874487335184, "share_of_state": 0.0003579855178585957}}, {"type": "Feature", "geometry": {"type": "Point", "coordinates": [-89.20234119322002, 38.945021339178204]}, "properties": {"state": "IL", "cluster_id": 1062, "county": "Fayette", "severity": 22, "radius_m": 193.27667354827568, "share_of_state": 0.0003579855178585957}}, {"type": "Feature", "geometry": {"type": "Point", "coordinates": [-91.31279569965376, 40.55553243812548]}, "properties": {"state": "IL", "cluster_id": 1065, "county": "Hancock", "severity": 22, "radius_m": 1276.9475515630577, "share_of_state": 0.0003579855178585957}}, {"type": "Feature", "geometry": {"type": "Point", "coordinates": [-90.6731155277175, 40.6150340183225]}, "properties": {"state": "IL", "cluster_id": 1081, "county": "McDonough", "severity": 22, "radius_m": 100.0, "share_of_state": 0.0003579855178585957}}, {"type": "Feature", "geometry": {"type": "Point", "coordinates": [-88.06026097747338, 42.485733026949795]}, "properties": {"state": "IL", "cluster_id": 1090, "county": "Lake", "severity": 22, "radius_m": 100.0, "share_of_state": 0.0003579855178585957}}, {"type": "Feature", "geometry": {"type": "Point", "coordinates": [-89.52319474927025, 40.680168261392495]}, "properties": {"state": "IL", "cluster_id": 1156, "county": "Tazewell", "severity": 22, "radius_m": 1133.6209239632633, "share_of_state": 0.0003579855178585957}}, {"type": "Feature", "geometry": {"type": "Point", "coordinates": [-91.07038055042702, 39.605339826742274]}, "properties": {"state": "IL", "cluster_id": 1253, "county": "Pike", "severity": 22, "radius_m": 100.0, "share_of_state": 0.0003579855178585957}}, {"type": "Feature", "geometry": {"type": "Point", "coordinates": [-89.36428552959262, 41.30282846757444]}, "properties": {"state": "IL", "cluster_id": 211, "county": "Bureau", "severity": 21, "radius_m": 212.98821443068178, "share_of_state": 0.00034171344886502317}}, {"type": "Feature", "geometry": {"type": "Point", "coordinates": [-89.00835275910994, 41.307064219138304]}, "properties": {"state": "IL", "cluster_id": 216, "county": "LaSalle", "severity": 21, "radius_m": 1043.1529171753589, "share_of_state": 0.00034171344886502317}}, {"type": "Feature", "geometry": {"type": "Point", "coordinates": [-88.87283547374626, 41.15469429351944]}, "properties": {"state": "IL", "cluster_id": 376, "county": "LaSalle", "severity": 21, "radius_m": 1227.5064815685844, "share_of_state": 0.00034171344886502317}}, {"type": "Feature", "geometry": {"type": "Point", "coordinates": [-90.25900239222284, 39.11624673522833]}, "properties": {"state": "IL", "cluster_id": 394, "county": "Jersey", "severity": 21, "radius_m": 201.29054364388085, "share_of_state": 0.00034171344886502317}}, {"type": "Feature", "geometry": {"type": "Point", "coordinates": [-89.27882303244603, 37.86298152979521]}, "properties": {"state": "IL", "cluster_id": 403, "county": "Jackson", "severity": 21, "radius_m": 196.06586363714814, "share_of_state": 0.00034171344886502317}}, {"type": "Feature", "geometry": {"type": "Point", "coordinates": [-88.57351491229073, 37.83467753391793]}, "properties": {"state": "IL", "cluster_id": 408, "county": "Saline", "severity": 21, "radius_m": 100.0, "share_of_state": 0.00034171344886502317}}, {"type": "Feature", "geometry": {"type": "Point", "coordinates": [-88.38354653024088, 41.905279436328655]}, "properties": {"state": "IL", "cluster_id": 419, "county": "Kane", "severity": 21, "radius_m": 1113.6496521815654, "share_of_state": 0.00034171344886502317}}, {"type": "Feature", "geometry": {"type": "Point", "coordinates": [-90.20545051573383, 39.993930431999964]}, "properties": {"state": "IL", "cluster_id": 509, "county": "Cass", "severity": 21, "radius_m": 100.0, "share_of_state": 0.00034171344886502317}}, {"type": "Feature", "geometry": {"type": "Point", "coordinates": [-88.13117653188337, 41.55476430786094]}, "properties": {"state": "IL", "cluster_id": 518, "county": "Will", "severity": 21, "radius_m": 853.1160101882557, "share_of_state": 0.00034171344886502317}}, {"type": "Feature", "geometry": {"type": "Point", "coordinates": [-89.02563916456006, 39.60449919821893]}, "properties": {"state": "IL", "cluster_id": 532, "county": "Christian", "severity": 21, "radius_m": 283.1415670700262, "share_of_state": 0.00034171344886502317}}, {"type": "Feature", "geometry": {"type": "Point", "coordinates": [-88.0533056658017, 38.7310698507741]}, "properties": {"state": "IL", "cluster_id": 565, "county": "Richland", "severity": 21, "radius_m": 100.0, "share_of_state": 0.00034171344886502317}}, {"type": "Feature", "geometry": {"type": "Point", "coordinates": [-90.05442748648251, 38.22359731920479]}, "properties": {"state": "IL", "cluster_id": 690, "county": "Monroe", "severity": 21, "radius_m": 100.0, "share_of_state": 0.00034171344886502317}}, {"type": "Feature", "geometry": {"type": "Point", "coordinates": [-90.17694347943173, 41.63527866145583]}, "properties": {"state": "IL", "cluster_id": 699, "county": "Rock Island", "severity": 21, "radius_m": 100.0, "share_of_state": 0.00034171344886502317}}, {"type": "Feature", "geometry": {"type": "Point", "coordinates": [-90.39719488529391, 41.565119072695424]}, "properties": {"state": "IL", "cluster_id": 711, "county": "Rock Island", "severity": 21, "radius_m": 100.0, "share_of_state": 0.00034171344886502317}}, {"type": "Feature", "geometry": {"type": "Point", "coordinates": [-88.63616832956659, 40.891621649972265]}, "properties": {"state": "IL", "cluster_id": 735, "county": "Livingston", "severity": 21, "radius_m": 1088.5696944534877, "share_of_state": 0.00034171344886502317}}, {"type": "Feature", "geometry": {"type": "Point", "coordinates": [-88.40876229510415, 41.64368773391503]}, "properties": {"state": "IL", "cluster_id": 762, "county": "Kendall", "severity": 21, "radius_m": 1130.5010646048975, "share_of_state": 0.00034171344886502317}}, {"type": "Feature", "geometry": {"type": "Point", "coordinates": [-90.76790469567335, 40.063582619548754]}, "properties": {"state": "IL", "cluster_id": 778, "county": "Brown", "severity": 21, "radius_m": 100.0, "share_of_state": 0.00034171344886502317}}, {"type": "Feature", "geometry": {"type": "Point", "coordinates": [-89.78289378377231, 40.44511640450685]}, "properties": {"state": "IL", "cluster_id": 811, "county": "Tazewell", "severity": 21, "radius_m": 100.0, "share_of_state": 0.00034171344886502317}}, {"type": "Feature", "geometry": {"type": "Point", "coordinates": [-89.46770575997397, 39.74938432441604]}, "properties": {"state": "IL", "cluster_id": 830, "county": "Sangamon", "severity": 21, "radius_m": 100.0, "share_of_state": 0.00034171344886502317}}, {"type": "Feature", "geometry": {"type": "Point", "coordinates": [-88.10494534150857, 37.926192634686565]}, "properties": {"state": "IL", "cluster_id": 842, "county": "White", "severity": 21, "radius_m": 926.96766598526, "share_of_state": 0.00034171344886502317}}, {"type": "Feature", "geometry": {"type": "Point", "coordinates": [-89.34137575741349, 41.09699094435306]}, "properties": {"state": "IL", "cluster_id": 883, "county": "Marshall", "severity": 21, "radius_m": 354.3619458040927, "share_of_state": 0.00034171344886502317}}, {"type": "Feature", "geometry": {"type": "Point", "coordinates": [-88.88696658958146, 38.36044465039713]}, "properties": {"state": "IL", "cluster_id": 903, "county": "Jefferson", "severity": 21, "radius_m": 379.96791001338204, "share_of_state": 0.00034171344886502317}}, {"type": "Feature", "geometry": {"type": "Point", "coordinates": [-87.67143835115513, 41.52692808744668]}, "properties": {"state": "IL", "cluster_id": 935, "county": "Cook", "severity": 21, "radius_m": 1181.8083094965666, "share_of_state": 0.00034171344886502317}}, {"type": "Feature", "geometry": {"type": "Point", "coordinates": [-89.93423862031902, 38.06573422619404]}, "properties": {"state": "IL", "cluster_id": 941, "county": "Randolph", "severity": 21, "radius_m": 100.0, "share_of_state": 0.00034171344886502317}}, {"type": "Feature", "geometry": {"type": "Point", "coordinates": [-88.76572809927454, 38.06242513663504]}, "properties": {"state": "IL", "cluster_id": 955, "county": "Franklin", "severity": 21, "radius_m": 1090.0858464957264, "share_of_state": 0.00034171344886502317}}, {"type": "Feature", "geometry": {"type": "Point", "coordinates": [-88.27517222826357, 42.22084587617009]}, "properties": {"state": "IL", "cluster_id": 966, "county": "McHenry", "severity": 21, "radius_m": 1108.8246625921097, "share_of_state": 0.00034171344886502317}}, {"type": "Feature", "geometry": {"type": "Point", "coordinates": [-88.85331419708426, 37.97964268214611]}, "properties": {"state": "IL", "cluster_id": 1002, "county": "Franklin", "severity": 21, "radius_m": 1280.064690320828, "share_of_state": 0.00034171344886502317}}, {"type": "Feature", "geometry": {"type": "Point", "coordinates": [-87.74404352190474, 40.797722349551464]}, "properties": {"state": "IL", "cluster_id": 1060, "county": "Iroquois", "severity": 21, "radius_m": 267.4361314515542, "share_of_state": 0.00034171344886502317}}, {"type": "Feature", "geometry": {"type": "Point", "coordinates": [-90.81302043155878, 41.40357006103515]}, "properties": {"state": "IL", "cluster_id": 1072, "county": "Rock Island", "severity": 21, "radius_m": 704.5934398747056, "share_of_state": 0.00034171344886502317}}, {"type": "Feature", "geometry": {"type": "Point", "coordinates": [-88.30963114958426, 41.976538455734136]}, "properties": {"state": "IL", "cluster_id": 1074, "county": "Kane", "severity": 21, "radius_m": 142.05814782858405, "share_of_state": 0.00034171344886502317}}, {"type": "Feature", "geometry": {"type": "Point", "coordinates": [-89.54071416764229, 40.609531133683504]}, "properties": {"state": "IL", "cluster_id": 1083, "county": "Tazewell", "severity": 21, "radius_m": 993.0874036514475, "share_of_state": 0.00034171344886502317}}, {"type": "Feature", "geometry": {"type": "Point", "coordinates": [-87.64931687904763, 40.258768651089994]}, "properties": {"state": "IL", "cluster_id": 1101, "county": "Vermilion", "severity": 21, "radius_m": 100.0, "share_of_state": 0.00034171344886502317}}, {"type": "Feature", "geometry": {"type": "Point", "coordinates": [-89.96118703570778, 40.10010700664295]}, "properties": {"state": "IL", "cluster_id": 1144, "county": "Menard", "severity": 21, "radius_m": 100.0, "share_of_state": 0.00034171344886502317}}, {"type": "Feature", "geometry": {"type": "Point", "coordinates": [-89.13939368251117, 42.31644041554491]}, "properties": {"state": "IL", "cluster_id": 1185, "county": "Winnebago", "severity": 21, "radius_m": 351.99166666479834, "share_of_state": 0.00034171344886502317}}, {"type": "Feature", "geometry": {"type": "Point", "coordinates": [-89.09603551105764, 39.124749754313775]}, "properties": {"state": "IL", "cluster_id": 6, "county": "Fayette", "severity": 20, "radius_m": 100.0, "share_of_state": 0.00032544137987145064}}, {"type": "Feature", "geometry": {"type": "Point", "coordinates": [-89.3591309519248, 40.54787062012305]}, "properties": {"state": "IL", "cluster_id": 111, "county": "Tazewell", "severity": 20, "radius_m": 197.87045180603815, "share_of_state": 0.00032544137987145064}}, {"type": "Feature", "geometry": {"type": "Point", "coordinates": [-91.06396521754003, 40.81387482862909]}, "properties": {"state": "IL", "cluster_id": 138, "county": "Henderson", "severity": 20, "radius_m": 201.46529669916984, "share_of_state": 0.00032544137987145064}}, {"type": "Feature", "geometry": {"type": "Point", "coordinates": [-91.05794272540331, 40.67963011260302]}, "properties": {"state": "IL", "cluster_id": 139, "county": "Henderson", "severity": 20, "radius_m": 226.73799834008892, "share_of_state": 0.00032544137987145064}}, {"type": "Feature", "geometry": {"type": "Point", "coordinates": [-88.37698563627538, 40.374280768527754]}, "properties": {"state": "IL", "cluster_id": 172, "county": "Champaign", "severity": 20, "radius_m": 141.66092491060036, "share_of_state": 0.00032544137987145064}}, {"type": "Feature", "geometry": {"type": "Point", "coordinates": [-89.81985532905077, 37.994479444848125]}, "properties": {"state": "IL", "cluster_id": 273, "county": "Randolph", "severity": 20, "radius_m": 290.85927631873676, "share_of_state": 0.00032544137987145064}}, {"type": "Feature", "geometry": {"type": "Point", "coordinates": [-87.96328808341404, 41.11603248753679]}, "properties": {"state": "IL", "cluster_id": 347, "county": "Kankakee", "severity": 20, "radius_m": 1011.5011623925297, "share_of_state": 0.00032544137987145064}}, {"type": "Feature", "geometry": {"type": "Point", "coordinates": [-88.43854712596192, 38.59879207558947]}, "properties": {"state": "IL", "cluster_id": 373, "county": "Wayne", "severity": 20, "radius_m": 100.0, "share_of_state": 0.00032544137987145064}}, {"type": "Feature", "geometry": {"type": "Point", "coordinates": [-88.78842771055469, 40.16594794687402]}, "properties": {"state": "IL", "cluster_id": 396, "county": "DeWitt", "severity": 20, "radius_m": 200.35467952733813, "share_of_state": 0.00032544137987145064}}, {"type": "Feature", "geometry": {"type": "Point", "coordinates": [-88.40311058637403, 41.9894482752022]}, "properties": {"state": "IL", "cluster_id": 464, "county": "Kane", "severity": 20, "radius_m": 330.7257140829008, "share_of_state": 0.00032544137987145064}}, {"type": "Feature", "geometry": {"type": "Point", "coordinates": [-87.9805384180752, 42.39740200963642]}, "properties": {"state": "IL", "cluster_id": 537, "county": "Lake", "severity": 20, "radius_m": 1402.1032228522868, "share_of_state": 0.00032544137987145064}}, {"type": "Feature", "geometry": {"type": "Point", "coordinates": [-87.79610600124218, 38.403962742301545]}, "properties": {"state": "IL", "cluster_id": 575, "county": "Wabash", "severity": 20, "radius_m": 1228.5850122592578, "share_of_state": 0.00032544137987145064}}, {"type": "Feature", "geometry": {"type": "Point", "coordinates": [-90.61669974843066, 39.11211869442258]}, "properties": {"state": "IL", "cluster_id": 626, "county": "Calhoun", "severity": 20, "radius_m": 100.0, "share_of_state": 0.00032544137987145064}}, {"type": "Feature", "geometry": {"type": "Point", "coordinates": [-88.97814849398145, 38.361849808986726]}, "properties": {"state": "IL", "cluster_id": 665, "county": "Jefferson", "severity": 20, "radius_m": 100.0, "share_of_state": 0.00032544137987145064}}, {"type": "Feature", "geometry": {"type": "Point", "coordinates": [-88.11746631477635, 41.39147602085937]}, "properties": {"state": "IL", "cluster_id": 712, "county": "Will", "severity": 20, "radius_m": 100.0, "share_of_state": 0.00032544137987145064}}, {"type": "Feature", "geometry": {"type": "Point", "coordinates": [-88.6625955595166, 39.40448878119824]}, "properties": {"state": "IL", "cluster_id": 715, "county": "Shelby", "severity": 20, "radius_m": 295.06099050431675, "share_of_state": 0.00032544137987145064}}, {"type": "Feature", "geometry": {"type": "Point", "coordinates": [-89.8065605012207, 42.393292738068844]}, "properties": {"state": "IL", "cluster_id": 723, "county": "Stephenson", "severity": 20, "radius_m": 100.0, "share_of_state": 0.00032544137987145064}}, {"type": "Feature", "geometry": {"type": "Point", "coordinates": [-90.39999564187795, 40.10258000674456]}, "properties": {"state": "IL", "cluster_id": 727, "county": "Schuyler", "severity": 20, "radius_m": 100.0, "share_of_state": 0.00032544137987145064}}, {"type": "Feature", "geometry": {"type": "Point", "coordinates": [-88.08519135830859, 38.647118228505846]}, "properties": {"state": "IL", "cluster_id": 736, "county": "Richland", "severity": 20, "radius_m": 121.79180315383157, "share_of_state": 0.00032544137987145064}}, {"type": "Feature", "geometry": {"type": "Point", "coordinates": [-89.41222493869041, 38.406853142799804]}, "properties": {"state": "IL", "cluster_id": 788, "county": "Washington", "severity": 20, "radius_m": 100.0, "share_of_state": 0.00032544137987145064}}, {"type": "Feature", "geometry": {"type": "Point", "coordinates": [-89.39647903805175, 39.467852343635215]}, "properties": {"state": "IL", "cluster_id": 815, "county": "Christian", "severity": 20, "radius_m": 265.95003113177484, "share_of_state": 0.00032544137987145064}}, {"type": "Feature", "geometry": {"type": "Point", "coordinates": [-88.70400554569436, 38.90575409291748]}, "properties": {"state": "IL", "cluster_id": 828, "county": "Fayette", "severity": 20, "radius_m": 100.0, "share_of_state": 0.00032544137987145064}}, {"type": "Feature", "geometry": {"type": "Point", "coordinates": [-87.97461855381445, 41.65487506226685]}, "properties": {"state": "IL", "cluster_id": 861, "county": "Cook", "severity": 20, "radius_m": 926.810364646133, "share_of_state": 0.00032544137987145064}}, {"type": "Feature", "geometry": {"type": "Point", "coordinates": [-89.43104257750196, 37.84478150665478]}, "properties": {"state": "IL", "cluster_id": 896, "county": "Jackson", "severity": 20, "radius_m": 238.7569083002445, "share_of_state": 0.00032544137987145064}}, {"type": "Feature", "geometry": {"type": "Point", "coordinates": [-88.94975336758299, 38.38600366317468]}, "properties": {"state": "IL", "cluster_id": 907, "county": "Jefferson", "severity": 20, "radius_m": 100.0, "share_of_state": 0.00032544137987145064}}, {"type": "Feature", "geometry": {"type": "Point", "coordinates": [-90.03132846326662, 38.30536655564863]}, "properties": {"state": "IL", "cluster_id": 911, "county": "Monroe", "severity": 20, "radius_m": 100.0, "share_of_state": 0.00032544137987145064}}, {"type": "Feature", "geometry": {"type": "Point", "coordinates": [-89.28558673116993, 41.36422575438668]}, "properties": {"state": "IL", "cluster_id": 926, "county": "Bureau", "severity": 20, "radius_m": 100.0, "share_of_state": 0.00032544137987145064}}, {"type": "Feature", "geometry": {"type": "Point", "coordinates": [-87.79593806600488, 39.44828235331835]}, "properties": {"state": "IL", "cluster_id": 938, "county": "Clark", "severity": 20, "radius_m": 100.0, "share_of_state": 0.00032544137987145064}}, {"type": "Feature", "geometry": {"type": "Point", "coordinates": [-89.23293893519823, 37.568697934047364]}, "properties": {"state": "IL", "cluster_id": 943, "county": "Union", "severity": 20, "radius_m": 100.0, "share_of_state": 0.00032544137987145064}}, {"type": "Feature", "geometry": {"type": "Point", "coordinates": [-87.89343709833985, 41.04325951531165]}, "properties": {"state": "IL", "cluster_id": 952, "county": "Kankakee", "severity": 20, "radius_m": 1061.073407149794, "share_of_state": 0.00032544137987145064}}, {"type": "Feature", "geometry": {"type": "Point", "coordinates": [-91.30954164680469, 40.41821286981347]}, "properties": {"state": "IL", "cluster_id": 961, "county": "Hancock", "severity": 20, "radius_m": 100.0, "share_of_state": 0.00032544137987145064}}, {"type": "Feature", "geometry": {"type": "Point", "coordinates": [-89.05326864113866, 37.89157684698571]}, "properties": {"state": "IL", "cluster_id": 983, "county": "Franklin", "severity": 20, "radius_m": 343.0644196791232, "share_of_state": 0.00032544137987145064}}, {"type": "Feature", "geometry": {"type": "Point", "coordinates": [-88.0077969415, 41.599720077499995]}, "properties": {"state": "IL", "cluster_id": 1004, "county": "Will", "severity": 20, "radius_m": 1190.5821333369179, "share_of_state": 0.00032544137987145064}}, {"type": "Feature", "geometry": {"type": "Point", "coordinates": [-88.7659452025, 42.25241234948258]}, "properties": {"state": "IL", "cluster_id": 1019, "county": "Boone", "severity": 20, "radius_m": 180.48682676898008, "share_of_state": 0.00032544137987145064}}, {"type": "Feature", "geometry": {"type": "Point", "coordinates": [-88.53773888915917, 41.74638678322359]}, "properties": {"state": "IL", "cluster_id": 1020, "county": "Kane", "severity": 20, "radius_m": 236.99752682574712, "share_of_state": 0.00032544137987145064}}, {"type": "Feature", "geometry": {"type": "Point", "coordinates": [-88.3783746279961, 39.31072012690057]}, "properties": {"state": "IL", "cluster_id": 1039, "county": "Cumberland", "severity": 20, "radius_m": 100.0, "share_of_state": 0.00032544137987145064}}, {"type": "Feature", "geometry": {"type": "Point", "coordinates": [-88.69575688100001, 41.596346512977775]}, "properties": {"state": "IL", "cluster_id": 1082, "county": "LaSalle", "severity": 20, "radius_m": 134.2082567649162, "share_of_state": 0.00032544137987145064}}, {"type": "Feature", "geometry": {"type": "Point", "coordinates": [-88.93090171879102, 38.40886432795652]}, "properties": {"state": "IL", "cluster_id": 1097, "county": "Jefferson", "severity": 20, "radius_m": 100.0, "share_of_state": 0.00032544137987145064}}, {"type": "Feature", "geometry": {"type": "Point", "coordinates": [-90.61170141754492, 39.18580409650307]}, "properties": {"state": "IL", "cluster_id": 1099, "county": "Calhoun", "severity": 20, "radius_m": 100.0, "share_of_state": 0.00032544137987145064}}, {"type": "Feature", "geometry": {"type": "Point", "coordinates": [-87.6391201175, 39.95821686852353]}, "properties": {"state": "IL", "cluster_id": 1112, "county": "Vermilion", "severity": 20, "radius_m": 100.0, "share_of_state": 0.00032544137987145064}}, {"type": "Feature", "geometry": {"type": "Point", "coordinates": [-88.96298213651465, 42.39040854268981]}, "properties": {"state": "IL", "cluster_id": 1137, "county": "Winnebago", "severity": 20, "radius_m": 1206.2182923568118, "share_of_state": 0.00032544137987145064}}, {"type": "Feature", "geometry": {"type": "Point", "coordinates": [-88.67325168537401, 41.485693580635754]}, "properties": {"state": "IL", "cluster_id": 1170, "county": "LaSalle", "severity": 20, "radius_m": 1107.2547097801728, "share_of_state": 0.00032544137987145064}}, {"type": "Feature", "geometry": {"type": "Point", "coordinates": [-88.14115285749999, 42.345480436074055]}, "properties": {"state": "IL", "cluster_id": 1183, "county": "Lake", "severity": 20, "radius_m": 814.4465696596734, "share_of_state": 0.00032544137987145064}}, {"type": "Feature", "geometry": {"type": "Point", "coordinates": [-89.09967936027037, 39.1615011951573]}, "properties": {"state": "IL", "cluster_id": 21, "county": "Fayette", "severity": 19, "radius_m": 100.0, "share_of_state": 0.0003091693108778781}}, {"type": "Feature", "geometry": {"type": "Point", "coordinates": [-89.02183131103618, 41.90459781132607]}, "properties": {"state": "IL", "cluster_id": 99, "county": "Ogle", "severity": 19, "radius_m": 955.2857716880999, "share_of_state": 0.0003091693108778781}}, {"type": "Feature", "geometry": {"type": "Point", "coordinates": [-88.80310388016755, 39.190283495782204]}, "properties": {"state": "IL", "cluster_id": 135, "county": "Effingham", "severity": 19, "radius_m": 966.0514294168785, "share_of_state": 0.0003091693108778781}}, {"type": "Feature", "geometry": {"type": "Point", "coordinates": [-88.26917359129935, 41.76080317799188]}, "properties": {"state": "IL", "cluster_id": 181, "county": "Kane", "severity": 19, "radius_m": 762.7792305210845, "share_of_state": 0.0003091693108778781}}, {"type": "Feature", "geometry": {"type": "Point", "coordinates": [-90.10021513772102, 41.94010599004038]}, "properties": {"state": "IL", "cluster_id": 267, "county": "Carroll", "severity": 19, "radius_m": 111.79922768506157, "share_of_state": 0.0003091693108778781}}, {"type": "Feature", "geometry": {"type": "Point", "coordinates": [-89.25031801951583, 40.970397462099584]}, "properties": {"state": "IL", "cluster_id": 306, "county": "Marshall", "severity": 19, "radius_m": 100.0, "share_of_state": 0.0003091693108778781}}, {"type": "Feature", "geometry": {"type": "Point", "coordinates": [-88.4187637263127, 38.2670216726727]}, "properties": {"state": "IL", "cluster_id": 338, "county": "Wayne", "severity": 19, "radius_m": 100.0, "share_of_state": 0.0003091693108778781}}, {"type": "Feature", "geometry": {"type": "Point", "coordinates": [-89.38024457741568, 38.27998864454358]}, "properties": {"state": "IL", "cluster_id": 378, "county": "Washington", "severity": 19, "radius_m": 100.0, "share_of_state": 0.0003091693108778781}}, {"type": "Feature", "geometry": {"type": "Point", "coordinates": [-88.78085453660053, 38.62917799266091]}, "properties": {"state": "IL", "cluster_id": 589, "county": "Marion", "severity": 19, "radius_m": 100.0, "share_of_state": 0.0003091693108778781}}, {"type": "Feature", "geometry": {"type": "Point", "coordinates": [-89.53043816725021, 39.59151895582546]}, "properties": {"state": "IL", "cluster_id": 655, "county": "Christian", "severity": 19, "radius_m": 831.6705691927983, "share_of_state": 0.0003091693108778781}}, {"type": "Feature", "geometry": {"type": "Point", "coordinates": [-88.42249477539372, 42.19640622615885]}, "properties": {"state": "IL", "cluster_id": 705, "county": "McHenry", "severity": 19, "radius_m": 100.0, "share_of_state": 0.0003091693108778781}}, {"type": "Feature", "geometry": {"type": "Point", "coordinates": [-89.13000152647203, 38.30771396894902]}, "properties": {"state": "IL", "cluster_id": 713, "county": "Jefferson", "severity": 19, "radius_m": 100.0, "share_of_state": 0.0003091693108778781}}, {"type": "Feature", "geometry": {"type": "Point", "coordinates": [-88.63715948465973, 38.94829265365837]}, "properties": {"state": "IL", "cluster_id": 721, "county": "Effingham", "severity": 19, "radius_m": 851.513814474868, "share_of_state": 0.0003091693108778781}}, {"type": "Feature", "geometry": {"type": "Point", "coordinates": [-89.91153023258943, 41.72950050921767]}, "properties": {"state": "IL", "cluster_id": 750, "county": "Whiteside", "severity": 19, "radius_m": 883.3869413088779, "share_of_state": 0.0003091693108778781}}, {"type": "Feature", "geometry": {"type": "Point", "coordinates": [-90.67353580557257, 40.58772287441553]}, "properties": {"state": "IL", "cluster_id": 771, "county": "McDonough", "severity": 19, "radius_m": 184.0969902811109, "share_of_state": 0.0003091693108778781}}, {"type": "Feature", "geometry": {"type": "Point", "coordinates": [-88.19202142186883, 42.24494281323295]}, "properties": {"state": "IL", "cluster_id": 777, "county": "Lake", "severity": 19, "radius_m": 326.0978709741112, "share_of_state": 0.0003091693108778781}}, {"type": "Feature", "geometry": {"type": "Point", "coordinates": [-89.42492862171771, 39.1898200465086]}, "properties": {"state": "IL", "cluster_id": 817, "county": "Montgomery", "severity": 19, "radius_m": 100.0, "share_of_state": 0.0003091693108778781}}, {"type": "Feature", "geometry": {"type": "Point", "coordinates": [-88.41833259500925, 39.36280613733758]}, "properties": {"state": "IL", "cluster_id": 863, "county": "Cumberland", "severity": 19, "radius_m": 100.0, "share_of_state": 0.0003091693108778781}}, {"type": "Feature", "geometry": {"type": "Point", "coordinates": [-87.7495087902025, 41.47909443068942]}, "properties": {"state": "IL", "cluster_id": 864, "county": "Cook", "severity": 19, "radius_m": 276.1502230078305, "share_of_state": 0.0003091693108778781}}, {"type": "Feature", "geometry": {"type": "Point", "coordinates": [-88.48672547194492, 42.106450834141704]}, "properties": {"state": "IL", "cluster_id": 867, "county": "Kane", "severity": 19, "radius_m": 1107.7959610694097, "share_of_state": 0.0003091693108778781}}, {"type": "Feature", "geometry": {"type": "Point", "coordinates": [-89.9055361615368, 38.329142990154125]}, "properties": {"state": "IL", "cluster_id": 868, "county": "St. Clair", "severity": 19, "radius_m": 1019.1643300793837, "share_of_state": 0.0003091693108778781}}, {"type": "Feature", "geometry": {"type": "Point", "coordinates": [-89.43903206345087, 42.417821666840894]}, "properties": {"state": "IL", "cluster_id": 890, "county": "Stephenson", "severity": 19, "radius_m": 100.0, "share_of_state": 0.0003091693108778781}}, {"type": "Feature", "geometry": {"type": "Point", "coordinates": [-89.97586598978825, 40.5597941691765]}, "properties": {"state": "IL", "cluster_id": 916, "county": "Fulton", "severity": 19, "radius_m": 120.34409149417655, "share_of_state": 0.0003091693108778781}}, {"type": "Feature", "geometry": {"type": "Point", "coordinates": [-90.26714224705181, 38.36407144741862]}, "properties": {"state": "IL", "cluster_id": 934, "county": "Monroe", "severity": 19, "radius_m": 296.9205860061643, "share_of_state": 0.0003091693108778781}}, {"type": "Feature", "geometry": {"type": "Point", "coordinates": [-89.79536099299752, 41.18040652953449]}, "properties": {"state": "IL", "cluster_id": 944, "county": "Stark", "severity": 19, "radius_m": 100.0, "share_of_state": 0.0003091693108778781}}, {"type": "Feature", "geometry": {"type": "Point", "coordinates": [-88.3105588550216, 38.37899677233518]}, "properties": {"state": "IL", "cluster_id": 956, "county": "Wayne", "severity": 19, "radius_m": 100.0, "share_of_state": 0.0003091693108778781}}, {"type": "Feature", "geometry": {"type": "Point", "coordinates": [-88.5347654722677, 42.200017442811145]}, "properties": {"state": "IL", "cluster_id": 988, "county": "McHenry", "severity": 19, "radius_m": 266.8587342459554, "share_of_state": 0.0003091693108778781}}, {"type": "Feature", "geometry": {"type": "Point", "coordinates": [-91.13337336559725, 39.67128202772496]}, "properties": {"state": "IL", "cluster_id": 990, "county": "Pike", "severity": 19, "radius_m": 100.0, "share_of_state": 0.0003091693108778781}}, {"type": "Feature", "geometry": {"type": "Point", "coordinates": [-87.86217172799239, 41.58641051022843]}, "properties": {"state": "IL", "cluster_id": 1071, "county": "Cook", "severity": 19, "radius_m": 100.0, "share_of_state": 0.0003091693108778781}}, {"type": "Feature", "geometry": {"type": "Point", "coordinates": [-87.82342746645558, 41.506923156048]}, "properties": {"state": "IL", "cluster_id": 1088, "county": "Will", "severity": 19, "radius_m": 100.0, "share_of_state": 0.0003091693108778781}}, {"type": "Feature", "geometry": {"type": "Point", "coordinates": [-90.67813025185342, 40.4175310183141]}, "properties": {"state": "IL", "cluster_id": 1114, "county": "McDonough", "severity": 19, "radius_m": 965.1834525128626, "share_of_state": 0.0003091693108778781}}, {"type": "Feature", "geometry": {"type": "Point", "coordinates": [-87.8083806639124, 41.68894229437288]}, "properties": {"state": "IL", "cluster_id": 1128, "county": "Cook", "severity": 19, "radius_m": 1036.0936100071021, "share_of_state": 0.0003091693108778781}}, {"type": "Feature", "geometry": {"type": "Point", "coordinates": [-88.99122638962685, 42.22034683487374]}, "properties": {"state": "IL", "cluster_id": 1141, "county": "Winnebago", "severity": 19, "radius_m": 1093.5068508574043, "share_of_state": 0.0003091693108778781}}, {"type": "Feature", "geometry": {"type": "Point", "coordinates": [-88.06742130631578, 42.29446751706007]}, "properties": {"state": "IL", "cluster_id": 1151, "county": "Lake", "severity": 19, "radius_m": 100.0, "share_of_state": 0.0003091693108778781}}, {"type": "Feature", "geometry": {"type": "Point", "coordinates": [-88.80593411192125, 39.09163729256044]}, "properties": {"state": "IL", "cluster_id": 1165, "county": "Effingham", "severity": 19, "radius_m": 100.0, "share_of_state": 0.0003091693108778781}}, {"type": "Feature", "geometry": {"type": "Point", "coordinates": [-89.59413362187604, 39.84128916827714]}, "properties": {"state": "IL", "cluster_id": 1203, "county": "Sangamon", "severity": 19, "radius_m": 256.4083159820204, "share_of_state": 0.0003091693108778781}}, {"type": "Feature", "geometry": {"type": "Point", "coordinates": [-89.4585705489268, 41.65376159914165]}, "properties": {"state": "IL", "cluster_id": 1239, "county": "Lee", "severity": 19, "radius_m": 111.39337472930792, "share_of_state": 0.0003091693108778781}}, {"type": "Feature", "geometry": {"type": "Point", "coordinates": [-87.6540748939453, 41.484556358249804]}, "properties": {"state": "IL", "cluster_id": 38, "county": "Cook", "severity": 18, "radius_m": 804.9948480983988, "share_of_state": 0.0002928972418843056}}, {"type": "Feature", "geometry": {"type": "Point", "coordinates": [-90.12425634400282, 40.51975269078687]}, "properties": {"state": "IL", "cluster_id": 65, "county": "Fulton", "severity": 18, "radius_m": 837.7969431859073, "share_of_state": 0.0002928972418843056}}, {"type": "Feature", "geometry": {"type": "Point", "coordinates": [-88.74912434000433, 38.96368723705857]}, "properties": {"state": "IL", "cluster_id": 136, "county": "Effingham", "severity": 18, "radius_m": 258.9054856695416, "share_of_state": 0.0002928972418843056}}, {"type": "Feature", "geometry": {"type": "Point", "coordinates": [-89.17229624516818, 37.82975551279081]}, "properties": {"state": "IL", "cluster_id": 309, "county": "Jackson", "severity": 18, "radius_m": 218.34600031269218, "share_of_state": 0.0002928972418843056}}, {"type": "Feature", "geometry": {"type": "Point", "coordinates": [-89.47693913378689, 42.37372736622993]}, "properties": {"state": "IL", "cluster_id": 379, "county": "Stephenson", "severity": 18, "radius_m": 911.450247009537, "share_of_state": 0.0002928972418843056}}, {"type": "Feature", "geometry": {"type": "Point", "coordinates": [-89.55637758721247, 41.80720084048999]}, "properties": {"state": "IL", "cluster_id": 380, "county": "Lee", "severity": 18, "radius_m": 151.95670655967365, "share_of_state": 0.0002928972418843056}}, {"type": "Feature", "geometry": {"type": "Point", "coordinates": [-90.04724749956489, 39.26392304886284]}, "properties": {"state": "IL", "cluster_id": 425, "county": "Macoupin", "severity": 18, "radius_m": 286.05171720726787, "share_of_state": 0.0002928972418843056}}, {"type": "Feature", "geometry": {"type": "Point", "coordinates": [-89.56336900757488, 37.999382257124026]}, "properties": {"state": "IL", "cluster_id": 483, "county": "Perry", "severity": 18, "radius_m": 830.222047328016, "share_of_state": 0.0002928972418843056}}, {"type": "Feature", "geometry": {"type": "Point", "coordinates": [-87.64156330265517, 41.64833935923395]}, "properties": {"state": "IL", "cluster_id": 489, "county": "Cook", "severity": 18, "radius_m": 266.4253913260214, "share_of_state": 0.0002928972418843056}}, {"type": "Feature", "geometry": {"type": "Point", "coordinates": [-90.1902567222157, 38.29869933265843]}, "properties": {"state": "IL", "cluster_id": 505, "county": "Monroe", "severity": 18, "radius_m": 100.0, "share_of_state": 0.0002928972418843056}}, {"type": "Feature", "geometry": {"type": "Point", "coordinates": [-90.31636472681858, 40.29266579809062]}, "properties": {"state": "IL", "cluster_id": 512, "county": "Fulton", "severity": 18, "radius_m": 100.0, "share_of_state": 0.0002928972418843056}}, {"type": "Feature", "geometry": {"type": "Point", "coordinates": [-90.27571562148762, 38.33269720109746]}, "properties": {"state": "IL", "cluster_id": 616, "county": "Monroe", "severity": 18, "radius_m": 155.76763072580744, "share_of_state": 0.0002928972418843056}}, {"type": "Feature", "geometry": {"type": "Point", "coordinates": [-90.09390587286242, 39.2100923916959]}, "properties": {"state": "IL", "cluster_id": 695, "county": "Macoupin", "severity": 18, "radius_m": 100.0, "share_of_state": 0.0002928972418843056}}, {"type": "Feature", "geometry": {"type": "Point", "coordinates": [-89.7597564848264, 41.7756490471706]}, "properties": {"state": "IL", "cluster_id": 696, "county": "Whiteside", "severity": 18, "radius_m": 891.7869356721826, "share_of_state": 0.0002928972418843056}}, {"type": "Feature", "geometry": {"type": "Point", "coordinates": [-90.15101735936416, 40.51000521105729]}, "properties": {"state": "IL", "cluster_id": 766, "county": "Fulton", "severity": 18, "radius_m": 100.0, "share_of_state": 0.0002928972418843056}}, {"type": "Feature", "geometry": {"type": "Point", "coordinates": [-90.17373556820748, 40.03354634983561]}, "properties": {"state": "IL", "cluster_id": 797, "county": "Cass", "severity": 18, "radius_m": 785.9226065826517, "share_of_state": 0.0002928972418843056}}, {"type": "Feature", "geometry": {"type": "Point", "coordinates": [-90.92708682700304, 41.18827592013289]}, "properties": {"state": "IL", "cluster_id": 853, "county": "Mercer", "severity": 18, "radius_m": 789.6400194049337, "share_of_state": 0.0002928972418843056}}, {"type": "Feature", "geometry": {"type": "Point", "coordinates": [-89.78427083953993, 39.83620844556695]}, "properties": {"state": "IL", "cluster_id": 879, "county": "Sangamon", "severity": 18, "radius_m": 100.0, "share_of_state": 0.0002928972418843056}}, {"type": "Feature", "geometry": {"type": "Point", "coordinates": [-88.42235114039714, 42.22858176172201]}, "properties": {"state": "IL", "cluster_id": 885, "county": "McHenry", "severity": 18, "radius_m": 237.24026101773276, "share_of_state": 0.0002928972418843056}}, {"type": "Feature", "geometry": {"type": "Point", "coordinates": [-88.99486398768337, 42.48902368149413]}, "properties": {"state": "IL", "cluster_id": 905, "county": "Winnebago", "severity": 18, "radius_m": 1011.8245543466736, "share_of_state": 0.0002928972418843056}}, {"type": "Feature", "geometry": {"type": "Point", "coordinates": [-89.17933802244681, 38.325183004874326]}, "properties": {"state": "IL", "cluster_id": 908, "county": "Washington", "severity": 18, "radius_m": 1056.0780620135072, "share_of_state": 0.0002928972418843056}}, {"type": "Feature", "geometry": {"type": "Point", "coordinates": [-90.20465907069226, 39.72337123758952]}, "properties": {"state": "IL", "cluster_id": 910, "county": "Morgan", "severity": 18, "radius_m": 100.0, "share_of_state": 0.0002928972418843056}}, {"type": "Feature", "geometry": {"type": "Point", "coordinates": [-90.42037414008789, 40.33175446993489]}, "properties": {"state": "IL", "cluster_id": 919, "county": "Fulton", "severity": 18, "radius_m": 100.0, "share_of_state": 0.0002928972418843056}}, {"type": "Feature", "geometry": {"type": "Point", "coordinates": [-89.81024973008897, 40.03677318074544]}, "properties": {"state": "IL", "cluster_id": 922, "county": "Menard", "severity": 18, "radius_m": 104.33096560636437, "share_of_state": 0.0002928972418843056}}, {"type": "Feature", "geometry": {"type": "Point", "coordinates": [-89.37127943803385, 38.813222462240134]}, "properties": {"state": "IL", "cluster_id": 929, "county": "Bond", "severity": 18, "radius_m": 100.0, "share_of_state": 0.0002928972418843056}}, {"type": "Feature", "geometry": {"type": "Point", "coordinates": [-90.61370827703884, 39.086262579735944]}, "properties": {"state": "IL", "cluster_id": 946, "county": "Calhoun", "severity": 18, "radius_m": 100.0, "share_of_state": 0.0002928972418843056}}, {"type": "Feature", "geometry": {"type": "Point", "coordinates": [-87.69245359358615, 39.63354814446358]}, "properties": {"state": "IL", "cluster_id": 950, "county": "Edgar", "severity": 18, "radius_m": 984.1734634707112, "share_of_state": 0.0002928972418843056}}, {"type": "Feature", "geometry": {"type": "Point", "coordinates": [-89.31599641677627, 41.83779994556315]}, "properties": {"state": "IL", "cluster_id": 963, "county": "Lee", "severity": 18, "radius_m": 775.3347125355265, "share_of_state": 0.0002928972418843056}}, {"type": "Feature", "geometry": {"type": "Point", "coordinates": [-87.72796099987197, 41.374450044911924]}, "properties": {"state": "IL", "cluster_id": 968, "county": "Will", "severity": 18, "radius_m": 100.0, "share_of_state": 0.0002928972418843056}}, {"type": "Feature", "geometry": {"type": "Point", "coordinates": [-90.66130684446941, 41.40846486483834]}, "properties": {"state": "IL", "cluster_id": 993, "county": "Rock Island", "severity": 18, "radius_m": 889.5816092842484, "share_of_state": 0.0002928972418843056}}, {"type": "Feature", "geometry": {"type": "Point", "coordinates": [-88.11414653848632, 42.21135477359133]}, "properties": {"state": "IL", "cluster_id": 1005, "county": "Lake", "severity": 18, "radius_m": 929.0307710911512, "share_of_state": 0.0002928972418843056}}, {"type": "Feature", "geometry": {"type": "Point", "coordinates": [-88.57515238897244, 37.37940022276362]}, "properties": {"state": "IL", "cluster_id": 1014, "county": "Pope", "severity": 18, "radius_m": 100.0, "share_of_state": 0.0002928972418843056}}, {"type": "Feature", "geometry": {"type": "Point", "coordinates": [-88.34704128521702, 38.510233309176265]}, "properties": {"state": "IL", "cluster_id": 1031, "county": "Wayne", "severity": 18, "radius_m": 887.346853343483, "share_of_state": 0.0002928972418843056}}, {"type": "Feature", "geometry": {"type": "Point", "coordinates": [-89.47826360611111, 39.044286718888884]}, "properties": {"state": "IL", "cluster_id": 1043, "county": "Montgomery", "severity": 18, "radius_m": 100.0, "share_of_state": 0.0002928972418843056}}, {"type": "Feature", "geometry": {"type": "Point", "coordinates": [-87.98605724055557, 39.65088058147197]}, "properties": {"state": "IL", "cluster_id": 1053, "county": "Coles", "severity": 18, "radius_m": 296.0454973968508, "share_of_state": 0.0002928972418843056}}, {"type": "Feature", "geometry": {"type": "Point", "coordinates": [-89.45870500833333, 41.6861650911709]}, "properties": {"state": "IL", "cluster_id": 1079, "county": "Lee", "severity": 18, "radius_m": 350.64470568455715, "share_of_state": 0.0002928972418843056}}, {"type": "Feature", "geometry": {"type": "Point", "coordinates": [-88.54433249275283, 38.095849229529705]}, "properties": {"state": "IL", "cluster_id": 1092, "county": "Hamilton", "severity": 18, "radius_m": 1096.8786405426497, "share_of_state": 0.0002928972418843056}}, {"type": "Feature", "geometry": {"type": "Point", "coordinates": [-87.586013455, 39.98526123841667]}, "properties": {"state": "IL", "cluster_id": 1111, "county": "Vermilion", "severity": 18, "radius_m": 1086.1064541343917, "share_of_state": 0.0002928972418843056}}, {"type": "Feature", "geometry": {"type": "Point", "coordinates": [-89.7350230974425, 39.78759809273058]}, "properties": {"state": "IL", "cluster_id": 1115, "county": "Sangamon", "severity": 18, "radius_m": 1090.1644794623803, "share_of_state": 0.0002928972418843056}}, {"type": "Feature", "geometry": {"type": "Point", "coordinates": [-89.91519119525499, 39.28146949860134]}, "properties": {"state": "IL", "cluster_id": 1121, "county": "Macoupin", "severity": 18, "radius_m": 210.8176595933498, "share_of_state": 0.0002928972418843056}}, {"type": "Feature", "geometry": {"type": "Point", "coordinates": [-87.99655846023872, 42.02962471115993]}, "properties": {"state": "IL", "cluster_id": 1152, "county": "Cook", "severity": 18, "radius_m": 100.0, "share_of_state": 0.0002928972418843056}}, {"type": "Feature", "geometry": {"type": "Point", "coordinates": [-88.66970438465061, 38.34256033751886]}, "properties": {"state": "IL", "cluster_id": 1190, "county": "Wayne", "severity": 18, "radius_m": 100.0, "share_of_state": 0.0002928972418843056}}, {"type": "Feature", "geometry": {"type": "Point", "coordinates": [-90.34182232037435, 40.91859366391193]}, "properties": {"state": "IL", "cluster_id": 1215, "county": "Knox", "severity": 18, "radius_m": 1200.8617580699547, "share_of_state": 0.0002928972418843056}}, {"type": "Feature", "geometry": {"type": "Point", "coordinates": [-88.04276295983725, 41.8892613014213]}, "properties": {"state": "IL", "cluster_id": 1218, "county": "DuPage", "severity": 18, "radius_m": 1224.8953909120094, "share_of_state": 0.0002928972418843056}}, {"type": "Feature", "geometry": {"type": "Point", "coordinates": [-88.21166331179471, 42.356431282077864]}, "properties": {"state": "IL", "cluster_id": 1271, "county": "McHenry", "severity": 18, "radius_m": 969.910725158092, "share_of_state": 0.0002928972418843056}}, {"type": "Feature", "geometry": {"type": "Point", "coordinates": [-88.51855162395336, 40.83171564986637]}, "properties": {"state": "IL", "cluster_id": 25, "county": "Livingston", "severity": 17, "radius_m": 769.7766122268657, "share_of_state": 0.00027662517289073305}}, {"type": "Feature", "geometry": {"type": "Point", "coordinates": [-90.43248240401078, 40.067118321886404]}, "properties": {"state": "IL", "cluster_id": 49, "county": "Schuyler", "severity": 17, "radius_m": 308.75515786726004, "share_of_state": 0.00027662517289073305}}, {"type": "Feature", "geometry": {"type": "Point", "coordinates": [-89.33926775434513, 40.53396312565487]}, "properties": {"state": "IL", "cluster_id": 114, "county": "Tazewell", "severity": 17, "radius_m": 838.0574058419963, "share_of_state": 0.00027662517289073305}}, {"type": "Feature", "geometry": {"type": "Point", "coordinates": [-87.77716196257697, 41.50653308353803]}, "properties": {"state": "IL", "cluster_id": 168, "county": "Cook", "severity": 17, "radius_m": 1029.0906817816924, "share_of_state": 0.00027662517289073305}}, {"type": "Feature", "geometry": {"type": "Point", "coordinates": [-90.74875068930953, 39.80774619297219]}, "properties": {"state": "IL", "cluster_id": 200, "county": "Pike", "severity": 17, "radius_m": 847.0872916808994, "share_of_state": 0.00027662517289073305}}, {"type": "Feature", "geometry": {"type": "Point", "coordinates": [-90.47047079125804, 38.97206283061178]}, "properties": {"state": "IL", "cluster_id": 219, "county": "Jersey", "severity": 17, "radius_m": 131.19202587766424, "share_of_state": 0.00027662517289073305}}, {"type": "Feature", "geometry": {"type": "Point", "coordinates": [-89.00336083025276, 40.138093848461054]}, "properties": {"state": "IL", "cluster_id": 292, "county": "DeWitt", "severity": 17, "radius_m": 100.0, "share_of_state": 0.00027662517289073305}}, {"type": "Feature", "geometry": {"type": "Point", "coordinates": [-87.55878862904756, 41.68002637684627]}, "properties": {"state": "IL", "cluster_id": 359, "county": "Cook", "severity": 17, "radius_m": 130.14321628948082, "share_of_state": 0.00027662517289073305}}, {"type": "Feature", "geometry": {"type": "Point", "coordinates": [-88.35378671520336, 38.715438487043784]}, "properties": {"state": "IL", "cluster_id": 393, "county": "Clay", "severity": 17, "radius_m": 1154.387643976592, "share_of_state": 0.00027662517289073305}}, {"type": "Feature", "geometry": {"type": "Point", "coordinates": [-88.12609287496325, 41.5123714473696]}, "properties": {"state": "IL", "cluster_id": 407, "county": "Will", "severity": 17, "radius_m": 888.8873887439131, "share_of_state": 0.00027662517289073305}}, {"type": "Feature", "geometry": {"type": "Point", "coordinates": [-90.81126143496552, 41.42925421880725]}, "properties": {"state": "IL", "cluster_id": 421, "county": "Rock Island", "severity": 17, "radius_m": 602.2371239321992, "share_of_state": 0.00027662517289073305}}, {"type": "Feature", "geometry": {"type": "Point", "coordinates": [-88.07305093127756, 37.93830230955067]}, "properties": {"state": "IL", "cluster_id": 484, "county": "White", "severity": 17, "radius_m": 197.20156337590143, "share_of_state": 0.00027662517289073305}}, {"type": "Feature", "geometry": {"type": "Point", "coordinates": [-90.0652279660903, 38.469178352406935]}, "properties": {"state": "IL", "cluster_id": 499, "county": "St. Clair", "severity": 17, "radius_m": 100.0, "share_of_state": 0.00027662517289073305}}, {"type": "Feature", "geometry": {"type": "Point", "coordinates": [-89.923289027878, 40.57840415857328]}, "properties": {"state": "IL", "cluster_id": 502, "county": "Fulton", "severity": 17, "radius_m": 458.6968118375993, "share_of_state": 0.00027662517289073305}}, {"type": "Feature", "geometry": {"type": "Point", "coordinates": [-90.38222845574334, 39.89358377550068]}, "properties": {"state": "IL", "cluster_id": 528, "county": "Cass", "severity": 17, "radius_m": 100.0, "share_of_state": 0.00027662517289073305}}, {"type": "Feature", "geometry": {"type": "Point", "coordinates": [-90.22855274253446, 39.55465570170935]}, "properties": {"state": "IL", "cluster_id": 549, "county": "Morgan", "severity": 17, "radius_m": 206.20997367905312, "share_of_state": 0.00027662517289073305}}, {"type": "Feature", "geometry": {"type": "Point", "coordinates": [-89.39911570045841, 41.75785309334559]}, "properties": {"state": "IL", "cluster_id": 580, "county": "Lee", "severity": 17, "radius_m": 100.0, "share_of_state": 0.00027662517289073305}}, {"type": "Feature", "geometry": {"type": "Point", "coordinates": [-88.88076073312614, 40.40546777752756]}, "properties": {"state": "IL", "cluster_id": 638, "county": "McLean", "severity": 17, "radius_m": 754.1076353546086, "share_of_state": 0.00027662517289073305}}, {"type": "Feature", "geometry": {"type": "Point", "coordinates": [-88.26999102547335, 39.507118307131066]}, "properties": {"state": "IL", "cluster_id": 649, "county": "Coles", "severity": 17, "radius_m": 735.8920396101464, "share_of_state": 0.00027662517289073305}}, {"type": "Feature", "geometry": {"type": "Point", "coordinates": [-89.47533536864545, 37.76760526056678]}, "properties": {"state": "IL", "cluster_id": 654, "county": "Jackson", "severity": 17, "radius_m": 100.0, "share_of_state": 0.00027662517289073305}}, {"type": "Feature", "geometry": {"type": "Point", "coordinates": [-90.60209060721508, 40.27117019626359]}, "properties": {"state": "IL", "cluster_id": 729, "county": "Schuyler", "severity": 17, "radius_m": 100.0, "share_of_state": 0.00027662517289073305}}, {"type": "Feature", "geometry": {"type": "Point", "coordinates": [-89.41451636305722, 38.60927892154756]}, "properties": {"state": "IL", "cluster_id": 744, "county": "Clinton", "severity": 17, "radius_m": 300.0947867064959, "share_of_state": 0.00027662517289073305}}, {"type": "Feature", "geometry": {"type": "Point", "coordinates": [-89.52889057084904, 37.78649569904354]}, "properties": {"state": "IL", "cluster_id": 759, "county": "Jackson", "severity": 17, "radius_m": 218.4168225998598, "share_of_state": 0.00027662517289073305}}, {"type": "Feature", "geometry": {"type": "Point", "coordinates": [-88.88847045444624, 37.82176308878849]}, "properties": {"state": "IL", "cluster_id": 774, "county": "Williamson", "severity": 17, "radius_m": 102.27550161777664, "share_of_state": 0.00027662517289073305}}, {"type": "Feature", "geometry": {"type": "Point", "coordinates": [-87.87611016640166, 41.55794023423542]}, "properties": {"state": "IL", "cluster_id": 787, "county": "Will", "severity": 17, "radius_m": 1090.581743665398, "share_of_state": 0.00027662517289073305}}, {"type": "Feature", "geometry": {"type": "Point", "coordinates": [-89.42305526840879, 40.793363661230956]}, "properties": {"state": "IL", "cluster_id": 790, "county": "Woodford", "severity": 17, "radius_m": 865.9315964534179, "share_of_state": 0.00027662517289073305}}, {"type": "Feature", "geometry": {"type": "Point", "coordinates": [-88.79516711814455, 37.20652814219155]}, "properties": {"state": "IL", "cluster_id": 796, "county": "Massac", "severity": 17, "radius_m": 969.0040885966603, "share_of_state": 0.00027662517289073305}}, {"type": "Feature", "geometry": {"type": "Point", "coordinates": [-90.48441322689797, 39.68101002319739]}, "properties": {"state": "IL", "cluster_id": 798, "county": "Scott", "severity": 17, "radius_m": 100.0, "share_of_state": 0.00027662517289073305}}, {"type": "Feature", "geometry": {"type": "Point", "coordinates": [-88.50764757913602, 42.140824425435255]}, "properties": {"state": "IL", "cluster_id": 813, "county": "Kane", "severity": 17, "radius_m": 218.80717870927262, "share_of_state": 0.00027662517289073305}}, {"type": "Feature", "geometry": {"type": "Point", "coordinates": [-89.23107837737821, 38.39055689171128]}, "properties": {"state": "IL", "cluster_id": 814, "county": "Washington", "severity": 17, "radius_m": 201.95392563187116, "share_of_state": 0.00027662517289073305}}, {"type": "Feature", "geometry": {"type": "Point", "coordinates": [-89.53824841945543, 42.27719731728516]}, "properties": {"state": "IL", "cluster_id": 819, "county": "Stephenson", "severity": 17, "radius_m": 250.302572597705, "share_of_state": 0.00027662517289073305}}, {"type": "Feature", "geometry": {"type": "Point", "coordinates": [-89.7862882806859, 39.14720249751634]}, "properties": {"state": "IL", "cluster_id": 829, "county": "Macoupin", "severity": 17, "radius_m": 100.0, "share_of_state": 0.00027662517289073305}}, {"type": "Feature", "geometry": {"type": "Point", "coordinates": [-88.45570658188649, 41.93726187054428]}, "properties": {"state": "IL", "cluster_id": 854, "county": "Kane", "severity": 17, "radius_m": 738.662249874076, "share_of_state": 0.00027662517289073305}}, {"type": "Feature", "geometry": {"type": "Point", "coordinates": [-88.76056268340763, 42.11568084871152]}, "properties": {"state": "IL", "cluster_id": 855, "county": "DeKalb", "severity": 17, "radius_m": 1036.6473889553085, "share_of_state": 0.00027662517289073305}}, {"type": "Feature", "geometry": {"type": "Point", "coordinates": [-89.87492403491612, 38.18497110741084]}, "properties": {"state": "IL", "cluster_id": 881, "county": "Randolph", "severity": 17, "radius_m": 192.55208060553636, "share_of_state": 0.00027662517289073305}}, {"type": "Feature", "geometry": {"type": "Point", "coordinates": [-91.12274944325712, 40.2613869823943]}, "properties": {"state": "IL", "cluster_id": 887, "county": "Hancock", "severity": 17, "radius_m": 172.30977918268047, "share_of_state": 0.00027662517289073305}}, {"type": "Feature", "geometry": {"type": "Point", "coordinates": [-90.11597560460822, 38.85938666679328]}, "properties": {"state": "IL", "cluster_id": 895, "county": "Madison", "severity": 17, "radius_m": 791.15265005613, "share_of_state": 0.00027662517289073305}}, {"type": "Feature", "geometry": {"type": "Point", "coordinates": [-90.00590743286075, 41.40542858106203]}, "properties": {"state": "IL", "cluster_id": 902, "county": "Henry", "severity": 17, "radius_m": 209.29850789587363, "share_of_state": 0.00027662517289073305}}, {"type": "Feature", "geometry": {"type": "Point", "coordinates": [-89.55441468109605, 41.42316694518325]}, "properties": {"state": "IL", "cluster_id": 914, "county": "Bureau", "severity": 17, "radius_m": 144.5535383820484, "share_of_state": 0.00027662517289073305}}, {"type": "Feature", "geometry": {"type": "Point", "coordinates": [-88.51896871521599, 42.459502999234836]}, "properties": {"state": "IL", "cluster_id": 949, "county": "McHenry", "severity": 17, "radius_m": 891.8172592393465, "share_of_state": 0.00027662517289073305}}, {"type": "Feature", "geometry": {"type": "Point", "coordinates": [-90.88211361725759, 39.623928457040215]}, "properties": {"state": "IL", "cluster_id": 967, "county": "Pike", "severity": 17, "radius_m": 100.0, "share_of_state": 0.00027662517289073305}}, {"type": "Feature", "geometry": {"type": "Point", "coordinates": [-88.63943996847425, 40.09156020454421]}, "properties": {"state": "IL", "cluster_id": 970, "county": "Piatt", "severity": 17, "radius_m": 235.24649371629062, "share_of_state": 0.00027662517289073305}}, {"type": "Feature", "geometry": {"type": "Point", "coordinates": [-89.6622227473426, 37.961795297598464]}, "properties": {"state": "IL", "cluster_id": 971, "county": "Randolph", "severity": 17, "radius_m": 260.8893123995531, "share_of_state": 0.00027662517289073305}}, {"type": "Feature", "geometry": {"type": "Point", "coordinates": [-87.82370141294119, 38.40819289531384]}, "properties": {"state": "IL", "cluster_id": 996, "county": "Wabash", "severity": 17, "radius_m": 513.7887093457477, "share_of_state": 0.00027662517289073305}}, {"type": "Feature", "geometry": {"type": "Point", "coordinates": [-88.91806450195313, 42.31241742870801]}, "properties": {"state": "IL", "cluster_id": 1018, "county": "Boone", "severity": 17, "radius_m": 929.3947710521528, "share_of_state": 0.00027662517289073305}}, {"type": "Feature", "geometry": {"type": "Point", "coordinates": [-89.47128998395107, 40.789957494688274]}, "properties": {"state": "IL", "cluster_id": 1029, "county": "Woodford", "severity": 17, "radius_m": 197.41279046137763, "share_of_state": 0.00027662517289073305}}, {"type": "Feature", "geometry": {"type": "Point", "coordinates": [-88.95579277058825, 39.95797772588236]}, "properties": {"state": "IL", "cluster_id": 1034, "county": "Macon", "severity": 17, "radius_m": 139.00612126098594, "share_of_state": 0.00027662517289073305}}, {"type": "Feature", "geometry": {"type": "Point", "coordinates": [-91.00354524404526, 39.53527766121758]}, "properties": {"state": "IL", "cluster_id": 1035, "county": "Pike", "severity": 17, "radius_m": 100.0, "share_of_state": 0.00027662517289073305}}, {"type": "Feature", "geometry": {"type": "Point", "coordinates": [-87.54167739470589, 39.43390099090259]}, "properties": {"state": "IL", "cluster_id": 1045, "county": "Clark", "severity": 17, "radius_m": 707.1385620289666, "share_of_state": 0.00027662517289073305}}, {"type": "Feature", "geometry": {"type": "Point", "coordinates": [-88.60552139659467, 37.690452745266256]}, "properties": {"state": "IL", "cluster_id": 1049, "county": "Saline", "severity": 17, "radius_m": 113.3535047591769, "share_of_state": 0.00027662517289073305}}, {"type": "Feature", "geometry": {"type": "Point", "coordinates": [-89.37225716811466, 38.699601508989176]}, "properties": {"state": "IL", "cluster_id": 1050, "county": "Clinton", "severity": 17, "radius_m": 100.0, "share_of_state": 0.00027662517289073305}}, {"type": "Feature", "geometry": {"type": "Point", "coordinates": [-88.88130276529412, 40.58143364529411]}, "properties": {"state": "IL", "cluster_id": 1052, "county": "McLean", "severity": 17, "radius_m": 899.763869184893, "share_of_state": 0.00027662517289073305}}, {"type": "Feature", "geometry": {"type": "Point", "coordinates": [-88.80428601879251, 39.14409047409681]}, "properties": {"state": "IL", "cluster_id": 1078, "county": "Effingham", "severity": 17, "radius_m": 866.3751043727469, "share_of_state": 0.00027662517289073305}}, {"type": "Feature", "geometry": {"type": "Point", "coordinates": [-88.02732138, 42.03591448554834]}, "properties": {"state": "IL", "cluster_id": 1080, "county": "Cook", "severity": 17, "radius_m": 751.0545384967747, "share_of_state": 0.00027662517289073305}}, {"type": "Feature", "geometry": {"type": "Point", "coordinates": [-89.26926067556413, 40.9474895864792]}, "properties": {"state": "IL", "cluster_id": 1110, "county": "Marshall", "severity": 17, "radius_m": 153.39743549756528, "share_of_state": 0.00027662517289073305}}, {"type": "Feature", "geometry": {"type": "Point", "coordinates": [-89.84769665, 39.12922448529411]}, "properties": {"state": "IL", "cluster_id": 1119, "county": "Macoupin", "severity": 17, "radius_m": 100.0, "share_of_state": 0.00027662517289073305}}, {"type": "Feature", "geometry": {"type": "Point", "coordinates": [-89.80782482951518, 37.89625911675872]}, "properties": {"state": "IL", "cluster_id": 1123, "county": "Randolph", "severity": 17, "radius_m": 355.0686439617329, "share_of_state": 0.00027662517289073305}}, {"type": "Feature", "geometry": {"type": "Point", "coordinates": [-89.92580900934053, 41.19760221500631]}, "properties": {"state": "IL", "cluster_id": 1127, "county": "Henry", "severity": 17, "radius_m": 104.04453508775444, "share_of_state": 0.00027662517289073305}}, {"type": "Feature", "geometry": {"type": "Point", "coordinates": [-89.40074356396484, 41.04507236256463]}, "properties": {"state": "IL", "cluster_id": 1148, "county": "Marshall", "severity": 17, "radius_m": 100.0, "share_of_state": 0.00027662517289073305}}, {"type": "Feature", "geometry": {"type": "Point", "coordinates": [-88.0276750176505, 40.71071217215591]}, "properties": {"state": "IL", "cluster_id": 1153, "county": "Iroquois", "severity": 17, "radius_m": 116.19973180330878, "share_of_state": 0.00027662517289073305}}, {"type": "Feature", "geometry": {"type": "Point", "coordinates": [-88.89246969399817, 38.73536924948393]}, "properties": {"state": "IL", "cluster_id": 1158, "county": "Marion", "severity": 17, "radius_m": 100.0, "share_of_state": 0.00027662517289073305}}, {"type": "Feature", "geometry": {"type": "Point", "coordinates": [-87.92300045960017, 42.24043493423389]}, "properties": {"state": "IL", "cluster_id": 1161, "county": "Lake", "severity": 17, "radius_m": 1169.7793492355536, "share_of_state": 0.00027662517289073305}}, {"type": "Feature", "geometry": {"type": "Point", "coordinates": [-89.32913964823528, 39.52218292588235]}, "properties": {"state": "IL", "cluster_id": 1163, "county": "Christian", "severity": 17, "radius_m": 384.1170965337381, "share_of_state": 0.00027662517289073305}}, {"type": "Feature", "geometry": {"type": "Point", "coordinates": [-88.42488646940602, 39.43291790214237]}, "properties": {"state": "IL", "cluster_id": 1189, "county": "Coles", "severity": 17, "radius_m": 1070.5632860598369, "share_of_state": 0.00027662517289073305}}, {"type": "Feature", "geometry": {"type": "Point", "coordinates": [-89.32760503411765, 40.86634914284834]}, "properties": {"state": "IL", "cluster_id": 1209, "county": "Woodford", "severity": 17, "radius_m": 100.0, "share_of_state": 0.00027662517289073305}}, {"type": "Feature", "geometry": {"type": "Point", "coordinates": [-88.83372384687614, 38.62673680603627]}, "properties": {"state": "IL", "cluster_id": 1212, "county": "Marion", "severity": 17, "radius_m": 211.6469895867989, "share_of_state": 0.00027662517289073305}}, {"type": "Feature", "geometry": {"type": "Point", "coordinates": [-90.04253258767005, 39.05217417916648]}, "properties": {"state": "IL", "cluster_id": 1229, "county": "Macoupin", "severity": 17, "radius_m": 791.4048464176722, "share_of_state": 0.00027662517289073305}}, {"type": "Feature", "geometry": {"type": "Point", "coordinates": [-89.37238299895337, 38.01845739951861]}, "properties": {"state": "IL", "cluster_id": 1248, "county": "Perry", "severity": 17, "radius_m": 157.70447912106428, "share_of_state": 0.00027662517289073305}}, {"type": "Feature", "geometry": {"type": "Point", "coordinates": [-88.40522254794433, 38.39949853987287]}, "properties": {"state": "IL", "cluster_id": 34, "county": "Wayne", "severity": 16, "radius_m": 100.0, "share_of_state": 0.0002603531038971605}}, {"type": "Feature", "geometry": {"type": "Point", "coordinates": [-89.37280638673707, 41.023778003946674]}, "properties": {"state": "IL", "cluster_id": 60, "county": "Marshall", "severity": 16, "radius_m": 100.0, "share_of_state": 0.0002603531038971605}}, {"type": "Feature", "geometry": {"type": "Point", "coordinates": [-88.3515918304126, 39.272708202399414]}, "properties": {"state": "IL", "cluster_id": 93, "county": "Cumberland", "severity": 16, "radius_m": 193.00800488308943, "share_of_state": 0.0002603531038971605}}, {"type": "Feature", "geometry": {"type": "Point", "coordinates": [-88.24872161539429, 39.34516440858851]}, "properties": {"state": "IL", "cluster_id": 100, "county": "Cumberland", "severity": 16, "radius_m": 826.4553803224065, "share_of_state": 0.0002603531038971605}}, {"type": "Feature", "geometry": {"type": "Point", "coordinates": [-88.4759083384607, 41.093091493965765]}, "properties": {"state": "IL", "cluster_id": 184, "county": "Livingston", "severity": 16, "radius_m": 620.5408976514136, "share_of_state": 0.0002603531038971605}}, {"type": "Feature", "geometry": {"type": "Point", "coordinates": [-91.37594814151856, 40.255266523737795]}, "properties": {"state": "IL", "cluster_id": 233, "county": "Hancock", "severity": 16, "radius_m": 190.13327509226335, "share_of_state": 0.0002603531038971605}}, {"type": "Feature", "geometry": {"type": "Point", "coordinates": [-89.40657665545044, 37.827462718698726]}, "properties": {"state": "IL", "cluster_id": 415, "county": "Jackson", "severity": 16, "radius_m": 818.6841689460607, "share_of_state": 0.0002603531038971605}}, {"type": "Feature", "geometry": {"type": "Point", "coordinates": [-88.7776664815271, 40.002985514099116]}, "properties": {"state": "IL", "cluster_id": 514, "county": "Macon", "severity": 16, "radius_m": 100.0, "share_of_state": 0.0002603531038971605}}, {"type": "Feature", "geometry": {"type": "Point", "coordinates": [-90.61893187266479, 40.37736351937711]}, "properties": {"state": "IL", "cluster_id": 643, "county": "McDonough", "severity": 16, "radius_m": 286.810485732108, "share_of_state": 0.0002603531038971605}}, {"type": "Feature", "geometry": {"type": "Point", "coordinates": [-88.94117991713136, 38.45563934494014]}, "properties": {"state": "IL", "cluster_id": 663, "county": "Jefferson", "severity": 16, "radius_m": 100.0, "share_of_state": 0.0002603531038971605}}, {"type": "Feature", "geometry": {"type": "Point", "coordinates": [-90.77486384372436, 40.178045595848275]}, "properties": {"state": "IL", "cluster_id": 728, "county": "Schuyler", "severity": 16, "radius_m": 100.0, "share_of_state": 0.0002603531038971605}}, {"type": "Feature", "geometry": {"type": "Point", "coordinates": [-88.36668609854127, 41.286443940682375]}, "properties": {"state": "IL", "cluster_id": 756, "county": "Grundy", "severity": 16, "radius_m": 134.21785126288543, "share_of_state": 0.0002603531038971605}}, {"type": "Feature", "geometry": {"type": "Point", "coordinates": [-88.37778787709107, 39.22060634519086]}, "properties": {"state": "IL", "cluster_id": 763, "county": "Cumberland", "severity": 16, "radius_m": 197.06343349990524, "share_of_state": 0.0002603531038971605}}, {"type": "Feature", "geometry": {"type": "Point", "coordinates": [-89.86187918300415, 38.792350452313286]}, "properties": {"state": "IL", "cluster_id": 870, "county": "Madison", "severity": 16, "radius_m": 136.3474735933088, "share_of_state": 0.0002603531038971605}}, {"type": "Feature", "geometry": {"type": "Point", "coordinates": [-88.48898495038574, 38.62824678527588]}, "properties": {"state": "IL", "cluster_id": 888, "county": "Clay", "severity": 16, "radius_m": 100.0, "share_of_state": 0.0002603531038971605}}, {"type": "Feature", "geometry": {"type": "Point", "coordinates": [-89.04056153190552, 41.31007508907311]}, "properties": {"state": "IL", "cluster_id": 930, "county": "LaSalle", "severity": 16, "radius_m": 173.9168267416539, "share_of_state": 0.0002603531038971605}}, {"type": "Feature", "geometry": {"type": "Point", "coordinates": [-88.39053968210693, 41.84688175919708]}, "properties": {"state": "IL", "cluster_id": 940, "county": "Kane", "severity": 16, "radius_m": 157.88569332939196, "share_of_state": 0.0002603531038971605}}, {"type": "Feature", "geometry": {"type": "Point", "coordinates": [-87.66738320680665, 39.234167069127416]}, "properties": {"state": "IL", "cluster_id": 947, "county": "Clark", "severity": 16, "radius_m": 100.0, "share_of_state": 0.0002603531038971605}}, {"type": "Feature", "geometry": {"type": "Point", "coordinates": [-90.52865120182985, 40.12298822384366]}, "properties": {"state": "IL", "cluster_id": 948, "county": "Schuyler", "severity": 16, "radius_m": 826.9182584319071, "share_of_state": 0.0002603531038971605}}, {"type": "Feature", "geometry": {"type": "Point", "coordinates": [-90.21765567808349, 39.86880262643798]}, "properties": {"state": "IL", "cluster_id": 960, "county": "Morgan", "severity": 16, "radius_m": 100.0, "share_of_state": 0.0002603531038971605}}, {"type": "Feature", "geometry": {"type": "Point", "coordinates": [-90.81993604319092, 40.405656820232494]}, "properties": {"state": "IL", "cluster_id": 991, "county": "McDonough", "severity": 16, "radius_m": 314.59543389914944, "share_of_state": 0.0002603531038971605}}, {"type": "Feature", "geometry": {"type": "Point", "coordinates": [-88.27510764499999, 42.48101583030676]}, "properties": {"state": "IL", "cluster_id": 994, "county": "McHenry", "severity": 16, "radius_m": 606.1091016404214, "share_of_state": 0.0002603531038971605}}, {"type": "Feature", "geometry": {"type": "Point", "coordinates": [-89.36794279504272, 39.56837909189149]}, "properties": {"state": "IL", "cluster_id": 1024, "county": "Christian", "severity": 16, "radius_m": 916.4238404985833, "share_of_state": 0.0002603531038971605}}, {"type": "Feature", "geometry": {"type": "Point", "coordinates": [-89.70633298435547, 40.65484897623446]}, "properties": {"state": "IL", "cluster_id": 1032, "county": "Peoria", "severity": 16, "radius_m": 253.70739588200502, "share_of_state": 0.0002603531038971605}}, {"type": "Feature", "geometry": {"type": "Point", "coordinates": [-89.7018339443811, 40.692721324786454]}, "properties": {"state": "IL", "cluster_id": 1046, "county": "Peoria", "severity": 16, "radius_m": 829.7341206205559, "share_of_state": 0.0002603531038971605}}, {"type": "Feature", "geometry": {"type": "Point", "coordinates": [-89.5025496676941, 40.56812873737549]}, "properties": {"state": "IL", "cluster_id": 1066, "county": "Tazewell", "severity": 16, "radius_m": 100.0, "share_of_state": 0.0002603531038971605}}, {"type": "Feature", "geometry": {"type": "Point", "coordinates": [-87.93642504980346, 38.73235733721374]}, "properties": {"state": "IL", "cluster_id": 1070, "county": "Richland", "severity": 16, "radius_m": 100.0, "share_of_state": 0.0002603531038971605}}, {"type": "Feature", "geometry": {"type": "Point", "coordinates": [-88.07594600064087, 41.64064580125991]}, "properties": {"state": "IL", "cluster_id": 1075, "county": "Will", "severity": 16, "radius_m": 925.5256481143869, "share_of_state": 0.0002603531038971605}}, {"type": "Feature", "geometry": {"type": "Point", "coordinates": [-88.83388139704101, 38.79948866822859]}, "properties": {"state": "IL", "cluster_id": 1084, "county": "Marion", "severity": 16, "radius_m": 100.0, "share_of_state": 0.0002603531038971605}}, {"type": "Feature", "geometry": {"type": "Point", "coordinates": [-88.3657390257019, 41.861425007950885]}, "properties": {"state": "IL", "cluster_id": 1086, "county": "Kane", "severity": 16, "radius_m": 103.81276923766856, "share_of_state": 0.0002603531038971605}}, {"type": "Feature", "geometry": {"type": "Point", "coordinates": [-90.32753393900512, 40.23157529812411]}, "properties": {"state": "IL", "cluster_id": 1096, "county": "Fulton", "severity": 16, "radius_m": 100.0, "share_of_state": 0.0002603531038971605}}, {"type": "Feature", "geometry": {"type": "Point", "coordinates": [-90.0556230036792, 41.708666450736494]}, "properties": {"state": "IL", "cluster_id": 1100, "county": "Whiteside", "severity": 16, "radius_m": 766.3302243667563, "share_of_state": 0.0002603531038971605}}, {"type": "Feature", "geometry": {"type": "Point", "coordinates": [-87.74604007031616, 40.12730041295092]}, "properties": {"state": "IL", "cluster_id": 1106, "county": "Vermilion", "severity": 16, "radius_m": 279.0677299335731, "share_of_state": 0.0002603531038971605}}, {"type": "Feature", "geometry": {"type": "Point", "coordinates": [-87.80124955375489, 41.4840481992118]}, "properties": {"state": "IL", "cluster_id": 1116, "county": "Will", "severity": 16, "radius_m": 389.60197896891987, "share_of_state": 0.0002603531038971605}}, {"type": "Feature", "geometry": {"type": "Point", "coordinates": [-88.139846101875, 39.03187880875]}, "properties": {"state": "IL", "cluster_id": 1122, "county": "Jasper", "severity": 16, "radius_m": 100.0, "share_of_state": 0.0002603531038971605}}, {"type": "Feature", "geometry": {"type": "Point", "coordinates": [-89.52146892837402, 37.90723965764953]}, "properties": {"state": "IL", "cluster_id": 1124, "county": "Jackson", "severity": 16, "radius_m": 100.0, "share_of_state": 0.0002603531038971605}}, {"type": "Feature", "geometry": {"type": "Point", "coordinates": [-88.96113817881712, 37.71003492079711]}, "properties": {"state": "IL", "cluster_id": 1134, "county": "Williamson", "severity": 16, "radius_m": 100.0, "share_of_state": 0.0002603531038971605}}, {"type": "Feature", "geometry": {"type": "Point", "coordinates": [-88.38317494702147, 42.10167712824739]}, "properties": {"state": "IL", "cluster_id": 1135, "county": "Kane", "severity": 16, "radius_m": 877.8085487424642, "share_of_state": 0.0002603531038971605}}, {"type": "Feature", "geometry": {"type": "Point", "coordinates": [-88.33245359895507, 41.2286815579811]}, "properties": {"state": "IL", "cluster_id": 1147, "county": "Grundy", "severity": 16, "radius_m": 100.0, "share_of_state": 0.0002603531038971605}}, {"type": "Feature", "geometry": {"type": "Point", "coordinates": [-89.85799588876341, 42.410458567703245]}, "properties": {"state": "IL", "cluster_id": 1157, "county": "Stephenson", "severity": 16, "radius_m": 312.75083114438604, "share_of_state": 0.0002603531038971605}}, {"type": "Feature", "geometry": {"type": "Point", "coordinates": [-90.00701643190064, 40.68694718271912]}, "properties": {"state": "IL", "cluster_id": 1160, "county": "Fulton", "severity": 16, "radius_m": 817.2218398338953, "share_of_state": 0.0002603531038971605}}, {"type": "Feature", "geometry": {"type": "Point", "coordinates": [-89.09851378343262, 38.99512641138696]}, "properties": {"state": "IL", "cluster_id": 1162, "county": "Fayette", "severity": 16, "radius_m": 100.0, "share_of_state": 0.0002603531038971605}}, {"type": "Feature", "geometry": {"type": "Point", "coordinates": [-88.93164580812501, 42.369839307059685]}, "properties": {"state": "IL", "cluster_id": 1171, "county": "Boone", "severity": 16, "radius_m": 224.09123591607755, "share_of_state": 0.0002603531038971605}}, {"type": "Feature", "geometry": {"type": "Point", "coordinates": [-90.1457062474646, 41.848702346416275]}, "properties": {"state": "IL", "cluster_id": 1174, "county": "Whiteside", "severity": 16, "radius_m": 205.00013030426334, "share_of_state": 0.0002603531038971605}}, {"type": "Feature", "geometry": {"type": "Point", "coordinates": [-89.98780318563354, 42.15386518585449]}, "properties": {"state": "IL", "cluster_id": 1176, "county": "Carroll", "severity": 16, "radius_m": 234.25185223636743, "share_of_state": 0.0002603531038971605}}, {"type": "Feature", "geometry": {"type": "Point", "coordinates": [-89.1937762675, 39.83642785072431]}, "properties": {"state": "IL", "cluster_id": 1188, "county": "Macon", "severity": 16, "radius_m": 264.02969121707275, "share_of_state": 0.0002603531038971605}}, {"type": "Feature", "geometry": {"type": "Point", "coordinates": [-90.14570308394408, 38.30300160744495]}, "properties": {"state": "IL", "cluster_id": 1195, "county": "Monroe", "severity": 16, "radius_m": 100.0, "share_of_state": 0.0002603531038971605}}, {"type": "Feature", "geometry": {"type": "Point", "coordinates": [-89.32104547148926, 41.64737786758038]}, "properties": {"state": "IL", "cluster_id": 1196, "county": "Lee", "severity": 16, "radius_m": 320.24723460680514, "share_of_state": 0.0002603531038971605}}, {"type": "Feature", "geometry": {"type": "Point", "coordinates": [-88.68961183344607, 40.22647240995606]}, "properties": {"state": "IL", "cluster_id": 1200, "county": "DeWitt", "severity": 16, "radius_m": 102.47709920487141, "share_of_state": 0.0002603531038971605}}, {"type": "Feature", "geometry": {"type": "Point", "coordinates": [-88.32979599026123, 42.481665187668455]}, "properties": {"state": "IL", "cluster_id": 1207, "county": "McHenry", "severity": 16, "radius_m": 822.5487763204569, "share_of_state": 0.0002603531038971605}}, {"type": "Feature", "geometry": {"type": "Point", "coordinates": [-89.62548862189209, 42.26502704575256]}, "properties": {"state": "IL", "cluster_id": 1221, "county": "Stephenson", "severity": 16, "radius_m": 256.5715592012219, "share_of_state": 0.0002603531038971605}}, {"type": "Feature", "geometry": {"type": "Point", "coordinates": [-87.8921040794458, 42.24042150333946]}, "properties": {"state": "IL", "cluster_id": 1222, "county": "Lake", "severity": 16, "radius_m": 994.9590677850606, "share_of_state": 0.0002603531038971605}}, {"type": "Feature", "geometry": {"type": "Point", "coordinates": [-88.83676664591798, 41.00651520692523]}, "properties": {"state": "IL", "cluster_id": 1231, "county": "Livingston", "severity": 16, "radius_m": 781.7695935470751, "share_of_state": 0.0002603531038971605}}, {"type": "Feature", "geometry": {"type": "Point", "coordinates": [-88.10602428420776, 42.28665547329528]}, "properties": {"state": "IL", "cluster_id": 1237, "county": "Lake", "severity": 16, "radius_m": 855.1695384673383, "share_of_state": 0.0002603531038971605}}, {"type": "Feature", "geometry": {"type": "Point", "coordinates": [-90.23118237714722, 41.56293907163347]}, "properties": {"state": "IL", "cluster_id": 1247, "county": "Rock Island", "severity": 16, "radius_m": 1019.0887057622751, "share_of_state": 0.0002603531038971605}}, {"type": "Feature", "geometry": {"type": "Point", "coordinates": [-88.20344692743653, 42.329455437781306]}, "properties": {"state": "IL", "cluster_id": 1249, "county": "McHenry", "severity": 16, "radius_m": 164.32798044686584, "share_of_state": 0.0002603531038971605}}, {"type": "Feature", "geometry": {"type": "Point", "coordinates": [-88.196205199635, 42.480907875053646]}, "properties": {"state": "IL", "cluster_id": 1258, "county": "Lake", "severity": 16, "radius_m": 177.92020763914195, "share_of_state": 0.0002603531038971605}}, {"type": "Feature", "geometry": {"type": "Point", "coordinates": [-90.72297771741577, 39.29278473036968]}, "properties": {"state": "IL", "cluster_id": 1273, "county": "Calhoun", "severity": 16, "radius_m": 100.0, "share_of_state": 0.0002603531038971605}}, {"type": "Feature", "geometry": {"type": "Point", "coordinates": [-89.8095506927018, 38.997349411121256]}, "properties": {"state": "IL", "cluster_id": 56, "county": "Madison", "severity": 15, "radius_m": 100.0, "share_of_state": 0.000244081034903588}}, {"type": "Feature", "geometry": {"type": "Point", "coordinates": [-89.1437328118763, 37.447109133269535]}, "properties": {"state": "IL", "cluster_id": 298, "county": "Union", "severity": 15, "radius_m": 863.1571259581249, "share_of_state": 0.000244081034903588}}, {"type": "Feature", "geometry": {"type": "Point", "coordinates": [-88.8777881471836, 37.34037041252988]}, "properties": {"state": "IL", "cluster_id": 334, "county": "Johnson", "severity": 15, "radius_m": 100.0, "share_of_state": 0.000244081034903588}}, {"type": "Feature", "geometry": {"type": "Point", "coordinates": [-87.95818939590103, 41.35485306956206]}, "properties": {"state": "IL", "cluster_id": 344, "county": "Will", "severity": 15, "radius_m": 839.9710303055226, "share_of_state": 0.000244081034903588}}, {"type": "Feature", "geometry": {"type": "Point", "coordinates": [-90.08084593522524, 39.30397211263672]}, "properties": {"state": "IL", "cluster_id": 361, "county": "Macoupin", "severity": 15, "radius_m": 704.5247872439121, "share_of_state": 0.000244081034903588}}, {"type": "Feature", "geometry": {"type": "Point", "coordinates": [-87.90394807324088, 42.40849328835252]}, "properties": {"state": "IL", "cluster_id": 377, "county": "Lake", "severity": 15, "radius_m": 942.5910901363361, "share_of_state": 0.000244081034903588}}, {"type": "Feature", "geometry": {"type": "Point", "coordinates": [-90.0880952812552, 40.34173994116891]}, "properties": {"state": "IL", "cluster_id": 501, "county": "Fulton", "severity": 15, "radius_m": 353.52621364190696, "share_of_state": 0.000244081034903588}}, {"type": "Feature", "geometry": {"type": "Point", "coordinates": [-88.84443658681772, 39.521852243419936]}, "properties": {"state": "IL", "cluster_id": 535, "county": "Shelby", "severity": 15, "radius_m": 100.0, "share_of_state": 0.000244081034903588}}, {"type": "Feature", "geometry": {"type": "Point", "coordinates": [-89.29167160530469, 40.30985052536444]}, "properties": {"state": "IL", "cluster_id": 543, "county": "Logan", "severity": 15, "radius_m": 100.0, "share_of_state": 0.000244081034903588}}, {"type": "Feature", "geometry": {"type": "Point", "coordinates": [-90.65502238633073, 39.87794596198437]}, "properties": {"state": "IL", "cluster_id": 574, "county": "Brown", "severity": 15, "radius_m": 210.12504138151832, "share_of_state": 0.000244081034903588}}, {"type": "Feature", "geometry": {"type": "Point", "coordinates": [-88.56494017292968, 41.3406701963128]}, "properties": {"state": "IL", "cluster_id": 590, "county": "Grundy", "severity": 15, "radius_m": 100.0, "share_of_state": 0.000244081034903588}}, {"type": "Feature", "geometry": {"type": "Point", "coordinates": [-89.51232383343878, 40.648158135973965]}, "properties": {"state": "IL", "cluster_id": 596, "county": "Tazewell", "severity": 15, "radius_m": 100.0, "share_of_state": 0.000244081034903588}}, {"type": "Feature", "geometry": {"type": "Point", "coordinates": [-89.61492779859505, 40.83348913898702]}, "properties": {"state": "IL", "cluster_id": 599, "county": "Peoria", "severity": 15, "radius_m": 758.4797534499323, "share_of_state": 0.000244081034903588}}, {"type": "Feature", "geometry": {"type": "Point", "coordinates": [-90.19937728984114, 40.524827900792964]}, "properties": {"state": "IL", "cluster_id": 600, "county": "Fulton", "severity": 15, "radius_m": 696.7173600316607, "share_of_state": 0.000244081034903588}}, {"type": "Feature", "geometry": {"type": "Point", "coordinates": [-88.72217038755858, 40.8728855220454]}, "properties": {"state": "IL", "cluster_id": 617, "county": "Livingston", "severity": 15, "radius_m": 100.0, "share_of_state": 0.000244081034903588}}, {"type": "Feature", "geometry": {"type": "Point", "coordinates": [-89.47136348913412, 40.457184194075516]}, "properties": {"state": "IL", "cluster_id": 629, "county": "Tazewell", "severity": 15, "radius_m": 100.0, "share_of_state": 0.000244081034903588}}, {"type": "Feature", "geometry": {"type": "Point", "coordinates": [-89.76908065353385, 37.944156807411915]}, "properties": {"state": "IL", "cluster_id": 673, "county": "Randolph", "severity": 15, "radius_m": 100.0, "share_of_state": 0.000244081034903588}}, {"type": "Feature", "geometry": {"type": "Point", "coordinates": [-90.37720353684895, 42.39207510893554]}, "properties": {"state": "IL", "cluster_id": 726, "county": "JoDaviess", "severity": 15, "radius_m": 100.0, "share_of_state": 0.000244081034903588}}, {"type": "Feature", "geometry": {"type": "Point", "coordinates": [-88.04878736421614, 41.80834017064009]}, "properties": {"state": "IL", "cluster_id": 752, "county": "DuPage", "severity": 15, "radius_m": 863.8326302070061, "share_of_state": 0.000244081034903588}}, {"type": "Feature", "geometry": {"type": "Point", "coordinates": [-90.67852573559895, 39.90487922858049]}, "properties": {"state": "IL", "cluster_id": 779, "county": "Brown", "severity": 15, "radius_m": 799.8963356442712, "share_of_state": 0.000244081034903588}}, {"type": "Feature", "geometry": {"type": "Point", "coordinates": [-88.85521523706642, 37.75404001575155]}, "properties": {"state": "IL", "cluster_id": 800, "county": "Williamson", "severity": 15, "radius_m": 100.0, "share_of_state": 0.000244081034903588}}, {"type": "Feature", "geometry": {"type": "Point", "coordinates": [-88.86213022909244, 39.01068584223848]}, "properties": {"state": "IL", "cluster_id": 812, "county": "Fayette", "severity": 15, "radius_m": 868.9003902516783, "share_of_state": 0.000244081034903588}}, {"type": "Feature", "geometry": {"type": "Point", "coordinates": [-89.03297939504559, 40.53649567304293]}, "properties": {"state": "IL", "cluster_id": 825, "county": "McLean", "severity": 15, "radius_m": 825.2678227769342, "share_of_state": 0.000244081034903588}}, {"type": "Feature", "geometry": {"type": "Point", "coordinates": [-89.27683622354947, 42.00769901537594]}, "properties": {"state": "IL", "cluster_id": 826, "county": "Ogle", "severity": 15, "radius_m": 100.0, "share_of_state": 0.000244081034903588}}, {"type": "Feature", "geometry": {"type": "Point", "coordinates": [-89.16605351969402, 39.011431831900396]}, "properties": {"state": "IL", "cluster_id": 827, "county": "Fayette", "severity": 15, "radius_m": 100.78744369630957, "share_of_state": 0.000244081034903588}}, {"type": "Feature", "geometry": {"type": "Point", "coordinates": [-91.04196385692968, 39.5733610322142]}, "properties": {"state": "IL", "cluster_id": 833, "county": "Pike", "severity": 15, "radius_m": 100.0, "share_of_state": 0.000244081034903588}}, {"type": "Feature", "geometry": {"type": "Point", "coordinates": [-87.88045325858462, 39.35926374127929]}, "properties": {"state": "IL", "cluster_id": 845, "county": "Clark", "severity": 15, "radius_m": 100.0, "share_of_state": 0.000244081034903588}}, {"type": "Feature", "geometry": {"type": "Point", "coordinates": [-90.49989256399739, 39.89468113274739]}, "properties": {"state": "IL", "cluster_id": 866, "county": "Cass", "severity": 15, "radius_m": 100.0, "share_of_state": 0.000244081034903588}}, {"type": "Feature", "geometry": {"type": "Point", "coordinates": [-90.64697188708985, 39.493462622827934]}, "properties": {"state": "IL", "cluster_id": 889, "county": "Pike", "severity": 15, "radius_m": 274.2108004037506, "share_of_state": 0.000244081034903588}}, {"type": "Feature", "geometry": {"type": "Point", "coordinates": [-89.5263379166849, 40.53644272828972]}, "properties": {"state": "IL", "cluster_id": 891, "county": "Tazewell", "severity": 15, "radius_m": 661.513318856551, "share_of_state": 0.000244081034903588}}, {"type": "Feature", "geometry": {"type": "Point", "coordinates": [-88.3737699970703, 42.42684501173503]}, "properties": {"state": "IL", "cluster_id": 893, "county": "McHenry", "severity": 15, "radius_m": 814.3558691937304, "share_of_state": 0.000244081034903588}}, {"type": "Feature", "geometry": {"type": "Point", "coordinates": [-88.53660306970181, 37.71909687896691]}, "properties": {"state": "IL", "cluster_id": 894, "county": "Saline", "severity": 15, "radius_m": 709.1182170525045, "share_of_state": 0.000244081034903588}}, {"type": "Feature", "geometry": {"type": "Point", "coordinates": [-88.86474347412108, 39.88230514230693]}, "properties": {"state": "IL", "cluster_id": 909, "county": "Macon", "severity": 15, "radius_m": 117.9493096026801, "share_of_state": 0.000244081034903588}}, {"type": "Feature", "geometry": {"type": "Point", "coordinates": [-90.98825156909113, 40.58375065021265]}, "properties": {"state": "IL", "cluster_id": 917, "county": "Hancock", "severity": 15, "radius_m": 850.3920805117423, "share_of_state": 0.000244081034903588}}, {"type": "Feature", "geometry": {"type": "Point", "coordinates": [-88.74187777140237, 42.02955663873618]}, "properties": {"state": "IL", "cluster_id": 918, "county": "DeKalb", "severity": 15, "radius_m": 478.31292836305715, "share_of_state": 0.000244081034903588}}, {"type": "Feature", "geometry": {"type": "Point", "coordinates": [-88.24128685229688, 41.77024430020571]}, "properties": {"state": "IL", "cluster_id": 936, "county": "DuPage", "severity": 15, "radius_m": 727.8503593599218, "share_of_state": 0.000244081034903588}}, {"type": "Feature", "geometry": {"type": "Point", "coordinates": [-88.26858046139714, 37.90886897800165]}, "properties": {"state": "IL", "cluster_id": 945, "county": "Gallatin", "severity": 15, "radius_m": 172.30689064696426, "share_of_state": 0.000244081034903588}}, {"type": "Feature", "geometry": {"type": "Point", "coordinates": [-89.76267243207162, 41.749861772207396]}, "properties": {"state": "IL", "cluster_id": 964, "county": "Whiteside", "severity": 15, "radius_m": 842.1583205399075, "share_of_state": 0.000244081034903588}}, {"type": "Feature", "geometry": {"type": "Point", "coordinates": [-87.87568435229689, 39.45775314995663]}, "properties": {"state": "IL", "cluster_id": 989, "county": "Clark", "severity": 15, "radius_m": 365.4853510127224, "share_of_state": 0.000244081034903588}}, {"type": "Feature", "geometry": {"type": "Point", "coordinates": [-89.77392409568097, 40.82700013343034]}, "properties": {"state": "IL", "cluster_id": 1007, "county": "Peoria", "severity": 15, "radius_m": 100.0, "share_of_state": 0.000244081034903588}}, {"type": "Feature", "geometry": {"type": "Point", "coordinates": [-87.93372698397785, 39.00551668228302]}, "properties": {"state": "IL", "cluster_id": 1017, "county": "Crawford", "severity": 15, "radius_m": 100.0, "share_of_state": 0.000244081034903588}}, {"type": "Feature", "geometry": {"type": "Point", "coordinates": [-89.36381726666666, 37.80974498208655]}, "properties": {"state": "IL", "cluster_id": 1025, "county": "Jackson", "severity": 15, "radius_m": 100.0, "share_of_state": 0.000244081034903588}}, {"type": "Feature", "geometry": {"type": "Point", "coordinates": [-89.41438592212371, 40.985640237099894]}, "properties": {"state": "IL", "cluster_id": 1027, "county": "Marshall", "severity": 15, "radius_m": 100.0, "share_of_state": 0.000244081034903588}}, {"type": "Feature", "geometry": {"type": "Point", "coordinates": [-91.30329099562499, 40.603029608533866]}, "properties": {"state": "IL", "cluster_id": 1028, "county": "Hancock", "severity": 15, "radius_m": 100.0, "share_of_state": 0.000244081034903588}}, {"type": "Feature", "geometry": {"type": "Point", "coordinates": [-90.86394256634766, 40.8843292610398]}, "properties": {"state": "IL", "cluster_id": 1033, "county": "Henderson", "severity": 15, "radius_m": 100.0, "share_of_state": 0.000244081034903588}}, {"type": "Feature", "geometry": {"type": "Point", "coordinates": [-89.17358136466666, 39.464317459236035]}, "properties": {"state": "IL", "cluster_id": 1042, "county": "Christian", "severity": 15, "radius_m": 168.57353961957386, "share_of_state": 0.000244081034903588}}, {"type": "Feature", "geometry": {"type": "Point", "coordinates": [-89.80050658761066, 38.52539226278936]}, "properties": {"state": "IL", "cluster_id": 1047, "county": "St. Clair", "severity": 15, "radius_m": 759.1849162807412, "share_of_state": 0.000244081034903588}}, {"type": "Feature", "geometry": {"type": "Point", "coordinates": [-89.01582436903254, 38.55585965203868]}, "properties": {"state": "IL", "cluster_id": 1048, "county": "Marion", "severity": 15, "radius_m": 100.0, "share_of_state": 0.000244081034903588}}, {"type": "Feature", "geometry": {"type": "Point", "coordinates": [-90.03336449418231, 38.56701167291648]}, "properties": {"state": "IL", "cluster_id": 1058, "county": "St. Clair", "severity": 15, "radius_m": 256.60278565284085, "share_of_state": 0.000244081034903588}}, {"type": "Feature", "geometry": {"type": "Point", "coordinates": [-88.93439696548307, 38.94607114886097]}, "properties": {"state": "IL", "cluster_id": 1067, "county": "Fayette", "severity": 15, "radius_m": 100.0, "share_of_state": 0.000244081034903588}}, {"type": "Feature", "geometry": {"type": "Point", "coordinates": [-88.50489394258723, 37.824447132242874]}, "properties": {"state": "IL", "cluster_id": 1068, "county": "Saline", "severity": 15, "radius_m": 1018.9628945551868, "share_of_state": 0.000244081034903588}}, {"type": "Feature", "geometry": {"type": "Point", "coordinates": [-90.22713742665232, 39.96023135175781]}, "properties": {"state": "IL", "cluster_id": 1089, "county": "Cass", "severity": 15, "radius_m": 100.0, "share_of_state": 0.000244081034903588}}, {"type": "Feature", "geometry": {"type": "Point", "coordinates": [-88.62877123565494, 37.14352028333398]}, "properties": {"state": "IL", "cluster_id": 1091, "county": "Massac", "severity": 15, "radius_m": 692.1887467724279, "share_of_state": 0.000244081034903588}}, {"type": "Feature", "geometry": {"type": "Point", "coordinates": [-88.40349992204818, 41.70127295277492]}, "properties": {"state": "IL", "cluster_id": 1098, "county": "Kendall", "severity": 15, "radius_m": 967.1351720931308, "share_of_state": 0.000244081034903588}}, {"type": "Feature", "geometry": {"type": "Point", "coordinates": [-88.3243697347474, 39.59865385903159]}, "properties": {"state": "IL", "cluster_id": 1105, "county": "Coles", "severity": 15, "radius_m": 100.0, "share_of_state": 0.000244081034903588}}, {"type": "Feature", "geometry": {"type": "Point", "coordinates": [-87.64509238400001, 40.1246095577051]}, "properties": {"state": "IL", "cluster_id": 1109, "county": "Vermilion", "severity": 15, "radius_m": 100.0, "share_of_state": 0.000244081034903588}}, {"type": "Feature", "geometry": {"type": "Point", "coordinates": [-88.04119416086067, 41.54739124579243]}, "properties": {"state": "IL", "cluster_id": 1118, "county": "Will", "severity": 15, "radius_m": 734.9014141891137, "share_of_state": 0.000244081034903588}}, {"type": "Feature", "geometry": {"type": "Point", "coordinates": [-88.13520891676434, 39.35156871406031]}, "properties": {"state": "IL", "cluster_id": 1126, "county": "Cumberland", "severity": 15, "radius_m": 100.0, "share_of_state": 0.000244081034903588}}, {"type": "Feature", "geometry": {"type": "Point", "coordinates": [-87.68492700733331, 40.42008432850229]}, "properties": {"state": "IL", "cluster_id": 1131, "county": "Vermilion", "severity": 15, "radius_m": 100.0, "share_of_state": 0.000244081034903588}}, {"type": "Feature", "geometry": {"type": "Point", "coordinates": [-89.27585094569011, 40.68366263800735]}, "properties": {"state": "IL", "cluster_id": 1139, "county": "Woodford", "severity": 15, "radius_m": 100.0, "share_of_state": 0.000244081034903588}}, {"type": "Feature", "geometry": {"type": "Point", "coordinates": [-87.55189469927345, 39.6531316365306]}, "properties": {"state": "IL", "cluster_id": 1142, "county": "Edgar", "severity": 15, "radius_m": 119.30336471895042, "share_of_state": 0.000244081034903588}}, {"type": "Feature", "geometry": {"type": "Point", "coordinates": [-87.98804277029298, 39.23310688644726]}, "properties": {"state": "IL", "cluster_id": 1143, "county": "Clark", "severity": 15, "radius_m": 893.2725994106232, "share_of_state": 0.000244081034903588}}, {"type": "Feature", "geometry": {"type": "Point", "coordinates": [-89.58693262603647, 41.29234224316404]}, "properties": {"state": "IL", "cluster_id": 1146, "county": "Bureau", "severity": 15, "radius_m": 100.0, "share_of_state": 0.000244081034903588}}, {"type": "Feature", "geometry": {"type": "Point", "coordinates": [-88.97048705585026, 38.6849396994349]}, "properties": {"state": "IL", "cluster_id": 1149, "county": "Marion", "severity": 15, "radius_m": 100.0, "share_of_state": 0.000244081034903588}}, {"type": "Feature", "geometry": {"type": "Point", "coordinates": [-89.98688858533333, 38.64402959227981]}, "properties": {"state": "IL", "cluster_id": 1154, "county": "St. Clair", "severity": 15, "radius_m": 195.1773454248367, "share_of_state": 0.000244081034903588}}, {"type": "Feature", "geometry": {"type": "Point", "coordinates": [-87.62252409333334, 40.241416781969384]}, "properties": {"state": "IL", "cluster_id": 1155, "county": "Vermilion", "severity": 15, "radius_m": 199.6279995798979, "share_of_state": 0.000244081034903588}}, {"type": "Feature", "geometry": {"type": "Point", "coordinates": [-90.37716013733332, 41.321813653281524]}, "properties": {"state": "IL", "cluster_id": 1159, "county": "Henry", "severity": 15, "radius_m": 100.0, "share_of_state": 0.000244081034903588}}, {"type": "Feature", "geometry": {"type": "Point", "coordinates": [-88.49073533452605, 37.40638495171355]}, "properties": {"state": "IL", "cluster_id": 1166, "county": "Pope", "severity": 15, "radius_m": 133.15440032133745, "share_of_state": 0.000244081034903588}}, {"type": "Feature", "geometry": {"type": "Point", "coordinates": [-87.6953363279388, 41.16329782604037]}, "properties": {"state": "IL", "cluster_id": 1167, "county": "Kankakee", "severity": 15, "radius_m": 276.1547714091791, "share_of_state": 0.000244081034903588}}, {"type": "Feature", "geometry": {"type": "Point", "coordinates": [-91.03392618254428, 40.581878985889325]}, "properties": {"state": "IL", "cluster_id": 1168, "county": "Hancock", "severity": 15, "radius_m": 100.0, "share_of_state": 0.000244081034903588}}, {"type": "Feature", "geometry": {"type": "Point", "coordinates": [-87.61273391733334, 39.978950392]}, "properties": {"state": "IL", "cluster_id": 1172, "county": "Vermilion", "severity": 15, "radius_m": 622.1136479778529, "share_of_state": 0.000244081034903588}}, {"type": "Feature", "geometry": {"type": "Point", "coordinates": [-88.40489625825519, 41.393901701992185]}, "properties": {"state": "IL", "cluster_id": 1173, "county": "Grundy", "severity": 15, "radius_m": 1013.389721653465, "share_of_state": 0.000244081034903588}}, {"type": "Feature", "geometry": {"type": "Point", "coordinates": [-88.42238173283464, 41.88160151045122]}, "properties": {"state": "IL", "cluster_id": 1175, "county": "Kane", "severity": 15, "radius_m": 168.8746375992349, "share_of_state": 0.000244081034903588}}, {"type": "Feature", "geometry": {"type": "Point", "coordinates": [-89.21545571029687, 41.118476231428915]}, "properties": {"state": "IL", "cluster_id": 1178, "county": "Putnam", "severity": 15, "radius_m": 100.0, "share_of_state": 0.000244081034903588}}, {"type": "Feature", "geometry": {"type": "Point", "coordinates": [-88.48388235567448, 41.90191765159445]}, "properties": {"state": "IL", "cluster_id": 1179, "county": "Kane", "severity": 15, "radius_m": 100.0, "share_of_state": 0.000244081034903588}}, {"type": "Feature", "geometry": {"type": "Point", "coordinates": [-89.18918084189845, 37.47996968596924]}, "properties": {"state": "IL", "cluster_id": 1181, "county": "Union", "severity": 15, "radius_m": 100.0, "share_of_state": 0.000244081034903588}}, {"type": "Feature", "geometry": {"type": "Point", "coordinates": [-88.02632814952995, 39.611001204402186]}, "properties": {"state": "IL", "cluster_id": 1182, "county": "Coles", "severity": 15, "radius_m": 100.0, "share_of_state": 0.000244081034903588}}, {"type": "Feature", "geometry": {"type": "Point", "coordinates": [-89.22915550991667, 42.00467223066521]}, "properties": {"state": "IL", "cluster_id": 1184, "county": "Ogle", "severity": 15, "radius_m": 100.0, "share_of_state": 0.000244081034903588}}, {"type": "Feature", "geometry": {"type": "Point", "coordinates": [-88.43147098633985, 42.15542805627371]}, "properties": {"state": "IL", "cluster_id": 1186, "county": "McHenry", "severity": 15, "radius_m": 907.0110679093196, "share_of_state": 0.000244081034903588}}, {"type": "Feature", "geometry": {"type": "Point", "coordinates": [-88.67004703933335, 40.901369014311726]}, "properties": {"state": "IL", "cluster_id": 1191, "county": "Livingston", "severity": 15, "radius_m": 133.6620886830465, "share_of_state": 0.000244081034903588}}, {"type": "Feature", "geometry": {"type": "Point", "coordinates": [-89.4249681099349, 39.44365023431836]}, "properties": {"state": "IL", "cluster_id": 1192, "county": "Christian", "severity": 15, "radius_m": 913.2120169037726, "share_of_state": 0.000244081034903588}}, {"type": "Feature", "geometry": {"type": "Point", "coordinates": [-88.31179048695314, 37.98510492317383]}, "properties": {"state": "IL", "cluster_id": 1193, "county": "White", "severity": 15, "radius_m": 373.5929460850375, "share_of_state": 0.000244081034903588}}, {"type": "Feature", "geometry": {"type": "Point", "coordinates": [-88.67723935796485, 39.52087438389708]}, "properties": {"state": "IL", "cluster_id": 1198, "county": "Shelby", "severity": 15, "radius_m": 100.0, "share_of_state": 0.000244081034903588}}, {"type": "Feature", "geometry": {"type": "Point", "coordinates": [-89.40798465323306, 38.57712418761273]}, "properties": {"state": "IL", "cluster_id": 1201, "county": "Clinton", "severity": 15, "radius_m": 790.7038086897713, "share_of_state": 0.000244081034903588}}, {"type": "Feature", "geometry": {"type": "Point", "coordinates": [-88.92507237782293, 37.70811885973373]}, "properties": {"state": "IL", "cluster_id": 1204, "county": "Williamson", "severity": 15, "radius_m": 917.9020051615292, "share_of_state": 0.000244081034903588}}, {"type": "Feature", "geometry": {"type": "Point", "coordinates": [-89.48867003534245, 40.023492298798175]}, "properties": {"state": "IL", "cluster_id": 1205, "county": "Logan", "severity": 15, "radius_m": 140.3005792516102, "share_of_state": 0.000244081034903588}}, {"type": "Feature", "geometry": {"type": "Point", "coordinates": [-88.22779313983594, 42.20592632773503]}, "properties": {"state": "IL", "cluster_id": 1214, "county": "McHenry", "severity": 15, "radius_m": 685.9913234848552, "share_of_state": 0.000244081034903588}}, {"type": "Feature", "geometry": {"type": "Point", "coordinates": [-89.55024711117449, 39.267691264986325]}, "properties": {"state": "IL", "cluster_id": 1217, "county": "Montgomery", "severity": 15, "radius_m": 100.0, "share_of_state": 0.000244081034903588}}, {"type": "Feature", "geometry": {"type": "Point", "coordinates": [-89.33874478650522, 40.30989026673438]}, "properties": {"state": "IL", "cluster_id": 1220, "county": "Logan", "severity": 15, "radius_m": 100.0, "share_of_state": 0.000244081034903588}}, {"type": "Feature", "geometry": {"type": "Point", "coordinates": [-88.47348043741796, 38.37032299063494]}, "properties": {"state": "IL", "cluster_id": 1225, "county": "Wayne", "severity": 15, "radius_m": 100.0, "share_of_state": 0.000244081034903588}}, {"type": "Feature", "geometry": {"type": "Point", "coordinates": [-91.00773130897265, 41.34016459811393]}, "properties": {"state": "IL", "cluster_id": 1228, "county": "Rock Island", "severity": 15, "radius_m": 307.7272481676764, "share_of_state": 0.000244081034903588}}, {"type": "Feature", "geometry": {"type": "Point", "coordinates": [-89.9955854980664, 38.26317857636964]}, "properties": {"state": "IL", "cluster_id": 1230, "county": "Monroe", "severity": 15, "radius_m": 100.0, "share_of_state": 0.000244081034903588}}, {"type": "Feature", "geometry": {"type": "Point", "coordinates": [-88.06776796085155, 42.22356826170183]}, "properties": {"state": "IL", "cluster_id": 1232, "county": "Lake", "severity": 15, "radius_m": 881.0772241846595, "share_of_state": 0.000244081034903588}}, {"type": "Feature", "geometry": {"type": "Point", "coordinates": [-88.9611452590677, 37.42524793605403]}, "properties": {"state": "IL", "cluster_id": 1233, "county": "Johnson", "severity": 15, "radius_m": 100.0, "share_of_state": 0.000244081034903588}}, {"type": "Feature", "geometry": {"type": "Point", "coordinates": [-89.6331568883177, 40.092059264537106]}, "properties": {"state": "IL", "cluster_id": 1236, "county": "Menard", "severity": 15, "radius_m": 100.0, "share_of_state": 0.000244081034903588}}, {"type": "Feature", "geometry": {"type": "Point", "coordinates": [-88.51795550333334, 39.123297990433734]}, "properties": {"state": "IL", "cluster_id": 1242, "county": "Effingham", "severity": 15, "radius_m": 100.0, "share_of_state": 0.000244081034903588}}, {"type": "Feature", "geometry": {"type": "Point", "coordinates": [-90.26672697513672, 41.75967543033594]}, "properties": {"state": "IL", "cluster_id": 1245, "county": "Rock Island", "severity": 15, "radius_m": 100.0, "share_of_state": 0.000244081034903588}}, {"type": "Feature", "geometry": {"type": "Point", "coordinates": [-88.98577516060679, 42.19634217603906]}, "properties": {"state": "IL", "cluster_id": 1246, "county": "Winnebago", "severity": 15, "radius_m": 1121.517348632104, "share_of_state": 0.000244081034903588}}, {"type": "Feature", "geometry": {"type": "Point", "coordinates": [-89.2385823425052, 41.70974270370183]}, "properties": {"state": "IL", "cluster_id": 1250, "county": "Lee", "severity": 15, "radius_m": 247.1283823750989, "share_of_state": 0.000244081034903588}}, {"type": "Feature", "geometry": {"type": "Point", "coordinates": [-87.86617579897138, 42.068961766064405]}, "properties": {"state": "IL", "cluster_id": 1252, "county": "Cook", "severity": 15, "radius_m": 224.90682651190372, "share_of_state": 0.000244081034903588}}, {"type": "Feature", "geometry": {"type": "Point", "coordinates": [-88.5290146721289, 37.365267094979096]}, "properties": {"state": "IL", "cluster_id": 1255, "county": "Pope", "severity": 15, "radius_m": 100.0, "share_of_state": 0.000244081034903588}}, {"type": "Feature", "geometry": {"type": "Point", "coordinates": [-90.63662801689452, 39.86247153021052]}, "properties": {"state": "IL", "cluster_id": 1256, "county": "Brown", "severity": 15, "radius_m": 100.0, "share_of_state": 0.000244081034903588}}, {"type": "Feature", "geometry": {"type": "Point", "coordinates": [-89.9682588902422, 42.08836948066928]}, "properties": {"state": "IL", "cluster_id": 1259, "county": "Carroll", "severity": 15, "radius_m": 190.55891431762217, "share_of_state": 0.000244081034903588}}, {"type": "Feature", "geometry": {"type": "Point", "coordinates": [-87.83012764801042, 39.348133968159964]}, "properties": {"state": "IL", "cluster_id": 1260, "county": "Clark", "severity": 15, "radius_m": 706.1539755846171, "share_of_state": 0.000244081034903588}}, {"type": "Feature", "geometry": {"type": "Point", "coordinates": [-90.15824135580858, 41.48013003955176]}, "properties": {"state": "IL", "cluster_id": 1262, "county": "Henry", "severity": 15, "radius_m": 121.4449879484743, "share_of_state": 0.000244081034903588}}, {"type": "Feature", "geometry": {"type": "Point", "coordinates": [-90.2062714933086, 41.583874685792736]}, "properties": {"state": "IL", "cluster_id": 1264, "county": "Rock Island", "severity": 15, "radius_m": 100.0, "share_of_state": 0.000244081034903588}}, {"type": "Feature", "geometry": {"type": "Point", "coordinates": [-88.86839515540237, 41.69268403575586]}, "properties": {"state": "IL", "cluster_id": 1265, "county": "DeKalb", "severity": 15, "radius_m": 100.0, "share_of_state": 0.000244081034903588}}, {"type": "Feature", "geometry": {"type": "Point", "coordinates": [-88.01981982014973, 38.957620093587245]}, "properties": {"state": "IL", "cluster_id": 1268, "county": "Jasper", "severity": 15, "radius_m": 100.0, "share_of_state": 0.000244081034903588}}, {"type": "Feature", "geometry": {"type": "Point", "coordinates": [-89.29785266616538, 39.3972648815432]}, "properties": {"state": "IL", "cluster_id": 1270, "county": "Christian", "severity": 15, "radius_m": 100.0, "share_of_state": 0.000244081034903588}}, {"type": "Feature", "geometry": {"type": "Point", "coordinates": [-89.6281478383646, 42.060480308733794]}, "properties": {"state": "IL", "cluster_id": 1272, "county": "Ogle", "severity": 15, "radius_m": 147.60921806118324, "share_of_state": 0.000244081034903588}}, {"type": "Feature", "geometry": {"type": "Point", "coordinates": [-88.20269544560408, 42.006317470415844]}, "properties": {"state": "IL", "cluster_id": 644, "county": "Cook", "severity": 14, "radius_m": 610.9023256144925, "share_of_state": 0.00022780896591001546}}, {"type": "Feature", "geometry": {"type": "Point", "coordinates": [-90.8877637089188, 39.686475222958514]}, "properties": {"state": "IL", "cluster_id": 656, "county": "Pike", "severity": 14, "radius_m": 100.0, "share_of_state": 0.00022780896591001546}}, {"type": "Feature", "geometry": {"type": "Point", "coordinates": [-90.75791077760324, 39.963291108555566]}, "properties": {"state": "IL", "cluster_id": 953, "county": "Brown", "severity": 14, "radius_m": 961.2949500918417, "share_of_state": 0.00022780896591001546}}, {"type": "Feature", "geometry": {"type": "Point", "coordinates": [-89.38999098310269, 41.898520013443544]}, "properties": {"state": "IL", "cluster_id": 1069, "county": "Lee", "severity": 14, "radius_m": 100.0, "share_of_state": 0.00022780896591001546}}, {"type": "Feature", "geometry": {"type": "Point", "coordinates": [-88.84323265714285, 37.39369677924697]}, "properties": {"state": "IL", "cluster_id": 1087, "county": "Johnson", "severity": 14, "radius_m": 107.30566383622256, "share_of_state": 0.00022780896591001546}}, {"type": "Feature", "geometry": {"type": "Point", "coordinates": [-88.01980546276926, 42.398661563124996]}, "properties": {"state": "IL", "cluster_id": 1113, "county": "Lake", "severity": 14, "radius_m": 100.0, "share_of_state": 0.00022780896591001546}}, {"type": "Feature", "geometry": {"type": "Point", "coordinates": [-88.3414697832631, 40.178909350290176]}, "properties": {"state": "IL", "cluster_id": 1133, "county": "Champaign", "severity": 14, "radius_m": 210.0814534053412, "share_of_state": 0.00022780896591001546}}, {"type": "Feature", "geometry": {"type": "Point", "coordinates": [-88.80564400120117, 39.114083133267286]}, "properties": {"state": "IL", "cluster_id": 1177, "county": "Effingham", "severity": 14, "radius_m": 100.0, "share_of_state": 0.00022780896591001546}}, {"type": "Feature", "geometry": {"type": "Point", "coordinates": [-88.8316608407143, 37.409527765128935]}, "properties": {"state": "IL", "cluster_id": 1210, "county": "Johnson", "severity": 14, "radius_m": 100.0, "share_of_state": 0.00022780896591001546}}, {"type": "Feature", "geometry": {"type": "Point", "coordinates": [-90.8081912094029, 39.62841471262904]}, "properties": {"state": "IL", "cluster_id": 1216, "county": "Pike", "severity": 14, "radius_m": 967.7407685742704, "share_of_state": 0.00022780896591001546}}, {"type": "Feature", "geometry": {"type": "Point", "coordinates": [-88.40767436038922, 42.07242056851162]}, "properties": {"state": "IL", "cluster_id": 1235, "county": "Kane", "severity": 14, "radius_m": 790.201278835124, "share_of_state": 0.00022780896591001546}}, {"type": "Feature", "geometry": {"type": "Point", "coordinates": [-88.03340734660433, 41.70490712393835]}, "properties": {"state": "IL", "cluster_id": 1251, "county": "Will", "severity": 14, "radius_m": 662.902234890169, "share_of_state": 0.00022780896591001546}}, {"type": "Feature", "geometry": {"type": "Point", "coordinates": [-88.80624505870493, 39.170361435151335]}, "properties": {"state": "IL", "cluster_id": 242, "county": "Effingham", "severity": 13, "radius_m": 109.41240823303103, "share_of_state": 0.00021153689691644293}}, {"type": "Feature", "geometry": {"type": "Point", "coordinates": [-89.42461856334134, 37.77147693434769]}, "properties": {"state": "IL", "cluster_id": 586, "county": "Jackson", "severity": 13, "radius_m": 100.0, "share_of_state": 0.00021153689691644293}}, {"type": "Feature", "geometry": {"type": "Point", "coordinates": [-89.83154859095103, 42.14216582797175]}, "properties": {"state": "IL", "cluster_id": 875, "county": "Carroll", "severity": 13, "radius_m": 141.9584023198328, "share_of_state": 0.00021153689691644293}}, {"type": "Feature", "geometry": {"type": "Point", "coordinates": [-87.91398188888222, 41.742445403000495]}, "properties": {"state": "IL", "cluster_id": 962, "county": "Cook", "severity": 13, "radius_m": 507.9154862519009, "share_of_state": 0.00021153689691644293}}, {"type": "Feature", "geometry": {"type": "Point", "coordinates": [-89.66777387512619, 38.057485733209894]}, "properties": {"state": "IL", "cluster_id": 972, "county": "Randolph", "severity": 13, "radius_m": 100.0, "share_of_state": 0.00021153689691644293}}, {"type": "Feature", "geometry": {"type": "Point", "coordinates": [-89.00252755441255, 38.35912236051833]}, "properties": {"state": "IL", "cluster_id": 976, "county": "Jefferson", "severity": 13, "radius_m": 940.412525870756, "share_of_state": 0.00021153689691644293}}, {"type": "Feature", "geometry": {"type": "Point", "coordinates": [-89.98921103315355, 39.18886394219382]}, "properties": {"state": "IL", "cluster_id": 987, "county": "Macoupin", "severity": 13, "radius_m": 235.89660518626619, "share_of_state": 0.00021153689691644293}}, {"type": "Feature", "geometry": {"type": "Point", "coordinates": [-88.7221258974399, 41.95061059273996]}, "properties": {"state": "IL", "cluster_id": 999, "county": "DeKalb", "severity": 13, "radius_m": 834.3345040654565, "share_of_state": 0.00021153689691644293}}, {"type": "Feature", "geometry": {"type": "Point", "coordinates": [-89.02652026477463, 42.44064826720778]}, "properties": {"state": "IL", "cluster_id": 1180, "county": "Winnebago", "severity": 13, "radius_m": 901.1931899335561, "share_of_state": 0.00021153689691644293}}, {"type": "Feature", "geometry": {"type": "Point", "coordinates": [-88.0255547911238, 39.01055709141077]}, "properties": {"state": "IL", "cluster_id": 1194, "county": "Jasper", "severity": 13, "radius_m": 620.4607993318247, "share_of_state": 0.00021153689691644293}}, {"type": "Feature", "geometry": {"type": "Point", "coordinates": [-87.9625290210457, 41.683848578614786]}, "properties": {"state": "IL", "cluster_id": 1202, "county": "Cook", "severity": 13, "radius_m": 100.0, "share_of_state": 0.00021153689691644293}}, {"type": "Feature", "geometry": {"type": "Point", "coordinates": [-90.22093879911657, 39.834406925347224]}, "properties": {"state": "IL", "cluster_id": 1241, "county": "Morgan", "severity": 13, "radius_m": 145.10087214736458, "share_of_state": 0.00021153689691644293}}, {"type": "Feature", "geometry": {"type": "Point", "coordinates": [-88.36091550609375, 38.32794523086834]}, "properties": {"state": "IL", "cluster_id": 1261, "county": "Wayne", "severity": 13, "radius_m": 357.1975212871319, "share_of_state": 0.00021153689691644293}}, {"type": "Feature", "geometry": {"type": "Point", "coordinates": [-89.83885216634114, 39.034607307088216]}, "properties": {"state": "IL", "cluster_id": 668, "county": "Macoupin", "severity": 12, "radius_m": 100.0, "share_of_state": 0.0001952648279228704}}, {"type": "Feature", "geometry": {"type": "Point", "coordinates": [-89.50679050807616, 37.77972202384975]}, "properties": {"state": "IL", "cluster_id": 992, "county": "Jackson", "severity": 12, "radius_m": 234.84988112282173, "share_of_state": 0.0001952648279228704}}, {"type": "Feature", "geometry": {"type": "Point", "coordinates": [-89.71520356570149, 40.742207854102155]}, "properties": {"state": "IL", "cluster_id": 1064, "county": "Peoria", "severity": 12, "radius_m": 100.0, "share_of_state": 0.0001952648279228704}}, {"type": "Feature", "geometry": {"type": "Point", "coordinates": [-87.9590884775, 41.5405823475]}, "properties": {"state": "IL", "cluster_id": 1187, "county": "Will", "severity": 12, "radius_m": 890.5368183402377, "share_of_state": 0.0001952648279228704}}, {"type": "Feature", "geometry": {"type": "Point", "coordinates": [-89.27609372798992, 40.666253593870444]}, "properties": {"state": "IL", "cluster_id": 1208, "county": "Woodford", "severity": 12, "radius_m": 100.0, "share_of_state": 0.0001952648279228704}}, {"type": "Feature", "geometry": {"type": "Point", "coordinates": [-88.74064056346356, 41.901635258451336]}, "properties": {"state": "IL", "cluster_id": 1223, "county": "DeKalb", "severity": 12, "radius_m": 884.8959183958452, "share_of_state": 0.0001952648279228704}}, {"type": "Feature", "geometry": {"type": "Point", "coordinates": [-90.4512643750373, 39.681998409762244]}, "properties": {"state": "IL", "cluster_id": 607, "county": "Scott", "severity": 11, "radius_m": 175.14271831645294, "share_of_state": 0.00017899275892929785}}, {"type": "Feature", "geometry": {"type": "Point", "coordinates": [-90.12460213545454, 38.44143827272727]}, "properties": {"state": "IL", "cluster_id": 1041, "county": "St. Clair", "severity": 11, "radius_m": 263.58863107985655, "share_of_state": 0.00017899275892929785}}, {"type": "Feature", "geometry": {"type": "Point", "coordinates": [-90.53514682636364, 39.68329607303877]}, "properties": {"state": "IL", "cluster_id": 1044, "county": "Scott", "severity": 11, "radius_m": 100.0, "share_of_state": 0.00017899275892929785}}, {"type": "Feature", "geometry": {"type": "Point", "coordinates": [-90.68681991090908, 40.44846289873888]}, "properties": {"state": "IL", "cluster_id": 1056, "county": "McDonough", "severity": 11, "radius_m": 757.8075832735353, "share_of_state": 0.00017899275892929785}}, {"type": "Feature", "geometry": {"type": "Point", "coordinates": [-89.35192200106358, 38.5352790345128]}, "properties": {"state": "IL", "cluster_id": 1094, "county": "Clinton", "severity": 11, "radius_m": 350.89248962396016, "share_of_state": 0.00017899275892929785}}, {"type": "Feature", "geometry": {"type": "Point", "coordinates": [-88.67977372806463, 38.26964483135476]}, "properties": {"state": "IL", "cluster_id": 1132, "county": "Wayne", "severity": 11, "radius_m": 373.60872974357665, "share_of_state": 0.00017899275892929785}}, {"type": "Feature", "geometry": {"type": "Point", "coordinates": [-88.40306796305042, 38.08212967024858]}, "properties": {"state": "IL", "cluster_id": 1169, "county": "Hamilton", "severity": 11, "radius_m": 532.3422406968245, "share_of_state": 0.00017899275892929785}}, {"type": "Feature", "geometry": {"type": "Point", "coordinates": [-90.07041084738991, 38.682044304097445]}, "properties": {"state": "IL", "cluster_id": 1226, "county": "Madison", "severity": 11, "radius_m": 100.0, "share_of_state": 0.00017899275892929785}}, {"type": "Feature", "geometry": {"type": "Point", "coordinates": [-90.20608058331321, 39.95953526351985]}, "properties": {"state": "IL", "cluster_id": 1263, "county": "Cass", "severity": 11, "radius_m": 561.2232860035407, "share_of_state": 0.00017899275892929785}}, {"type": "Feature", "geometry": {"type": "Point", "coordinates": [-90.50833447556641, 39.68116258084955]}, "properties": {"state": "IL", "cluster_id": 884, "county": "Scott", "severity": 10, "radius_m": 129.95584818235704, "share_of_state": 0.00016272068993572532}}, {"type": "Feature", "geometry": {"type": "Point", "coordinates": [-87.75186156580467, 39.00661455447949]}, "properties": {"state": "IL", "cluster_id": 899, "county": "Crawford", "severity": 10, "radius_m": 567.5223240230772, "share_of_state": 0.00016272068993572532}}, {"type": "Feature", "geometry": {"type": "Point", "coordinates": [-88.3198346, 42.280121300000005]}, "properties": {"state": "IL", "cluster_id": 1015, "county": "McHenry", "severity": 10, "radius_m": 492.9722836651981, "share_of_state": 0.00016272068993572532}}, {"type": "Feature", "geometry": {"type": "Point", "coordinates": [-91.31059345500002, 40.39887986832556]}, "properties": {"state": "IL", "cluster_id": 1125, "county": "Hancock", "severity": 10, "radius_m": 553.2463863718903, "share_of_state": 0.00016272068993572532}}, {"type": "Feature", "geometry": {"type": "Point", "coordinates": [-88.810351585875, 38.27643876636231]}, "properties": {"state": "IL", "cluster_id": 1138, "county": "Jefferson", "severity": 10, "radius_m": 257.70097148156736, "share_of_state": 0.00016272068993572532}}, {"type": "Feature", "geometry": {"type": "Point", "coordinates": [-87.71903397911719, 38.95610402499638]}, "properties": {"state": "IL", "cluster_id": 1206, "county": "Crawford", "severity": 10, "radius_m": 727.2618912514575, "share_of_state": 0.00016272068993572532}}, {"type": "Feature", "geometry": {"type": "Point", "coordinates": [-89.07913752910157, 42.47538797579297]}, "properties": {"state": "IL", "cluster_id": 1219, "county": "Winnebago", "severity": 10, "radius_m": 100.0, "share_of_state": 0.00016272068993572532}}, {"type": "Feature", "geometry": {"type": "Point", "coordinates": [-88.91484454591796, 38.335933675807624]}, "properties": {"state": "IL", "cluster_id": 1227, "county": "Jefferson", "severity": 10, "radius_m": 294.3097833108503, "share_of_state": 0.00016272068993572532}}, {"type": "Feature", "geometry": {"type": "Point", "coordinates": [-88.96578333044141, 37.69128901379103]}, "properties": {"state": "IL", "cluster_id": 1234, "county": "Williamson", "severity": 10, "radius_m": 129.39821188199255, "share_of_state": 0.00016272068993572532}}, {"type": "Feature", "geometry": {"type": "Point", "coordinates": [-88.816064331, 38.26424572399999]}, "properties": {"state": "IL", "cluster_id": 1243, "county": "Jefferson", "severity": 10, "radius_m": 100.0, "share_of_state": 0.00016272068993572532}}, {"type": "Feature", "geometry": {"type": "Point", "coordinates": [-88.97262641633246, 38.647158503607265]}, "properties": {"state": "IL", "cluster_id": 745, "county": "Marion", "severity": 9, "radius_m": 504.8319428794519, "share_of_state": 0.0001464486209421528}}, {"type": "Feature", "geometry": {"type": "Point", "coordinates": [-88.8975657166146, 37.49792883288199]}, "properties": {"state": "IL", "cluster_id": 772, "county": "Johnson", "severity": 9, "radius_m": 175.17528243826132, "share_of_state": 0.0001464486209421528}}, {"type": "Feature", "geometry": {"type": "Point", "coordinates": [-88.40407637706599, 42.12363669520342]}, "properties": {"state": "IL", "cluster_id": 856, "county": "Kane", "severity": 9, "radius_m": 310.88527545575505, "share_of_state": 0.0001464486209421528}}, {"type": "Feature", "geometry": {"type": "Point", "coordinates": [-90.24307248676432, 40.9082739594032]}, "properties": {"state": "IL", "cluster_id": 871, "county": "Knox", "severity": 9, "radius_m": 546.8528991240837, "share_of_state": 0.0001464486209421528}}, {"type": "Feature", "geometry": {"type": "Point", "coordinates": [-89.18267187541667, 37.72312967996893]}, "properties": {"state": "IL", "cluster_id": 977, "county": "Jackson", "severity": 9, "radius_m": 719.3200373661612, "share_of_state": 0.0001464486209421528}}, {"type": "Feature", "geometry": {"type": "Point", "coordinates": [-90.36313008111111, 39.76632010578336]}, "properties": {"state": "IL", "cluster_id": 1054, "county": "Morgan", "severity": 9, "radius_m": 135.63015644451863, "share_of_state": 0.0001464486209421528}}, {"type": "Feature", "geometry": {"type": "Point", "coordinates": [-89.78303888443358, 37.93479192824881]}, "properties": {"state": "IL", "cluster_id": 1057, "county": "Randolph", "severity": 9, "radius_m": 100.0, "share_of_state": 0.0001464486209421528}}, {"type": "Feature", "geometry": {"type": "Point", "coordinates": [-88.89582189876086, 40.62003214674506]}, "properties": {"state": "IL", "cluster_id": 1059, "county": "McLean", "severity": 9, "radius_m": 100.0, "share_of_state": 0.0001464486209421528}}, {"type": "Feature", "geometry": {"type": "Point", "coordinates": [-88.26999020326606, 38.019727097472874]}, "properties": {"state": "IL", "cluster_id": 1213, "county": "White", "severity": 9, "radius_m": 576.5553786535494, "share_of_state": 0.0001464486209421528}}, {"type": "Feature", "geometry": {"type": "Point", "coordinates": [-88.62335407921874, 41.31615414762912]}, "properties": {"state": "IL", "cluster_id": 1238, "county": "LaSalle", "severity": 9, "radius_m": 671.0594451156152, "share_of_state": 0.0001464486209421528}}, {"type": "Feature", "geometry": {"type": "Point", "coordinates": [-88.79301400684679, 38.275415794024525]}, "properties": {"state": "IL", "cluster_id": 1269, "county": "Jefferson", "severity": 9, "radius_m": 100.0, "share_of_state": 0.0001464486209421528}}, {"type": "Feature", "geometry": {"type": "Point", "coordinates": [-90.76081639543457, 39.93997024951294]}, "properties": {"state": "IL", "cluster_id": 730, "county": "Brown", "severity": 8, "radius_m": 100.0, "share_of_state": 0.00013017655194858026}}, {"type": "Feature", "geometry": {"type": "Point", "coordinates": [-88.4423324025, 38.268230682500004]}, "properties": {"state": "IL", "cluster_id": 1140, "county": "Wayne", "severity": 8, "radius_m": 218.56832783795048, "share_of_state": 0.00013017655194858026}}, {"type": "Feature", "geometry": {"type": "Point", "coordinates": [-88.38710112514161, 41.40520139250977]}, "properties": {"state": "IL", "cluster_id": 1211, "county": "Grundy", "severity": 8, "radius_m": 304.18405428837417, "share_of_state": 0.00013017655194858026}}, {"type": "Feature", "geometry": {"type": "Point", "coordinates": [-88.92081688249269, 39.90929091057251]}, "properties": {"state": "IL", "cluster_id": 1244, "county": "Macon", "severity": 8, "radius_m": 358.2790272954512, "share_of_state": 0.00013017655194858026}}, {"type": "Feature", "geometry": {"type": "Point", "coordinates": [-90.38345961051758, 39.680291951815406]}, "properties": {"state": "IL", "cluster_id": 1254, "county": "Scott", "severity": 8, "radius_m": 105.94309593138479, "share_of_state": 0.00013017655194858026}}, {"type": "Feature", "geometry": {"type": "Point", "coordinates": [-89.09510009614257, 38.978635574570376]}, "properties": {"state": "IL", "cluster_id": 1266, "county": "Fayette", "severity": 8, "radius_m": 224.99336448822672, "share_of_state": 0.00013017655194858026}}, {"type": "Feature", "geometry": {"type": "Point", "coordinates": [-87.89507561807861, 41.71683425091309]}, "properties": {"state": "IL", "cluster_id": 1267, "county": "Cook", "severity": 8, "radius_m": 194.97568323793547, "share_of_state": 0.00013017655194858026}}, {"type": "Feature", "geometry": {"type": "Point", "coordinates": [-89.29938523316966, 39.531473524844145]}, "properties": {"state": "IL", "cluster_id": 1197, "county": "Christian", "severity": 7, "radius_m": 431.9530289242315, "share_of_state": 0.00011390448295500773}}, {"type": "Feature", "geometry": {"type": "Point", "coordinates": [-88.36992658807758, 41.843879345760456]}, "properties": {"state": "IL", "cluster_id": 1224, "county": "Kane", "severity": 7, "radius_m": 316.2848237347346, "share_of_state": 0.00011390448295500773}}, {"type": "Feature", "geometry": {"type": "Point", "coordinates": [-87.62247432714287, 40.224158880000005]}, "properties": {"state": "IL", "cluster_id": 1240, "county": "Vermilion", "severity": 7, "radius_m": 100.0, "share_of_state": 0.00011390448295500773}}, {"type": "Feature", "geometry": {"type": "Point", "coordinates": [-88.80939214166666, 40.12820041261892]}, "properties": {"state": "IL", "cluster_id": 982, "county": "DeWitt", "severity": 6, "radius_m": 350.89702138804114, "share_of_state": 9.76324139614352e-05}}, {"type": "Feature", "geometry": {"type": "Point", "coordinates": [-89.33399322705078, 37.94424097961778]}, "properties": {"state": "IL", "cluster_id": 998, "county": "Jackson", "severity": 6, "radius_m": 100.0, "share_of_state": 9.76324139614352e-05}}, {"type": "Feature", "geometry": {"type": "Point", "coordinates": [-90.036830504, 38.58106485942869]}, "properties": {"state": "IL", "cluster_id": 1077, "county": "St. Clair", "severity": 5, "radius_m": 396.8948780510025, "share_of_state": 8.136034496786266e-05}}, {"type": "Feature", "geometry": {"type": "Point", "coordinates": [-88.27064385582032, 41.21760975583008]}, "properties": {"state": "IL", "cluster_id": 1136, "county": "Grundy", "severity": 5, "radius_m": 423.6955917993427, "share_of_state": 8.136034496786266e-05}}, {"type": "Feature", "geometry": {"type": "Point", "coordinates": [-88.28282684, 41.227260615]}, "properties": {"state": "IL", "cluster_id": 1199, "county": "Grundy", "severity": 2, "radius_m": 443.28812436311847, "share_of_state": 3.2544137987145065e-05}}, {"type": "Feature", "geometry": {"type": "Point", "coordinates": [-88.35174953, 40.18268456]}, "properties": {"state": "IL", "cluster_id": 1257, "county": "Champaign", "severity": 1, "radius_m": 150.0, "share_of_state": 1.6272068993572533e-05}}, {"type": "Feature", "geometry": {"type": "Point", "coordinates": [-79.96365266557953, 37.35296408592049]}, "properties": {"state": "VA", "cluster_id": 9, "county": "Unknown", "severity": 1722, "radius_m": 3000.0, "share_of_state": 0.06077289571201694}}, {"type": "Feature", "geometry": {"type": "Point", "coordinates": [-77.6059511143009, 39.10669230564401]}, "properties": {"state": "VA", "cluster_id": 13, "county": "Unknown", "severity": 1615, "radius_m": 3000.0, "share_of_state": 0.05699664725604376}}, {"type": "Feature", "geometry": {"type": "Point", "coordinates": [-79.00343210211338, 38.12555179788119]}, "properties": {"state": "VA", "cluster_id": 19, "county": "Unknown", "severity": 917, "radius_m": 3000.0, "share_of_state": 0.03236280218810658}}, {"type": "Feature", "geometry": {"type": "Point", "coordinates": [-80.40873165646775, 37.146230659622965]}, "properties": {"state": "VA", "cluster_id": 2, "county": "Unknown", "severity": 838, "radius_m": 3000.0, "share_of_state": 0.02957473089818246}}, {"type": "Feature", "geometry": {"type": "Point", "coordinates": [-77.87639029111504, 38.869370084545025]}, "properties": {"state": "VA", "cluster_id": 64, "county": "Unknown", "severity": 756, "radius_m": 3000.0, "share_of_state": 0.026680783483324512}}, {"type": "Feature", "geometry": {"type": "Point", "coordinates": [-79.43438570682716, 37.78223173621959]}, "properties": {"state": "VA", "cluster_id": 14, "county": "Unknown", "severity": 706, "radius_m": 3000.0, "share_of_state": 0.024916181401094053}}, {"type": "Feature", "geometry": {"type": "Point", "coordinates": [-77.76398397848017, 38.70546581928969]}, "properties": {"state": "VA", "cluster_id": 10, "county": "Unknown", "severity": 656, "radius_m": 3000.0, "share_of_state": 0.023151579318863597}}, {"type": "Feature", "geometry": {"type": "Point", "coordinates": [-80.85342014609576, 36.7171074362012]}, "properties": {"state": "VA", "cluster_id": 58, "county": "Unknown", "severity": 522, "radius_m": 3000.0, "share_of_state": 0.018422445738485973}}, {"type": "Feature", "geometry": {"type": "Point", "coordinates": [-81.39807122909939, 37.18866475257461]}, "properties": {"state": "VA", "cluster_id": 17, "county": "Unknown", "severity": 503, "radius_m": 3000.0, "share_of_state": 0.0177518969472384}}, {"type": "Feature", "geometry": {"type": "Point", "coordinates": [-77.9172457590802, 38.68466964254635]}, "properties": {"state": "VA", "cluster_id": 59, "county": "Unknown", "severity": 324, "radius_m": 3000.0, "share_of_state": 0.011434621492853361}}, {"type": "Feature", "geometry": {"type": "Point", "coordinates": [-79.10370480681873, 37.448432743453175]}, "properties": {"state": "VA", "cluster_id": 84, "county": "Unknown", "severity": 320, "radius_m": 3000.0, "share_of_state": 0.011293453326274926}}, {"type": "Feature", "geometry": {"type": "Point", "coordinates": [-79.05992023557529, 37.56344312242471]}, "properties": {"state": "VA", "cluster_id": 103, "county": "Unknown", "severity": 292, "radius_m": 3000.0, "share_of_state": 0.01030527616022587}}, {"type": "Feature", "geometry": {"type": "Point", "coordinates": [-80.50084170070541, 37.169835081957416]}, "properties": {"state": "VA", "cluster_id": 8, "county": "Unknown", "severity": 258, "radius_m": 100.0, "share_of_state": 0.009105346744309158}}, {"type": "Feature", "geometry": {"type": "Point", "coordinates": [-82.14036893927569, 36.631794329827216]}, "properties": {"state": "VA", "cluster_id": 47, "county": "Unknown", "severity": 243, "radius_m": 3000.0, "share_of_state": 0.008575966119640021}}, {"type": "Feature", "geometry": {"type": "Point", "coordinates": [-78.859143952841, 38.403927848489595]}, "properties": {"state": "VA", "cluster_id": 48, "county": "Unknown", "severity": 239, "radius_m": 3000.0, "share_of_state": 0.008434797953061585}}, {"type": "Feature", "geometry": {"type": "Point", "coordinates": [-78.19788627624507, 39.17906976827946]}, "properties": {"state": "VA", "cluster_id": 1, "county": "Unknown", "severity": 204, "radius_m": 3000.0, "share_of_state": 0.007199576495500265}}, {"type": "Feature", "geometry": {"type": "Point", "coordinates": [-81.9782479481089, 36.707929694430746]}, "properties": {"state": "VA", "cluster_id": 4, "county": "Unknown", "severity": 202, "radius_m": 3000.0, "share_of_state": 0.007128992412211046}}, {"type": "Feature", "geometry": {"type": "Point", "coordinates": [-77.36502084710149, 37.453253308436594]}, "properties": {"state": "VA", "cluster_id": 120, "county": "Unknown", "severity": 197, "radius_m": 3000.0, "share_of_state": 0.006952532203988001}}, {"type": "Feature", "geometry": {"type": "Point", "coordinates": [-81.6466001428378, 37.099323607021674]}, "properties": {"state": "VA", "cluster_id": 62, "county": "Unknown", "severity": 185, "radius_m": 100.0, "share_of_state": 0.006529027704252691}}, {"type": "Feature", "geometry": {"type": "Point", "coordinates": [-76.70868996050552, 37.25754688960005]}, "properties": {"state": "VA", "cluster_id": 28, "county": "Unknown", "severity": 180, "radius_m": 3000.0, "share_of_state": 0.006352567496029645}}, {"type": "Feature", "geometry": {"type": "Point", "coordinates": [-75.86451686903406, 37.468099391085275]}, "properties": {"state": "VA", "cluster_id": 46, "county": "Unknown", "severity": 176, "radius_m": 266.48470057787597, "share_of_state": 0.006211399329451209}}, {"type": "Feature", "geometry": {"type": "Point", "coordinates": [-79.09202069489594, 38.17603733191335]}, "properties": {"state": "VA", "cluster_id": 3, "county": "Unknown", "severity": 173, "radius_m": 3000.0, "share_of_state": 0.006105523204517381}}, {"type": "Feature", "geometry": {"type": "Point", "coordinates": [-80.51421733098242, 37.10199081322227]}, "properties": {"state": "VA", "cluster_id": 29, "county": "Unknown", "severity": 171, "radius_m": 2883.053386246014, "share_of_state": 0.006034939121228163}}, {"type": "Feature", "geometry": {"type": "Point", "coordinates": [-78.14302243188232, 38.710253354223575]}, "properties": {"state": "VA", "cluster_id": 27, "county": "Unknown", "severity": 170, "radius_m": 207.27996733935598, "share_of_state": 0.005999647079583554}}, {"type": "Feature", "geometry": {"type": "Point", "coordinates": [-81.77741424239757, 37.0719917039338]}, "properties": {"state": "VA", "cluster_id": 53, "county": "Unknown", "severity": 166, "radius_m": 3000.0, "share_of_state": 0.005858478913005117}}, {"type": "Feature", "geometry": {"type": "Point", "coordinates": [-78.39187214867876, 38.011821296490965]}, "properties": {"state": "VA", "cluster_id": 35, "county": "Unknown", "severity": 165, "radius_m": 3000.0, "share_of_state": 0.005823186871360508}}, {"type": "Feature", "geometry": {"type": "Point", "coordinates": [-79.11767360993288, 38.04910405028054]}, "properties": {"state": "VA", "cluster_id": 7, "county": "Unknown", "severity": 164, "radius_m": 3000.0, "share_of_state": 0.005787894829715899}}, {"type": "Feature", "geometry": {"type": "Point", "coordinates": [-76.55784021074388, 36.93121966775615]}, "properties": {"state": "VA", "cluster_id": 135, "county": "Unknown", "severity": 164, "radius_m": 3000.0, "share_of_state": 0.005787894829715899}}, {"type": "Feature", "geometry": {"type": "Point", "coordinates": [-81.09979042740936, 36.95813836925508]}, "properties": {"state": "VA", "cluster_id": 70, "county": "Unknown", "severity": 149, "radius_m": 3000.0, "share_of_state": 0.005258514205046762}}, {"type": "Feature", "geometry": {"type": "Point", "coordinates": [-77.33493687555031, 37.538858411691336]}, "properties": {"state": "VA", "cluster_id": 111, "county": "Unknown", "severity": 149, "radius_m": 3000.0, "share_of_state": 0.005258514205046762}}, {"type": "Feature", "geometry": {"type": "Point", "coordinates": [-81.50621842609857, 36.834668903147936]}, "properties": {"state": "VA", "cluster_id": 15, "county": "Unknown", "severity": 142, "radius_m": 3000.0, "share_of_state": 0.005011469913534498}}, {"type": "Feature", "geometry": {"type": "Point", "coordinates": [-75.96954028370918, 37.164615316191544]}, "properties": {"state": "VA", "cluster_id": 21, "county": "Unknown", "severity": 141, "radius_m": 100.0, "share_of_state": 0.0049761778718898884}}, {"type": "Feature", "geometry": {"type": "Point", "coordinates": [-78.04598953718569, 38.44952899692149]}, "properties": {"state": "VA", "cluster_id": 129, "county": "Unknown", "severity": 140, "radius_m": 3000.0, "share_of_state": 0.0049408858302452795}}, {"type": "Feature", "geometry": {"type": "Point", "coordinates": [-78.51132411550371, 38.01425293795494]}, "properties": {"state": "VA", "cluster_id": 51, "county": "Unknown", "severity": 133, "radius_m": 3000.0, "share_of_state": 0.0046938415387330155}}, {"type": "Feature", "geometry": {"type": "Point", "coordinates": [-80.44241397591128, 37.27995082833068]}, "properties": {"state": "VA", "cluster_id": 115, "county": "Unknown", "severity": 124, "radius_m": 184.13752745373154, "share_of_state": 0.004376213163931534}}, {"type": "Feature", "geometry": {"type": "Point", "coordinates": [-80.71981225193329, 37.044010549808384]}, "properties": {"state": "VA", "cluster_id": 107, "county": "Unknown", "severity": 120, "radius_m": 354.84639523292174, "share_of_state": 0.004235044997353097}}, {"type": "Feature", "geometry": {"type": "Point", "coordinates": [-77.59461567894112, 37.41307333604207]}, "properties": {"state": "VA", "cluster_id": 83, "county": "Unknown", "severity": 119, "radius_m": 3000.0, "share_of_state": 0.004199752955708487}}, {"type": "Feature", "geometry": {"type": "Point", "coordinates": [-77.55103731509243, 38.94071213627737]}, "properties": {"state": "VA", "cluster_id": 104, "county": "Unknown", "severity": 119, "radius_m": 3000.0, "share_of_state": 0.004199752955708487}}, {"type": "Feature", "geometry": {"type": "Point", "coordinates": [-77.68497302588135, 37.500823797330575]}, "properties": {"state": "VA", "cluster_id": 66, "county": "Unknown", "severity": 118, "radius_m": 2689.2644501628856, "share_of_state": 0.0041644609140638784}}, {"type": "Feature", "geometry": {"type": "Point", "coordinates": [-77.37967813323681, 37.62459067329829]}, "properties": {"state": "VA", "cluster_id": 52, "county": "Unknown", "severity": 114, "radius_m": 3000.0, "share_of_state": 0.004023292747485442}}, {"type": "Feature", "geometry": {"type": "Point", "coordinates": [-80.47436266348669, 37.13029840158414]}, "properties": {"state": "VA", "cluster_id": 68, "county": "Unknown", "severity": 113, "radius_m": 100.0, "share_of_state": 0.003988000705840833}}, {"type": "Feature", "geometry": {"type": "Point", "coordinates": [-78.93360943383635, 38.3013750979546]}, "properties": {"state": "VA", "cluster_id": 33, "county": "Unknown", "severity": 110, "radius_m": 3000.0, "share_of_state": 0.0038821245809070055}}, {"type": "Feature", "geometry": {"type": "Point", "coordinates": [-78.71890363092659, 38.04063066118354]}, "properties": {"state": "VA", "cluster_id": 172, "county": "Unknown", "severity": 109, "radius_m": 399.1134518251565, "share_of_state": 0.003846832539262396}}, {"type": "Feature", "geometry": {"type": "Point", "coordinates": [-79.33747180746293, 37.30390412305561]}, "properties": {"state": "VA", "cluster_id": 37, "county": "Unknown", "severity": 108, "radius_m": 100.0, "share_of_state": 0.0038115404976177872}}, {"type": "Feature", "geometry": {"type": "Point", "coordinates": [-79.22590754553268, 37.32199164040193]}, "properties": {"state": "VA", "cluster_id": 18, "county": "Unknown", "severity": 107, "radius_m": 3000.0, "share_of_state": 0.003776248455973178}}, {"type": "Feature", "geometry": {"type": "Point", "coordinates": [-80.63658559463205, 37.08497948632081]}, "properties": {"state": "VA", "cluster_id": 16, "county": "Unknown", "severity": 106, "radius_m": 100.404463187965, "share_of_state": 0.003740956414328569}}, {"type": "Feature", "geometry": {"type": "Point", "coordinates": [-79.96507031726412, 37.23110048118872]}, "properties": {"state": "VA", "cluster_id": 65, "county": "Unknown", "severity": 106, "radius_m": 2905.24407939957, "share_of_state": 0.003740956414328569}}, {"type": "Feature", "geometry": {"type": "Point", "coordinates": [-78.5315179833679, 38.86464217088685]}, "properties": {"state": "VA", "cluster_id": 167, "county": "Unknown", "severity": 106, "radius_m": 3000.0, "share_of_state": 0.003740956414328569}}, {"type": "Feature", "geometry": {"type": "Point", "coordinates": [-80.02777583700959, 37.25388459231737]}, "properties": {"state": "VA", "cluster_id": 121, "county": "Unknown", "severity": 104, "radius_m": 3000.0, "share_of_state": 0.0036703723310393508}}, {"type": "Feature", "geometry": {"type": "Point", "coordinates": [-78.70933377225487, 38.387338110803974]}, "properties": {"state": "VA", "cluster_id": 158, "county": "Unknown", "severity": 102, "radius_m": 222.51876925071167, "share_of_state": 0.0035997882477501325}}, {"type": "Feature", "geometry": {"type": "Point", "coordinates": [-75.94559475199009, 37.3372792865743]}, "properties": {"state": "VA", "cluster_id": 93, "county": "Unknown", "severity": 101, "radius_m": 100.0, "share_of_state": 0.003564496206105523}}, {"type": "Feature", "geometry": {"type": "Point", "coordinates": [-75.69382305273999, 37.71570150999005]}, "properties": {"state": "VA", "cluster_id": 96, "county": "Unknown", "severity": 100, "radius_m": 3000.0, "share_of_state": 0.0035292041644609143}}, {"type": "Feature", "geometry": {"type": "Point", "coordinates": [-81.61648944263634, 36.810086833252576]}, "properties": {"state": "VA", "cluster_id": 164, "county": "Unknown", "severity": 99, "radius_m": 3000.0, "share_of_state": 0.003493912122816305}}, {"type": "Feature", "geometry": {"type": "Point", "coordinates": [-78.39859709314283, 38.189434199826586]}, "properties": {"state": "VA", "cluster_id": 26, "county": "Unknown", "severity": 98, "radius_m": 107.82505845932747, "share_of_state": 0.0034586200811716956}}, {"type": "Feature", "geometry": {"type": "Point", "coordinates": [-78.62515564414892, 38.03342147735112]}, "properties": {"state": "VA", "cluster_id": 242, "county": "Unknown", "severity": 94, "radius_m": 100.0, "share_of_state": 0.003317451914593259}}, {"type": "Feature", "geometry": {"type": "Point", "coordinates": [-77.93707018613635, 38.998818700829595]}, "properties": {"state": "VA", "cluster_id": 108, "county": "Unknown", "severity": 88, "radius_m": 2201.6480818461005, "share_of_state": 0.0031056996647256044}}, {"type": "Feature", "geometry": {"type": "Point", "coordinates": [-79.76531737376133, 37.49183725788642]}, "properties": {"state": "VA", "cluster_id": 197, "county": "Unknown", "severity": 88, "radius_m": 3000.0, "share_of_state": 0.0031056996647256044}}, {"type": "Feature", "geometry": {"type": "Point", "coordinates": [-76.74981472383719, 37.32245761079074]}, "properties": {"state": "VA", "cluster_id": 67, "county": "Unknown", "severity": 86, "radius_m": 2636.2686845224616, "share_of_state": 0.003035115581436386}}, {"type": "Feature", "geometry": {"type": "Point", "coordinates": [-80.49249721913091, 37.20388716522625]}, "properties": {"state": "VA", "cluster_id": 123, "county": "Unknown", "severity": 84, "radius_m": 325.1680962885614, "share_of_state": 0.002964531498147168}}, {"type": "Feature", "geometry": {"type": "Point", "coordinates": [-77.591594591253, 38.8003462289639]}, "properties": {"state": "VA", "cluster_id": 125, "county": "Unknown", "severity": 83, "radius_m": 2494.07584241067, "share_of_state": 0.0029292394565025586}}, {"type": "Feature", "geometry": {"type": "Point", "coordinates": [-78.1254045974074, 39.13187300279018]}, "properties": {"state": "VA", "cluster_id": 44, "county": "Unknown", "severity": 81, "radius_m": 100.0, "share_of_state": 0.0028586553732133403}}, {"type": "Feature", "geometry": {"type": "Point", "coordinates": [-79.55054029091356, 37.33249121837042]}, "properties": {"state": "VA", "cluster_id": 50, "county": "Unknown", "severity": 81, "radius_m": 137.14079775539165, "share_of_state": 0.0028586553732133403}}, {"type": "Feature", "geometry": {"type": "Point", "coordinates": [-77.4434527263333, 39.01333409067906]}, "properties": {"state": "VA", "cluster_id": 131, "county": "Unknown", "severity": 81, "radius_m": 2052.149636792696, "share_of_state": 0.0028586553732133403}}, {"type": "Feature", "geometry": {"type": "Point", "coordinates": [-77.63662142396247, 38.30559421446255]}, "properties": {"state": "VA", "cluster_id": 20, "county": "Unknown", "severity": 80, "radius_m": 284.24590221427525, "share_of_state": 0.0028233633315687314}}, {"type": "Feature", "geometry": {"type": "Point", "coordinates": [-77.51868927504998, 37.39292294952505]}, "properties": {"state": "VA", "cluster_id": 41, "county": "Unknown", "severity": 80, "radius_m": 2388.797970869268, "share_of_state": 0.0028233633315687314}}, {"type": "Feature", "geometry": {"type": "Point", "coordinates": [-77.58341579383746, 37.455420128425054]}, "properties": {"state": "VA", "cluster_id": 159, "county": "Unknown", "severity": 80, "radius_m": 2284.6929327891457, "share_of_state": 0.0028233633315687314}}, {"type": "Feature", "geometry": {"type": "Point", "coordinates": [-77.12447130439237, 37.75478430048107]}, "properties": {"state": "VA", "cluster_id": 142, "county": "Unknown", "severity": 79, "radius_m": 262.69002766349587, "share_of_state": 0.002788071289924122}}, {"type": "Feature", "geometry": {"type": "Point", "coordinates": [-78.78856109460756, 38.376744555544356]}, "properties": {"state": "VA", "cluster_id": 307, "county": "Unknown", "severity": 79, "radius_m": 110.27627493302042, "share_of_state": 0.002788071289924122}}, {"type": "Feature", "geometry": {"type": "Point", "coordinates": [-77.48775813702561, 38.29930549974364]}, "properties": {"state": "VA", "cluster_id": 76, "county": "Unknown", "severity": 78, "radius_m": 2364.03643585113, "share_of_state": 0.002752779248279513}}, {"type": "Feature", "geometry": {"type": "Point", "coordinates": [-77.78429994665785, 37.70935564352637]}, "properties": {"state": "VA", "cluster_id": 112, "county": "Unknown", "severity": 76, "radius_m": 2843.303499455035, "share_of_state": 0.0026821951649902945}}, {"type": "Feature", "geometry": {"type": "Point", "coordinates": [-79.58141988659996, 37.62303280829338]}, "properties": {"state": "VA", "cluster_id": 12, "county": "Unknown", "severity": 75, "radius_m": 252.09439746034928, "share_of_state": 0.0026469031233456856}}, {"type": "Feature", "geometry": {"type": "Point", "coordinates": [-75.979256813726, 37.27446123131512]}, "properties": {"state": "VA", "cluster_id": 132, "county": "Unknown", "severity": 73, "radius_m": 2080.517713639175, "share_of_state": 0.0025763190400564673}}, {"type": "Feature", "geometry": {"type": "Point", "coordinates": [-79.49684398664381, 37.32505427000006]}, "properties": {"state": "VA", "cluster_id": 243, "county": "Unknown", "severity": 73, "radius_m": 2061.360377035335, "share_of_state": 0.0025763190400564673}}, {"type": "Feature", "geometry": {"type": "Point", "coordinates": [-77.66896699531942, 37.596663826625054]}, "properties": {"state": "VA", "cluster_id": 0, "county": "Unknown", "severity": 72, "radius_m": 1781.802850201441, "share_of_state": 0.002541026998411858}}, {"type": "Feature", "geometry": {"type": "Point", "coordinates": [-79.82743119565276, 37.61376690454172]}, "properties": {"state": "VA", "cluster_id": 75, "county": "Unknown", "severity": 72, "radius_m": 100.0, "share_of_state": 0.002541026998411858}}, {"type": "Feature", "geometry": {"type": "Point", "coordinates": [-79.85837958898608, 37.278154733375054]}, "properties": {"state": "VA", "cluster_id": 126, "county": "Unknown", "severity": 72, "radius_m": 2330.5755642740746, "share_of_state": 0.002541026998411858}}, {"type": "Feature", "geometry": {"type": "Point", "coordinates": [-77.46644302254926, 38.99423689830991]}, "properties": {"state": "VA", "cluster_id": 160, "county": "Unknown", "severity": 71, "radius_m": 2274.0920240662117, "share_of_state": 0.002505734956767249}}, {"type": "Feature", "geometry": {"type": "Point", "coordinates": [-79.3645236736571, 37.374813864628635]}, "properties": {"state": "VA", "cluster_id": 61, "county": "Unknown", "severity": 70, "radius_m": 100.0, "share_of_state": 0.0024704429151226398}}, {"type": "Feature", "geometry": {"type": "Point", "coordinates": [-82.60816224801427, 36.9499154285572]}, "properties": {"state": "VA", "cluster_id": 183, "county": "Unknown", "severity": 70, "radius_m": 2494.982171179428, "share_of_state": 0.0024704429151226398}}, {"type": "Feature", "geometry": {"type": "Point", "coordinates": [-77.24733536114285, 37.64579682667147]}, "properties": {"state": "VA", "cluster_id": 218, "county": "Unknown", "severity": 70, "radius_m": 252.65281748218206, "share_of_state": 0.0024704429151226398}}, {"type": "Feature", "geometry": {"type": "Point", "coordinates": [-79.30071520033329, 37.87547796434787]}, "properties": {"state": "VA", "cluster_id": 110, "county": "Unknown", "severity": 69, "radius_m": 2863.1648999784734, "share_of_state": 0.002435150873478031}}, {"type": "Feature", "geometry": {"type": "Point", "coordinates": [-77.40738994242025, 38.45294588282614]}, "properties": {"state": "VA", "cluster_id": 118, "county": "Unknown", "severity": 69, "radius_m": 2805.1630260282354, "share_of_state": 0.002435150873478031}}, {"type": "Feature", "geometry": {"type": "Point", "coordinates": [-78.83818251230299, 38.03757743674247]}, "properties": {"state": "VA", "cluster_id": 195, "county": "Unknown", "severity": 66, "radius_m": 2585.1671063700596, "share_of_state": 0.0023292747485442033}}, {"type": "Feature", "geometry": {"type": "Point", "coordinates": [-77.2775978482727, 37.51902448325763]}, "properties": {"state": "VA", "cluster_id": 281, "county": "Unknown", "severity": 66, "radius_m": 1499.054751831022, "share_of_state": 0.0023292747485442033}}, {"type": "Feature", "geometry": {"type": "Point", "coordinates": [-77.44949308063076, 38.384563123569286]}, "properties": {"state": "VA", "cluster_id": 92, "county": "Unknown", "severity": 65, "radius_m": 281.2770733598888, "share_of_state": 0.002293982706899594}}, {"type": "Feature", "geometry": {"type": "Point", "coordinates": [-76.96358175652306, 37.8294607649385]}, "properties": {"state": "VA", "cluster_id": 147, "county": "Unknown", "severity": 65, "radius_m": 100.0, "share_of_state": 0.002293982706899594}}, {"type": "Feature", "geometry": {"type": "Point", "coordinates": [-78.4609342498615, 38.09936938961544]}, "properties": {"state": "VA", "cluster_id": 207, "county": "Unknown", "severity": 65, "radius_m": 221.88050482577532, "share_of_state": 0.002293982706899594}}, {"type": "Feature", "geometry": {"type": "Point", "coordinates": [-78.83707943262498, 38.448024603281304]}, "properties": {"state": "VA", "cluster_id": 11, "county": "Unknown", "severity": 64, "radius_m": 394.4302653527558, "share_of_state": 0.002258690665254985}}, {"type": "Feature", "geometry": {"type": "Point", "coordinates": [-77.52670785060313, 38.75604049604767]}, "properties": {"state": "VA", "cluster_id": 148, "county": "Unknown", "severity": 63, "radius_m": 2246.1086288011566, "share_of_state": 0.0022233986236103757}}, {"type": "Feature", "geometry": {"type": "Point", "coordinates": [-78.77544545685481, 38.29811839966133]}, "properties": {"state": "VA", "cluster_id": 196, "county": "Unknown", "severity": 62, "radius_m": 100.0, "share_of_state": 0.002188106581965767}}, {"type": "Feature", "geometry": {"type": "Point", "coordinates": [-78.09179112736064, 38.37999058506563]}, "properties": {"state": "VA", "cluster_id": 22, "county": "Unknown", "severity": 61, "radius_m": 100.0, "share_of_state": 0.0021528145403211575}}, {"type": "Feature", "geometry": {"type": "Point", "coordinates": [-82.53465625024587, 36.937820523295166]}, "properties": {"state": "VA", "cluster_id": 312, "county": "Unknown", "severity": 61, "radius_m": 267.3453478472168, "share_of_state": 0.0021528145403211575}}, {"type": "Feature", "geometry": {"type": "Point", "coordinates": [-76.76821730916946, 37.3885777934916]}, "properties": {"state": "VA", "cluster_id": 25, "county": "Unknown", "severity": 59, "radius_m": 244.82742075868904, "share_of_state": 0.0020822304570319392}}, {"type": "Feature", "geometry": {"type": "Point", "coordinates": [-82.72780381668964, 36.883298473672475]}, "properties": {"state": "VA", "cluster_id": 119, "county": "Unknown", "severity": 58, "radius_m": 149.72786637702376, "share_of_state": 0.0020469384153873303}}, {"type": "Feature", "geometry": {"type": "Point", "coordinates": [-78.30888219355168, 39.009324435206956]}, "properties": {"state": "VA", "cluster_id": 124, "county": "Unknown", "severity": 58, "radius_m": 2177.5447765543327, "share_of_state": 0.0020469384153873303}}, {"type": "Feature", "geometry": {"type": "Point", "coordinates": [-80.73342672725859, 37.09187975541384]}, "properties": {"state": "VA", "cluster_id": 141, "county": "Unknown", "severity": 58, "radius_m": 216.57202270351237, "share_of_state": 0.0020469384153873303}}, {"type": "Feature", "geometry": {"type": "Point", "coordinates": [-76.87070429149121, 37.89023523314041]}, "properties": {"state": "VA", "cluster_id": 81, "county": "Unknown", "severity": 57, "radius_m": 1788.4142387305073, "share_of_state": 0.002011646373742721}}, {"type": "Feature", "geometry": {"type": "Point", "coordinates": [-77.04135344205262, 37.80709938045619]}, "properties": {"state": "VA", "cluster_id": 249, "county": "Unknown", "severity": 57, "radius_m": 100.0, "share_of_state": 0.002011646373742721}}, {"type": "Feature", "geometry": {"type": "Point", "coordinates": [-78.19695094671427, 39.11195483605362]}, "properties": {"state": "VA", "cluster_id": 38, "county": "Unknown", "severity": 56, "radius_m": 2217.8435776106653, "share_of_state": 0.001976354332098112}}, {"type": "Feature", "geometry": {"type": "Point", "coordinates": [-77.78276779766068, 38.97009724330362]}, "properties": {"state": "VA", "cluster_id": 208, "county": "Unknown", "severity": 56, "radius_m": 205.16941332417412, "share_of_state": 0.001976354332098112}}, {"type": "Feature", "geometry": {"type": "Point", "coordinates": [-77.83989265610907, 38.519028711290964]}, "properties": {"state": "VA", "cluster_id": 157, "county": "Unknown", "severity": 55, "radius_m": 219.3115869950128, "share_of_state": 0.0019410622904535027}}, {"type": "Feature", "geometry": {"type": "Point", "coordinates": [-76.74829154696361, 37.54177303520006]}, "properties": {"state": "VA", "cluster_id": 279, "county": "Unknown", "severity": 55, "radius_m": 368.5548150432175, "share_of_state": 0.0019410622904535027}}, {"type": "Feature", "geometry": {"type": "Point", "coordinates": [-79.43296991087271, 37.31812455610914]}, "properties": {"state": "VA", "cluster_id": 286, "county": "Unknown", "severity": 55, "radius_m": 100.0, "share_of_state": 0.0019410622904535027}}, {"type": "Feature", "geometry": {"type": "Point", "coordinates": [-76.43372913931479, 36.87256448320377]}, "properties": {"state": "VA", "cluster_id": 259, "county": "Unknown", "severity": 54, "radius_m": 1786.7235342508243, "share_of_state": 0.0019057702488088936}}, {"type": "Feature", "geometry": {"type": "Point", "coordinates": [-79.98433501418515, 37.7744673440556]}, "properties": {"state": "VA", "cluster_id": 267, "county": "Unknown", "severity": 54, "radius_m": 334.77495342610706, "share_of_state": 0.0019057702488088936}}, {"type": "Feature", "geometry": {"type": "Point", "coordinates": [-79.27397155107407, 37.35972394692598]}, "properties": {"state": "VA", "cluster_id": 274, "county": "Unknown", "severity": 54, "radius_m": 1780.187185914644, "share_of_state": 0.0019057702488088936}}, {"type": "Feature", "geometry": {"type": "Point", "coordinates": [-77.22648495999998, 38.9328426266227]}, "properties": {"state": "VA", "cluster_id": 134, "county": "Unknown", "severity": 53, "radius_m": 217.2779083000515, "share_of_state": 0.0018704782071642845}}, {"type": "Feature", "geometry": {"type": "Point", "coordinates": [-80.23706034418865, 37.19150955283024]}, "properties": {"state": "VA", "cluster_id": 193, "county": "Unknown", "severity": 53, "radius_m": 100.0, "share_of_state": 0.0018704782071642845}}, {"type": "Feature", "geometry": {"type": "Point", "coordinates": [-78.17295042236536, 38.9530779376539]}, "properties": {"state": "VA", "cluster_id": 145, "county": "Unknown", "severity": 52, "radius_m": 100.0, "share_of_state": 0.0018351861655196754}}, {"type": "Feature", "geometry": {"type": "Point", "coordinates": [-78.92323166199998, 38.36958684100005]}, "properties": {"state": "VA", "cluster_id": 146, "county": "Unknown", "severity": 52, "radius_m": 1659.2878857929293, "share_of_state": 0.0018351861655196754}}, {"type": "Feature", "geometry": {"type": "Point", "coordinates": [-77.2367173562692, 37.51203984828852]}, "properties": {"state": "VA", "cluster_id": 154, "county": "Unknown", "severity": 52, "radius_m": 1354.7850346347652, "share_of_state": 0.0018351861655196754}}, {"type": "Feature", "geometry": {"type": "Point", "coordinates": [-77.89951313819229, 36.84679381726929]}, "properties": {"state": "VA", "cluster_id": 309, "county": "Unknown", "severity": 52, "radius_m": 2349.9865902527044, "share_of_state": 0.0018351861655196754}}, {"type": "Feature", "geometry": {"type": "Point", "coordinates": [-79.84682486957689, 37.56094718855774]}, "properties": {"state": "VA", "cluster_id": 344, "county": "Unknown", "severity": 52, "radius_m": 100.0, "share_of_state": 0.0018351861655196754}}, {"type": "Feature", "geometry": {"type": "Point", "coordinates": [-78.51996888136732, 38.0526307521429]}, "properties": {"state": "VA", "cluster_id": 180, "county": "Unknown", "severity": 49, "radius_m": 1533.0575796181326, "share_of_state": 0.0017293100405858478}}, {"type": "Feature", "geometry": {"type": "Point", "coordinates": [-78.65270327341663, 38.726026695625066]}, "properties": {"state": "VA", "cluster_id": 86, "county": "Unknown", "severity": 48, "radius_m": 1664.116734045752, "share_of_state": 0.0016940179989412387}}, {"type": "Feature", "geometry": {"type": "Point", "coordinates": [-81.37944032508331, 36.88323103816672]}, "properties": {"state": "VA", "cluster_id": 106, "county": "Unknown", "severity": 48, "radius_m": 357.8475033721397, "share_of_state": 0.0016940179989412387}}, {"type": "Feature", "geometry": {"type": "Point", "coordinates": [-78.72755861299997, 38.587554336270905]}, "properties": {"state": "VA", "cluster_id": 191, "county": "Unknown", "severity": 48, "radius_m": 2133.426035633136, "share_of_state": 0.0016940179989412387}}, {"type": "Feature", "geometry": {"type": "Point", "coordinates": [-78.05469417340424, 38.70909569561708]}, "properties": {"state": "VA", "cluster_id": 56, "county": "Unknown", "severity": 47, "radius_m": 100.0, "share_of_state": 0.0016587259572966296}}, {"type": "Feature", "geometry": {"type": "Point", "coordinates": [-81.80437952921274, 37.00775288636176]}, "properties": {"state": "VA", "cluster_id": 90, "county": "Unknown", "severity": 47, "radius_m": 371.8983559717094, "share_of_state": 0.0016587259572966296}}, {"type": "Feature", "geometry": {"type": "Point", "coordinates": [-77.52105406368084, 36.73363331221281]}, "properties": {"state": "VA", "cluster_id": 182, "county": "Unknown", "severity": 47, "radius_m": 2144.525203716293, "share_of_state": 0.0016587259572966296}}, {"type": "Feature", "geometry": {"type": "Point", "coordinates": [-77.48055167710635, 37.353664993638354]}, "properties": {"state": "VA", "cluster_id": 204, "county": "Unknown", "severity": 47, "radius_m": 100.0, "share_of_state": 0.0016587259572966296}}, {"type": "Feature", "geometry": {"type": "Point", "coordinates": [-77.35743115471736, 37.35380502150005]}, "properties": {"state": "VA", "cluster_id": 55, "county": "Unknown", "severity": 46, "radius_m": 1805.5935425357216, "share_of_state": 0.0016234339156520204}}, {"type": "Feature", "geometry": {"type": "Point", "coordinates": [-76.82866272991109, 37.42644572315562]}, "properties": {"state": "VA", "cluster_id": 39, "county": "Unknown", "severity": 45, "radius_m": 1182.5173144801647, "share_of_state": 0.0015881418740074113}}, {"type": "Feature", "geometry": {"type": "Point", "coordinates": [-77.44598748784442, 37.62510827604449]}, "properties": {"state": "VA", "cluster_id": 94, "county": "Unknown", "severity": 45, "radius_m": 1570.926086116065, "share_of_state": 0.0015881418740074113}}, {"type": "Feature", "geometry": {"type": "Point", "coordinates": [-81.67878875899997, 36.78978921611116]}, "properties": {"state": "VA", "cluster_id": 101, "county": "Unknown", "severity": 45, "radius_m": 1425.7101096341912, "share_of_state": 0.0015881418740074113}}, {"type": "Feature", "geometry": {"type": "Point", "coordinates": [-77.4022858127333, 37.32009827551118]}, "properties": {"state": "VA", "cluster_id": 133, "county": "Unknown", "severity": 45, "radius_m": 1590.78001547333, "share_of_state": 0.0015881418740074113}}, {"type": "Feature", "geometry": {"type": "Point", "coordinates": [-80.50865057644441, 37.29900404053339]}, "properties": {"state": "VA", "cluster_id": 140, "county": "Unknown", "severity": 45, "radius_m": 265.86939742347045, "share_of_state": 0.0015881418740074113}}, {"type": "Feature", "geometry": {"type": "Point", "coordinates": [-77.64240532771107, 37.46079771457783]}, "properties": {"state": "VA", "cluster_id": 178, "county": "Unknown", "severity": 45, "radius_m": 1502.3033049638548, "share_of_state": 0.0015881418740074113}}, {"type": "Feature", "geometry": {"type": "Point", "coordinates": [-77.92044403906813, 39.13400846177278]}, "properties": {"state": "VA", "cluster_id": 156, "county": "Unknown", "severity": 44, "radius_m": 100.0, "share_of_state": 0.0015528498323628022}}, {"type": "Feature", "geometry": {"type": "Point", "coordinates": [-78.21910000852269, 37.97606436625006]}, "properties": {"state": "VA", "cluster_id": 211, "county": "Unknown", "severity": 44, "radius_m": 1424.1940757846173, "share_of_state": 0.0015528498323628022}}, {"type": "Feature", "geometry": {"type": "Point", "coordinates": [-75.62524302574997, 37.76381895984096]}, "properties": {"state": "VA", "cluster_id": 360, "county": "Unknown", "severity": 44, "radius_m": 1647.385540986681, "share_of_state": 0.0015528498323628022}}, {"type": "Feature", "geometry": {"type": "Point", "coordinates": [-79.67604124488369, 37.243947009744225]}, "properties": {"state": "VA", "cluster_id": 6, "county": "Unknown", "severity": 43, "radius_m": 100.0, "share_of_state": 0.001517557790718193}}, {"type": "Feature", "geometry": {"type": "Point", "coordinates": [-79.26358205313953, 37.13692111072097]}, "properties": {"state": "VA", "cluster_id": 77, "county": "Unknown", "severity": 43, "radius_m": 1626.02602322138, "share_of_state": 0.001517557790718193}}, {"type": "Feature", "geometry": {"type": "Point", "coordinates": [-77.44945266825577, 37.659568599907026]}, "properties": {"state": "VA", "cluster_id": 185, "county": "Unknown", "severity": 43, "radius_m": 1611.746755950688, "share_of_state": 0.001517557790718193}}, {"type": "Feature", "geometry": {"type": "Point", "coordinates": [-78.68960834581391, 38.353936166558206]}, "properties": {"state": "VA", "cluster_id": 221, "county": "Unknown", "severity": 43, "radius_m": 962.2006594300384, "share_of_state": 0.001517557790718193}}, {"type": "Feature", "geometry": {"type": "Point", "coordinates": [-80.73812007085711, 37.336197436880994]}, "properties": {"state": "VA", "cluster_id": 151, "county": "Unknown", "severity": 42, "radius_m": 133.2214243363153, "share_of_state": 0.001482265749073584}}, {"type": "Feature", "geometry": {"type": "Point", "coordinates": [-77.56013471111903, 38.990691779142914]}, "properties": {"state": "VA", "cluster_id": 230, "county": "Unknown", "severity": 42, "radius_m": 1475.07122341518, "share_of_state": 0.001482265749073584}}, {"type": "Feature", "geometry": {"type": "Point", "coordinates": [-77.43486778975605, 38.732043112024435]}, "properties": {"state": "VA", "cluster_id": 36, "county": "Unknown", "severity": 41, "radius_m": 292.26163484324405, "share_of_state": 0.0014469737074289748}}, {"type": "Feature", "geometry": {"type": "Point", "coordinates": [-82.10230140151215, 36.8888016258781]}, "properties": {"state": "VA", "cluster_id": 210, "county": "Unknown", "severity": 41, "radius_m": 1330.4802810349836, "share_of_state": 0.0014469737074289748}}, {"type": "Feature", "geometry": {"type": "Point", "coordinates": [-77.59176868746339, 37.0637029691708]}, "properties": {"state": "VA", "cluster_id": 224, "county": "Unknown", "severity": 41, "radius_m": 1658.7339500153557, "share_of_state": 0.0014469737074289748}}, {"type": "Feature", "geometry": {"type": "Point", "coordinates": [-77.62124811553655, 39.04325248875615]}, "properties": {"state": "VA", "cluster_id": 278, "county": "Unknown", "severity": 41, "radius_m": 100.0, "share_of_state": 0.0014469737074289748}}, {"type": "Feature", "geometry": {"type": "Point", "coordinates": [-76.58324029594996, 36.79439916012505]}, "properties": {"state": "VA", "cluster_id": 71, "county": "Unknown", "severity": 40, "radius_m": 100.0, "share_of_state": 0.0014116816657843657}}, {"type": "Feature", "geometry": {"type": "Point", "coordinates": [-82.00537768539996, 36.92012963907505]}, "properties": {"state": "VA", "cluster_id": 175, "county": "Unknown", "severity": 40, "radius_m": 100.0, "share_of_state": 0.0014116816657843657}}, {"type": "Feature", "geometry": {"type": "Point", "coordinates": [-80.70788273224997, 36.67796446710007]}, "properties": {"state": "VA", "cluster_id": 216, "county": "Unknown", "severity": 40, "radius_m": 1425.4571469848954, "share_of_state": 0.0014116816657843657}}, {"type": "Feature", "geometry": {"type": "Point", "coordinates": [-76.80535154454996, 37.39955665262505]}, "properties": {"state": "VA", "cluster_id": 343, "county": "Unknown", "severity": 40, "radius_m": 1858.98074407638, "share_of_state": 0.0014116816657843657}}, {"type": "Feature", "geometry": {"type": "Point", "coordinates": [-80.61418429635896, 37.13770013864108]}, "properties": {"state": "VA", "cluster_id": 31, "county": "Unknown", "severity": 39, "radius_m": 100.0, "share_of_state": 0.0013763896241397566}}, {"type": "Feature", "geometry": {"type": "Point", "coordinates": [-77.49883191910253, 37.171758022333385]}, "properties": {"state": "VA", "cluster_id": 336, "county": "Unknown", "severity": 39, "radius_m": 330.14118174813535, "share_of_state": 0.0013763896241397566}}, {"type": "Feature", "geometry": {"type": "Point", "coordinates": [-78.17106494064099, 37.96030113302569]}, "properties": {"state": "VA", "cluster_id": 338, "county": "Unknown", "severity": 39, "radius_m": 168.80266331723823, "share_of_state": 0.0013763896241397566}}, {"type": "Feature", "geometry": {"type": "Point", "coordinates": [-77.18782566028945, 37.51785088339479]}, "properties": {"state": "VA", "cluster_id": 109, "county": "Unknown", "severity": 38, "radius_m": 1855.8178574964004, "share_of_state": 0.0013410975824951472}}, {"type": "Feature", "geometry": {"type": "Point", "coordinates": [-79.92588650697367, 37.3289236464211]}, "properties": {"state": "VA", "cluster_id": 113, "county": "Unknown", "severity": 38, "radius_m": 1148.6392284543847, "share_of_state": 0.0013410975824951472}}, {"type": "Feature", "geometry": {"type": "Point", "coordinates": [-80.03080531489466, 37.2054323883948]}, "properties": {"state": "VA", "cluster_id": 117, "county": "Unknown", "severity": 38, "radius_m": 1385.1703654655175, "share_of_state": 0.0013410975824951472}}, {"type": "Feature", "geometry": {"type": "Point", "coordinates": [-79.43256401728944, 37.642479179026374]}, "properties": {"state": "VA", "cluster_id": 143, "county": "Unknown", "severity": 38, "radius_m": 100.0, "share_of_state": 0.0013410975824951472}}, {"type": "Feature", "geometry": {"type": "Point", "coordinates": [-78.15501991742103, 39.09360383163164]}, "properties": {"state": "VA", "cluster_id": 149, "county": "Unknown", "severity": 38, "radius_m": 1392.361740264445, "share_of_state": 0.0013410975824951472}}, {"type": "Feature", "geometry": {"type": "Point", "coordinates": [-77.64707311321048, 39.25488756618427]}, "properties": {"state": "VA", "cluster_id": 162, "county": "Unknown", "severity": 38, "radius_m": 100.0, "share_of_state": 0.0013410975824951472}}, {"type": "Feature", "geometry": {"type": "Point", "coordinates": [-80.5876233633421, 37.31531053510531]}, "properties": {"state": "VA", "cluster_id": 346, "county": "Unknown", "severity": 38, "radius_m": 100.0, "share_of_state": 0.0013410975824951472}}, {"type": "Feature", "geometry": {"type": "Point", "coordinates": [-79.87498414628942, 36.94117443147375]}, "properties": {"state": "VA", "cluster_id": 363, "county": "Unknown", "severity": 38, "radius_m": 169.91682628504762, "share_of_state": 0.0013410975824951472}}, {"type": "Feature", "geometry": {"type": "Point", "coordinates": [-76.59719423637834, 36.76561167000004]}, "properties": {"state": "VA", "cluster_id": 116, "county": "Unknown", "severity": 37, "radius_m": 1418.642415066, "share_of_state": 0.0013058055408505381}}, {"type": "Feature", "geometry": {"type": "Point", "coordinates": [-79.06600665764861, 37.50149735043247]}, "properties": {"state": "VA", "cluster_id": 137, "county": "Unknown", "severity": 37, "radius_m": 871.7100002244217, "share_of_state": 0.0013058055408505381}}, {"type": "Feature", "geometry": {"type": "Point", "coordinates": [-77.04201489089188, 37.49769071551357]}, "properties": {"state": "VA", "cluster_id": 170, "county": "Unknown", "severity": 37, "radius_m": 100.0, "share_of_state": 0.0013058055408505381}}, {"type": "Feature", "geometry": {"type": "Point", "coordinates": [-78.03673548137836, 37.88739770316221]}, "properties": {"state": "VA", "cluster_id": 181, "county": "Unknown", "severity": 37, "radius_m": 304.98289469867643, "share_of_state": 0.0013058055408505381}}, {"type": "Feature", "geometry": {"type": "Point", "coordinates": [-82.59082428610809, 36.99214804281086]}, "properties": {"state": "VA", "cluster_id": 261, "county": "Unknown", "severity": 37, "radius_m": 1487.138292495539, "share_of_state": 0.0013058055408505381}}, {"type": "Feature", "geometry": {"type": "Point", "coordinates": [-78.08918316983784, 39.183609371216285]}, "properties": {"state": "VA", "cluster_id": 262, "county": "Unknown", "severity": 37, "radius_m": 1698.1458790404536, "share_of_state": 0.0013058055408505381}}, {"type": "Feature", "geometry": {"type": "Point", "coordinates": [-77.6395470667297, 37.53722269132438]}, "properties": {"state": "VA", "cluster_id": 325, "county": "Unknown", "severity": 37, "radius_m": 100.0, "share_of_state": 0.0013058055408505381}}, {"type": "Feature", "geometry": {"type": "Point", "coordinates": [-79.88199099713887, 37.0548063311945]}, "properties": {"state": "VA", "cluster_id": 166, "county": "Unknown", "severity": 36, "radius_m": 263.4299324338194, "share_of_state": 0.001270513499205929}}, {"type": "Feature", "geometry": {"type": "Point", "coordinates": [-75.81244880624996, 37.54656657777786]}, "properties": {"state": "VA", "cluster_id": 192, "county": "Unknown", "severity": 36, "radius_m": 100.0, "share_of_state": 0.001270513499205929}}, {"type": "Feature", "geometry": {"type": "Point", "coordinates": [-79.30486000324996, 37.129411921722266]}, "properties": {"state": "VA", "cluster_id": 250, "county": "Unknown", "severity": 36, "radius_m": 259.9855595245853, "share_of_state": 0.001270513499205929}}, {"type": "Feature", "geometry": {"type": "Point", "coordinates": [-79.87691812385711, 37.01366661128575]}, "properties": {"state": "VA", "cluster_id": 88, "county": "Unknown", "severity": 35, "radius_m": 341.8127347467724, "share_of_state": 0.0012352214575613199}}, {"type": "Feature", "geometry": {"type": "Point", "coordinates": [-81.11602532128569, 36.61831737468579]}, "properties": {"state": "VA", "cluster_id": 98, "county": "Unknown", "severity": 35, "radius_m": 100.0, "share_of_state": 0.0012352214575613199}}, {"type": "Feature", "geometry": {"type": "Point", "coordinates": [-77.95625056199995, 38.47795572520004]}, "properties": {"state": "VA", "cluster_id": 177, "county": "Unknown", "severity": 35, "radius_m": 1174.736413042556, "share_of_state": 0.0012352214575613199}}, {"type": "Feature", "geometry": {"type": "Point", "coordinates": [-83.17572350065711, 36.67421503614292]}, "properties": {"state": "VA", "cluster_id": 226, "county": "Unknown", "severity": 35, "radius_m": 100.0, "share_of_state": 0.0012352214575613199}}, {"type": "Feature", "geometry": {"type": "Point", "coordinates": [-79.69355043351428, 37.53116740382863]}, "properties": {"state": "VA", "cluster_id": 246, "county": "Unknown", "severity": 35, "radius_m": 178.11357458250433, "share_of_state": 0.0012352214575613199}}, {"type": "Feature", "geometry": {"type": "Point", "coordinates": [-80.5754075095588, 37.097539425941235]}, "properties": {"state": "VA", "cluster_id": 69, "county": "Unknown", "severity": 34, "radius_m": 1030.240716509438, "share_of_state": 0.0011999294159167108}}, {"type": "Feature", "geometry": {"type": "Point", "coordinates": [-77.38103429199995, 37.67866601705888]}, "properties": {"state": "VA", "cluster_id": 189, "county": "Unknown", "severity": 34, "radius_m": 100.0, "share_of_state": 0.0011999294159167108}}, {"type": "Feature", "geometry": {"type": "Point", "coordinates": [-78.82372640632349, 38.34241871782358]}, "properties": {"state": "VA", "cluster_id": 217, "county": "Unknown", "severity": 34, "radius_m": 100.0, "share_of_state": 0.0011999294159167108}}, {"type": "Feature", "geometry": {"type": "Point", "coordinates": [-79.60739400220587, 37.35073116382358]}, "properties": {"state": "VA", "cluster_id": 289, "county": "Unknown", "severity": 34, "radius_m": 100.0, "share_of_state": 0.0011999294159167108}}, {"type": "Feature", "geometry": {"type": "Point", "coordinates": [-79.91792943784847, 36.646260455151555]}, "properties": {"state": "VA", "cluster_id": 144, "county": "Unknown", "severity": 33, "radius_m": 1422.9784776857553, "share_of_state": 0.0011646373742721016}}, {"type": "Feature", "geometry": {"type": "Point", "coordinates": [-77.37282194899997, 37.56564341530309]}, "properties": {"state": "VA", "cluster_id": 277, "county": "Unknown", "severity": 33, "radius_m": 1290.9790487367645, "share_of_state": 0.0011646373742721016}}, {"type": "Feature", "geometry": {"type": "Point", "coordinates": [-77.57966835184845, 39.03533006215158]}, "properties": {"state": "VA", "cluster_id": 295, "county": "Unknown", "severity": 33, "radius_m": 100.0, "share_of_state": 0.0011646373742721016}}, {"type": "Feature", "geometry": {"type": "Point", "coordinates": [-77.32517399849999, 38.58000171800005]}, "properties": {"state": "VA", "cluster_id": 82, "county": "Unknown", "severity": 32, "radius_m": 1224.359073906928, "share_of_state": 0.0011293453326274925}}, {"type": "Feature", "geometry": {"type": "Point", "coordinates": [-83.00014545309372, 36.76450642553131]}, "properties": {"state": "VA", "cluster_id": 139, "county": "Unknown", "severity": 32, "radius_m": 229.6527349647115, "share_of_state": 0.0011293453326274925}}, {"type": "Feature", "geometry": {"type": "Point", "coordinates": [-77.4566484113437, 37.39131805928129]}, "properties": {"state": "VA", "cluster_id": 152, "county": "Unknown", "severity": 32, "radius_m": 1310.7195880936804, "share_of_state": 0.0011293453326274925}}, {"type": "Feature", "geometry": {"type": "Point", "coordinates": [-79.91363959899999, 37.07716922962506]}, "properties": {"state": "VA", "cluster_id": 173, "county": "Unknown", "severity": 32, "radius_m": 110.28613231109176, "share_of_state": 0.0011293453326274925}}, {"type": "Feature", "geometry": {"type": "Point", "coordinates": [-82.05457945299995, 36.9016996682188]}, "properties": {"state": "VA", "cluster_id": 187, "county": "Unknown", "severity": 32, "radius_m": 1418.0501087802202, "share_of_state": 0.0011293453326274925}}, {"type": "Feature", "geometry": {"type": "Point", "coordinates": [-77.53031460621871, 37.51790101487505]}, "properties": {"state": "VA", "cluster_id": 188, "county": "Unknown", "severity": 32, "radius_m": 1225.562235386786, "share_of_state": 0.0011293453326274925}}, {"type": "Feature", "geometry": {"type": "Point", "coordinates": [-77.13645797121873, 37.50975315753132]}, "properties": {"state": "VA", "cluster_id": 203, "county": "Unknown", "severity": 32, "radius_m": 100.0, "share_of_state": 0.0011293453326274925}}, {"type": "Feature", "geometry": {"type": "Point", "coordinates": [-77.98927595440621, 38.500952566093815]}, "properties": {"state": "VA", "cluster_id": 327, "county": "Unknown", "severity": 32, "radius_m": 1134.6116642756103, "share_of_state": 0.0011293453326274925}}, {"type": "Feature", "geometry": {"type": "Point", "coordinates": [-78.72621154068747, 38.3209654199688]}, "properties": {"state": "VA", "cluster_id": 388, "county": "Unknown", "severity": 32, "radius_m": 100.0, "share_of_state": 0.0011293453326274925}}, {"type": "Feature", "geometry": {"type": "Point", "coordinates": [-77.32892705351611, 37.581693133774245]}, "properties": {"state": "VA", "cluster_id": 223, "county": "Unknown", "severity": 31, "radius_m": 1217.194257938559, "share_of_state": 0.0010940532909828834}}, {"type": "Feature", "geometry": {"type": "Point", "coordinates": [-77.97978841751609, 38.44781711525812]}, "properties": {"state": "VA", "cluster_id": 233, "county": "Unknown", "severity": 31, "radius_m": 1229.0463075568068, "share_of_state": 0.0010940532909828834}}, {"type": "Feature", "geometry": {"type": "Point", "coordinates": [-80.74317369219352, 36.58174088632263]}, "properties": {"state": "VA", "cluster_id": 299, "county": "Unknown", "severity": 31, "radius_m": 1214.007309225911, "share_of_state": 0.0010940532909828834}}, {"type": "Feature", "geometry": {"type": "Point", "coordinates": [-77.94685839187095, 38.61652580535489]}, "properties": {"state": "VA", "cluster_id": 376, "county": "Unknown", "severity": 31, "radius_m": 146.69940562467355, "share_of_state": 0.0010940532909828834}}, {"type": "Feature", "geometry": {"type": "Point", "coordinates": [-80.79259124251608, 36.992758163677465]}, "properties": {"state": "VA", "cluster_id": 399, "county": "Unknown", "severity": 31, "radius_m": 1138.680674742954, "share_of_state": 0.0010940532909828834}}, {"type": "Feature", "geometry": {"type": "Point", "coordinates": [-80.05387486873332, 37.366181222300064]}, "properties": {"state": "VA", "cluster_id": 23, "county": "Unknown", "severity": 30, "radius_m": 142.06916884063358, "share_of_state": 0.0010587612493382743}}, {"type": "Feature", "geometry": {"type": "Point", "coordinates": [-77.55321910196663, 37.54670317633339]}, "properties": {"state": "VA", "cluster_id": 138, "county": "Unknown", "severity": 30, "radius_m": 1256.5071608313974, "share_of_state": 0.0010587612493382743}}, {"type": "Feature", "geometry": {"type": "Point", "coordinates": [-80.9048949817333, 36.92529950110002]}, "properties": {"state": "VA", "cluster_id": 248, "county": "Unknown", "severity": 30, "radius_m": 100.0, "share_of_state": 0.0010587612493382743}}, {"type": "Feature", "geometry": {"type": "Point", "coordinates": [-81.3337297240333, 36.89831286380008]}, "properties": {"state": "VA", "cluster_id": 288, "county": "Unknown", "severity": 30, "radius_m": 269.83520443394104, "share_of_state": 0.0010587612493382743}}, {"type": "Feature", "geometry": {"type": "Point", "coordinates": [-78.40984685113328, 38.26907970840004]}, "properties": {"state": "VA", "cluster_id": 351, "county": "Unknown", "severity": 30, "radius_m": 100.0, "share_of_state": 0.0010587612493382743}}, {"type": "Feature", "geometry": {"type": "Point", "coordinates": [-78.1113208222333, 36.71809693536673]}, "properties": {"state": "VA", "cluster_id": 357, "county": "Unknown", "severity": 30, "radius_m": 100.0, "share_of_state": 0.0010587612493382743}}, {"type": "Feature", "geometry": {"type": "Point", "coordinates": [-80.666955943931, 37.11566925893108]}, "properties": {"state": "VA", "cluster_id": 87, "county": "Unknown", "severity": 29, "radius_m": 306.3846045972881, "share_of_state": 0.0010234692076936652}}, {"type": "Feature", "geometry": {"type": "Point", "coordinates": [-77.5729706235517, 37.573709383758654]}, "properties": {"state": "VA", "cluster_id": 95, "county": "Unknown", "severity": 29, "radius_m": 1241.0566439575364, "share_of_state": 0.0010234692076936652}}, {"type": "Feature", "geometry": {"type": "Point", "coordinates": [-77.35967406210342, 37.7463985713449]}, "properties": {"state": "VA", "cluster_id": 99, "county": "Unknown", "severity": 29, "radius_m": 100.0, "share_of_state": 0.0010234692076936652}}, {"type": "Feature", "geometry": {"type": "Point", "coordinates": [-77.16291240406893, 37.701981872172475]}, "properties": {"state": "VA", "cluster_id": 235, "county": "Unknown", "severity": 29, "radius_m": 100.0, "share_of_state": 0.0010234692076936652}}, {"type": "Feature", "geometry": {"type": "Point", "coordinates": [-77.40427448044824, 37.348008885827625]}, "properties": {"state": "VA", "cluster_id": 244, "county": "Unknown", "severity": 29, "radius_m": 1022.7839823711245, "share_of_state": 0.0010234692076936652}}, {"type": "Feature", "geometry": {"type": "Point", "coordinates": [-77.68108460010342, 38.62962539617245]}, "properties": {"state": "VA", "cluster_id": 266, "county": "Unknown", "severity": 29, "radius_m": 1450.306345697081, "share_of_state": 0.0010234692076936652}}, {"type": "Feature", "geometry": {"type": "Point", "coordinates": [-77.18959398499997, 38.899971885862115]}, "properties": {"state": "VA", "cluster_id": 292, "county": "Unknown", "severity": 29, "radius_m": 267.6576556409653, "share_of_state": 0.0010234692076936652}}, {"type": "Feature", "geometry": {"type": "Point", "coordinates": [-76.71182622403445, 36.799221911724196]}, "properties": {"state": "VA", "cluster_id": 301, "county": "Unknown", "severity": 29, "radius_m": 250.23297436602402, "share_of_state": 0.0010234692076936652}}, {"type": "Feature", "geometry": {"type": "Point", "coordinates": [-77.70720211199996, 36.97745525331039]}, "properties": {"state": "VA", "cluster_id": 345, "county": "Unknown", "severity": 29, "radius_m": 1432.1331323001455, "share_of_state": 0.0010234692076936652}}, {"type": "Feature", "geometry": {"type": "Point", "coordinates": [-79.73028229582754, 37.25834447958626]}, "properties": {"state": "VA", "cluster_id": 364, "county": "Unknown", "severity": 29, "radius_m": 100.0, "share_of_state": 0.0010234692076936652}}, {"type": "Feature", "geometry": {"type": "Point", "coordinates": [-78.06988376634479, 38.51461559037936]}, "properties": {"state": "VA", "cluster_id": 414, "county": "Unknown", "severity": 29, "radius_m": 100.0, "share_of_state": 0.0010234692076936652}}, {"type": "Feature", "geometry": {"type": "Point", "coordinates": [-77.57782025306894, 37.63627208862076]}, "properties": {"state": "VA", "cluster_id": 416, "county": "Unknown", "severity": 29, "radius_m": 1515.63806003649, "share_of_state": 0.0010234692076936652}}, {"type": "Feature", "geometry": {"type": "Point", "coordinates": [-75.57550728453569, 37.83481676567863]}, "properties": {"state": "VA", "cluster_id": 122, "county": "Unknown", "severity": 28, "radius_m": 100.0, "share_of_state": 0.000988177166049056}}, {"type": "Feature", "geometry": {"type": "Point", "coordinates": [-77.69057278146424, 37.55561394400004]}, "properties": {"state": "VA", "cluster_id": 201, "county": "Unknown", "severity": 28, "radius_m": 106.68678707368774, "share_of_state": 0.000988177166049056}}, {"type": "Feature", "geometry": {"type": "Point", "coordinates": [-77.53866478271426, 37.68074829714292]}, "properties": {"state": "VA", "cluster_id": 206, "county": "Unknown", "severity": 28, "radius_m": 1290.1605476931354, "share_of_state": 0.000988177166049056}}, {"type": "Feature", "geometry": {"type": "Point", "coordinates": [-77.2221570123214, 38.279830975821476]}, "properties": {"state": "VA", "cluster_id": 231, "county": "Unknown", "severity": 28, "radius_m": 997.9675452559404, "share_of_state": 0.000988177166049056}}, {"type": "Feature", "geometry": {"type": "Point", "coordinates": [-78.21797235010713, 38.66431044325005]}, "properties": {"state": "VA", "cluster_id": 245, "county": "Unknown", "severity": 28, "radius_m": 146.50108008518237, "share_of_state": 0.000988177166049056}}, {"type": "Feature", "geometry": {"type": "Point", "coordinates": [-77.48862700699996, 37.66958330828576]}, "properties": {"state": "VA", "cluster_id": 254, "county": "Unknown", "severity": 28, "radius_m": 1133.747774506895, "share_of_state": 0.000988177166049056}}, {"type": "Feature", "geometry": {"type": "Point", "coordinates": [-79.7868514408214, 37.828140644285774]}, "properties": {"state": "VA", "cluster_id": 263, "county": "Unknown", "severity": 28, "radius_m": 100.0, "share_of_state": 0.000988177166049056}}, {"type": "Feature", "geometry": {"type": "Point", "coordinates": [-82.48662913328566, 36.93947513435719]}, "properties": {"state": "VA", "cluster_id": 283, "county": "Unknown", "severity": 28, "radius_m": 1143.3369088284987, "share_of_state": 0.000988177166049056}}, {"type": "Feature", "geometry": {"type": "Point", "coordinates": [-79.88975653746425, 36.84858508267862]}, "properties": {"state": "VA", "cluster_id": 404, "county": "Unknown", "severity": 28, "radius_m": 100.0, "share_of_state": 0.000988177166049056}}, {"type": "Feature", "geometry": {"type": "Point", "coordinates": [-80.07146233437032, 37.81312250748152]}, "properties": {"state": "VA", "cluster_id": 80, "county": "Unknown", "severity": 27, "radius_m": 250.7618354656049, "share_of_state": 0.0009528851244044468}}, {"type": "Feature", "geometry": {"type": "Point", "coordinates": [-77.65776964170367, 38.45191310603709]}, "properties": {"state": "VA", "cluster_id": 100, "county": "Unknown", "severity": 27, "radius_m": 119.80151010349977, "share_of_state": 0.0009528851244044468}}, {"type": "Feature", "geometry": {"type": "Point", "coordinates": [-77.51132121311109, 38.98781255822228]}, "properties": {"state": "VA", "cluster_id": 179, "county": "Unknown", "severity": 27, "radius_m": 1127.976009998471, "share_of_state": 0.0009528851244044468}}, {"type": "Feature", "geometry": {"type": "Point", "coordinates": [-76.65798810922219, 37.027819032222276]}, "properties": {"state": "VA", "cluster_id": 237, "county": "Unknown", "severity": 27, "radius_m": 341.36582317103, "share_of_state": 0.0009528851244044468}}, {"type": "Feature", "geometry": {"type": "Point", "coordinates": [-78.68978179066663, 37.909120423666714]}, "properties": {"state": "VA", "cluster_id": 285, "county": "Unknown", "severity": 27, "radius_m": 100.0, "share_of_state": 0.0009528851244044468}}, {"type": "Feature", "geometry": {"type": "Point", "coordinates": [-79.73094664011109, 37.384811555555615]}, "properties": {"state": "VA", "cluster_id": 296, "county": "Unknown", "severity": 27, "radius_m": 100.0, "share_of_state": 0.0009528851244044468}}, {"type": "Feature", "geometry": {"type": "Point", "coordinates": [-77.83853862685181, 37.74198119307412]}, "properties": {"state": "VA", "cluster_id": 373, "county": "Unknown", "severity": 27, "radius_m": 273.29736963890304, "share_of_state": 0.0009528851244044468}}, {"type": "Feature", "geometry": {"type": "Point", "coordinates": [-78.13235424223075, 39.189800993884674]}, "properties": {"state": "VA", "cluster_id": 63, "county": "Unknown", "severity": 26, "radius_m": 1129.9757110769701, "share_of_state": 0.0009175930827598377}}, {"type": "Feature", "geometry": {"type": "Point", "coordinates": [-78.21951387819227, 38.97634832188468]}, "properties": {"state": "VA", "cluster_id": 79, "county": "Unknown", "severity": 26, "radius_m": 100.0, "share_of_state": 0.0009175930827598377}}, {"type": "Feature", "geometry": {"type": "Point", "coordinates": [-77.36002121246152, 38.528466658730814]}, "properties": {"state": "VA", "cluster_id": 174, "county": "Unknown", "severity": 26, "radius_m": 1409.1495479473938, "share_of_state": 0.0009175930827598377}}, {"type": "Feature", "geometry": {"type": "Point", "coordinates": [-80.71558405069229, 36.789012357000054]}, "properties": {"state": "VA", "cluster_id": 236, "county": "Unknown", "severity": 26, "radius_m": 142.1828837773396, "share_of_state": 0.0009175930827598377}}, {"type": "Feature", "geometry": {"type": "Point", "coordinates": [-76.55620619799994, 36.97069139538468]}, "properties": {"state": "VA", "cluster_id": 247, "county": "Unknown", "severity": 26, "radius_m": 1081.8692876542623, "share_of_state": 0.0009175930827598377}}, {"type": "Feature", "geometry": {"type": "Point", "coordinates": [-77.3104909592692, 37.475069417461604]}, "properties": {"state": "VA", "cluster_id": 252, "county": "Unknown", "severity": 26, "radius_m": 1225.9930702180204, "share_of_state": 0.0009175930827598377}}, {"type": "Feature", "geometry": {"type": "Point", "coordinates": [-79.80511719526922, 37.27175997600005]}, "properties": {"state": "VA", "cluster_id": 282, "county": "Unknown", "severity": 26, "radius_m": 163.6853382952718, "share_of_state": 0.0009175930827598377}}, {"type": "Feature", "geometry": {"type": "Point", "coordinates": [-78.60861717376919, 38.059623596038506]}, "properties": {"state": "VA", "cluster_id": 316, "county": "Unknown", "severity": 26, "radius_m": 149.9143175119681, "share_of_state": 0.0009175930827598377}}, {"type": "Feature", "geometry": {"type": "Point", "coordinates": [-75.48932277619228, 37.91826238869234]}, "properties": {"state": "VA", "cluster_id": 326, "county": "Unknown", "severity": 26, "radius_m": 1177.8481653345125, "share_of_state": 0.0009175930827598377}}, {"type": "Feature", "geometry": {"type": "Point", "coordinates": [-77.07636708984613, 37.71860940784621]}, "properties": {"state": "VA", "cluster_id": 333, "county": "Unknown", "severity": 26, "radius_m": 100.0, "share_of_state": 0.0009175930827598377}}, {"type": "Feature", "geometry": {"type": "Point", "coordinates": [-77.93756099223077, 38.945533885500055]}, "properties": {"state": "VA", "cluster_id": 365, "county": "Unknown", "severity": 26, "radius_m": 100.0, "share_of_state": 0.0009175930827598377}}, {"type": "Feature", "geometry": {"type": "Point", "coordinates": [-82.5552245456923, 36.96821727219236]}, "properties": {"state": "VA", "cluster_id": 387, "county": "Unknown", "severity": 26, "radius_m": 100.0, "share_of_state": 0.0009175930827598377}}, {"type": "Feature", "geometry": {"type": "Point", "coordinates": [-77.69168389049996, 37.40421701176929]}, "properties": {"state": "VA", "cluster_id": 396, "county": "Unknown", "severity": 26, "radius_m": 1263.1412015533276, "share_of_state": 0.0009175930827598377}}, {"type": "Feature", "geometry": {"type": "Point", "coordinates": [-77.96525055130766, 39.1795025961539]}, "properties": {"state": "VA", "cluster_id": 406, "county": "Unknown", "severity": 26, "radius_m": 1215.4424868228728, "share_of_state": 0.0009175930827598377}}, {"type": "Feature", "geometry": {"type": "Point", "coordinates": [-77.90452105755996, 38.500881678960056]}, "properties": {"state": "VA", "cluster_id": 40, "county": "Unknown", "severity": 25, "radius_m": 1182.161831680191, "share_of_state": 0.0008823010411152286}}, {"type": "Feature", "geometry": {"type": "Point", "coordinates": [-81.93596389223998, 36.96083462760005]}, "properties": {"state": "VA", "cluster_id": 153, "county": "Unknown", "severity": 25, "radius_m": 1120.982424134748, "share_of_state": 0.0008823010411152286}}, {"type": "Feature", "geometry": {"type": "Point", "coordinates": [-78.95795228995998, 37.65924849788004]}, "properties": {"state": "VA", "cluster_id": 171, "county": "Unknown", "severity": 25, "radius_m": 180.3123222984657, "share_of_state": 0.0008823010411152286}}, {"type": "Feature", "geometry": {"type": "Point", "coordinates": [-77.31442158227998, 38.94765156344005]}, "properties": {"state": "VA", "cluster_id": 215, "county": "Unknown", "severity": 25, "radius_m": 1146.6627071874545, "share_of_state": 0.0008823010411152286}}, {"type": "Feature", "geometry": {"type": "Point", "coordinates": [-77.48929161931999, 37.96140718112007]}, "properties": {"state": "VA", "cluster_id": 225, "county": "Unknown", "severity": 25, "radius_m": 165.08446402235188, "share_of_state": 0.0008823010411152286}}, {"type": "Feature", "geometry": {"type": "Point", "coordinates": [-77.42758553691996, 38.96317198280006]}, "properties": {"state": "VA", "cluster_id": 253, "county": "Unknown", "severity": 25, "radius_m": 1240.6493902116094, "share_of_state": 0.0008823010411152286}}, {"type": "Feature", "geometry": {"type": "Point", "coordinates": [-77.24195829263996, 38.67295230816006]}, "properties": {"state": "VA", "cluster_id": 255, "county": "Unknown", "severity": 25, "radius_m": 319.4827202853731, "share_of_state": 0.0008823010411152286}}, {"type": "Feature", "geometry": {"type": "Point", "coordinates": [-77.71793551307996, 37.69570212020005]}, "properties": {"state": "VA", "cluster_id": 264, "county": "Unknown", "severity": 25, "radius_m": 100.0, "share_of_state": 0.0008823010411152286}}, {"type": "Feature", "geometry": {"type": "Point", "coordinates": [-78.26183432695998, 39.03915101064007]}, "properties": {"state": "VA", "cluster_id": 297, "county": "Unknown", "severity": 25, "radius_m": 1304.1097333922496, "share_of_state": 0.0008823010411152286}}, {"type": "Feature", "geometry": {"type": "Point", "coordinates": [-78.05222464715997, 38.41395105012004]}, "properties": {"state": "VA", "cluster_id": 305, "county": "Unknown", "severity": 25, "radius_m": 122.77317265921843, "share_of_state": 0.0008823010411152286}}, {"type": "Feature", "geometry": {"type": "Point", "coordinates": [-76.78267138579996, 37.804210105320045]}, "properties": {"state": "VA", "cluster_id": 322, "county": "Unknown", "severity": 25, "radius_m": 1211.9216494102693, "share_of_state": 0.0008823010411152286}}, {"type": "Feature", "geometry": {"type": "Point", "coordinates": [-77.40898536523997, 38.01490531580006]}, "properties": {"state": "VA", "cluster_id": 337, "county": "Unknown", "severity": 25, "radius_m": 153.67903570096357, "share_of_state": 0.0008823010411152286}}, {"type": "Feature", "geometry": {"type": "Point", "coordinates": [-77.52488267575997, 37.122566304000046]}, "properties": {"state": "VA", "cluster_id": 350, "county": "Unknown", "severity": 25, "radius_m": 100.0, "share_of_state": 0.0008823010411152286}}, {"type": "Feature", "geometry": {"type": "Point", "coordinates": [-78.23221898131997, 36.67113732452004]}, "properties": {"state": "VA", "cluster_id": 377, "county": "Unknown", "severity": 25, "radius_m": 100.0, "share_of_state": 0.0008823010411152286}}, {"type": "Feature", "geometry": {"type": "Point", "coordinates": [-75.78036263147997, 37.58833224432006]}, "properties": {"state": "VA", "cluster_id": 449, "county": "Unknown", "severity": 25, "radius_m": 1241.9758669340915, "share_of_state": 0.0008823010411152286}}, {"type": "Feature", "geometry": {"type": "Point", "coordinates": [-80.76769459124996, 37.347676564125045]}, "properties": {"state": "VA", "cluster_id": 32, "county": "Unknown", "severity": 24, "radius_m": 858.452530038571, "share_of_state": 0.0008470089994706193}}, {"type": "Feature", "geometry": {"type": "Point", "coordinates": [-78.12192554104162, 38.45258247487505]}, "properties": {"state": "VA", "cluster_id": 74, "county": "Unknown", "severity": 24, "radius_m": 213.89889933848025, "share_of_state": 0.0008470089994706193}}, {"type": "Feature", "geometry": {"type": "Point", "coordinates": [-77.53846581112496, 39.208748898333404]}, "properties": {"state": "VA", "cluster_id": 102, "county": "Unknown", "severity": 24, "radius_m": 1003.5215062332142, "share_of_state": 0.0008470089994706193}}, {"type": "Feature", "geometry": {"type": "Point", "coordinates": [-80.9176432082083, 36.6437591833334]}, "properties": {"state": "VA", "cluster_id": 127, "county": "Unknown", "severity": 24, "radius_m": 359.7347893835087, "share_of_state": 0.0008470089994706193}}, {"type": "Feature", "geometry": {"type": "Point", "coordinates": [-77.5663730777083, 37.195534087458384]}, "properties": {"state": "VA", "cluster_id": 130, "county": "Unknown", "severity": 24, "radius_m": 108.88469113987763, "share_of_state": 0.0008470089994706193}}, {"type": "Feature", "geometry": {"type": "Point", "coordinates": [-81.7997364654583, 36.76700981558339]}, "properties": {"state": "VA", "cluster_id": 161, "county": "Unknown", "severity": 24, "radius_m": 1101.5150090774175, "share_of_state": 0.0008470089994706193}}, {"type": "Feature", "geometry": {"type": "Point", "coordinates": [-80.85984051141664, 36.846942505166716]}, "properties": {"state": "VA", "cluster_id": 169, "county": "Unknown", "severity": 24, "radius_m": 299.74046315976875, "share_of_state": 0.0008470089994706193}}, {"type": "Feature", "geometry": {"type": "Point", "coordinates": [-77.68834673641662, 38.708872539625055]}, "properties": {"state": "VA", "cluster_id": 220, "county": "Unknown", "severity": 24, "radius_m": 1083.895296459197, "share_of_state": 0.0008470089994706193}}, {"type": "Feature", "geometry": {"type": "Point", "coordinates": [-78.43023756154163, 38.13974200616673]}, "properties": {"state": "VA", "cluster_id": 238, "county": "Unknown", "severity": 24, "radius_m": 100.0, "share_of_state": 0.0008470089994706193}}, {"type": "Feature", "geometry": {"type": "Point", "coordinates": [-77.39464883229164, 37.58090309220837]}, "properties": {"state": "VA", "cluster_id": 268, "county": "Unknown", "severity": 24, "radius_m": 1088.294794167206, "share_of_state": 0.0008470089994706193}}, {"type": "Feature", "geometry": {"type": "Point", "coordinates": [-78.81473518604163, 38.587920572458394]}, "properties": {"state": "VA", "cluster_id": 319, "county": "Unknown", "severity": 24, "radius_m": 100.0, "share_of_state": 0.0008470089994706193}}, {"type": "Feature", "geometry": {"type": "Point", "coordinates": [-79.05234321608332, 38.041415116833385]}, "properties": {"state": "VA", "cluster_id": 331, "county": "Unknown", "severity": 24, "radius_m": 100.0, "share_of_state": 0.0008470089994706193}}, {"type": "Feature", "geometry": {"type": "Point", "coordinates": [-77.34162177254164, 38.551159361541714]}, "properties": {"state": "VA", "cluster_id": 334, "county": "Unknown", "severity": 24, "radius_m": 931.3473350808705, "share_of_state": 0.0008470089994706193}}, {"type": "Feature", "geometry": {"type": "Point", "coordinates": [-77.53211551637499, 39.23807445258339]}, "properties": {"state": "VA", "cluster_id": 356, "county": "Unknown", "severity": 24, "radius_m": 100.0, "share_of_state": 0.0008470089994706193}}, {"type": "Feature", "geometry": {"type": "Point", "coordinates": [-76.4017792507083, 37.06136761541669]}, "properties": {"state": "VA", "cluster_id": 370, "county": "Unknown", "severity": 24, "radius_m": 1221.7350702171516, "share_of_state": 0.0008470089994706193}}, {"type": "Feature", "geometry": {"type": "Point", "coordinates": [-77.51619587237496, 38.95829330220837]}, "properties": {"state": "VA", "cluster_id": 395, "county": "Unknown", "severity": 24, "radius_m": 988.4572574868247, "share_of_state": 0.0008470089994706193}}, {"type": "Feature", "geometry": {"type": "Point", "coordinates": [-78.01992342512497, 37.109948462416725]}, "properties": {"state": "VA", "cluster_id": 410, "county": "Unknown", "severity": 24, "radius_m": 278.19047713411936, "share_of_state": 0.0008470089994706193}}, {"type": "Feature", "geometry": {"type": "Point", "coordinates": [-77.92940345187498, 37.80550751587504]}, "properties": {"state": "VA", "cluster_id": 460, "county": "Unknown", "severity": 24, "radius_m": 1244.3390442657876, "share_of_state": 0.0008470089994706193}}, {"type": "Feature", "geometry": {"type": "Point", "coordinates": [-77.72885556321735, 38.528811320043545]}, "properties": {"state": "VA", "cluster_id": 34, "county": "Unknown", "severity": 23, "radius_m": 1093.6153560286198, "share_of_state": 0.0008117169578260102}}, {"type": "Feature", "geometry": {"type": "Point", "coordinates": [-80.97809164086956, 36.88743632200005]}, "properties": {"state": "VA", "cluster_id": 42, "county": "Unknown", "severity": 23, "radius_m": 280.4956955721196, "share_of_state": 0.0008117169578260102}}, {"type": "Feature", "geometry": {"type": "Point", "coordinates": [-77.60770378191302, 39.07812400030437]}, "properties": {"state": "VA", "cluster_id": 57, "county": "Unknown", "severity": 23, "radius_m": 1161.2470609605793, "share_of_state": 0.0008117169578260102}}, {"type": "Feature", "geometry": {"type": "Point", "coordinates": [-78.30118790930433, 39.32486242947831]}, "properties": {"state": "VA", "cluster_id": 60, "county": "Unknown", "severity": 23, "radius_m": 169.235994765121, "share_of_state": 0.0008117169578260102}}, {"type": "Feature", "geometry": {"type": "Point", "coordinates": [-77.3892725201304, 38.14869873286964]}, "properties": {"state": "VA", "cluster_id": 91, "county": "Unknown", "severity": 23, "radius_m": 100.0, "share_of_state": 0.0008117169578260102}}, {"type": "Feature", "geometry": {"type": "Point", "coordinates": [-81.8635513103043, 36.755957113565266]}, "properties": {"state": "VA", "cluster_id": 136, "county": "Unknown", "severity": 23, "radius_m": 276.00807536919143, "share_of_state": 0.0008117169578260102}}, {"type": "Feature", "geometry": {"type": "Point", "coordinates": [-82.0844093883478, 36.78220763673918]}, "properties": {"state": "VA", "cluster_id": 163, "county": "Unknown", "severity": 23, "radius_m": 100.0, "share_of_state": 0.0008117169578260102}}, {"type": "Feature", "geometry": {"type": "Point", "coordinates": [-78.65358596713043, 38.69423131600006]}, "properties": {"state": "VA", "cluster_id": 205, "county": "Unknown", "severity": 23, "radius_m": 293.25442467338485, "share_of_state": 0.0008117169578260102}}, {"type": "Feature", "geometry": {"type": "Point", "coordinates": [-78.0487628366956, 37.11737850760876]}, "properties": {"state": "VA", "cluster_id": 227, "county": "Unknown", "severity": 23, "radius_m": 1305.2445851091147, "share_of_state": 0.0008117169578260102}}, {"type": "Feature", "geometry": {"type": "Point", "coordinates": [-79.94516228826087, 37.10750352034788]}, "properties": {"state": "VA", "cluster_id": 228, "county": "Unknown", "severity": 23, "radius_m": 215.86052721022352, "share_of_state": 0.0008117169578260102}}, {"type": "Feature", "geometry": {"type": "Point", "coordinates": [-81.09875506465217, 36.91734885000003]}, "properties": {"state": "VA", "cluster_id": 290, "county": "Unknown", "severity": 23, "radius_m": 100.0, "share_of_state": 0.0008117169578260102}}, {"type": "Feature", "geometry": {"type": "Point", "coordinates": [-80.91796812721738, 36.94756429052179]}, "properties": {"state": "VA", "cluster_id": 311, "county": "Unknown", "severity": 23, "radius_m": 1017.9627493900362, "share_of_state": 0.0008117169578260102}}, {"type": "Feature", "geometry": {"type": "Point", "coordinates": [-82.6525921379565, 36.92700722830439]}, "properties": {"state": "VA", "cluster_id": 321, "county": "Unknown", "severity": 23, "radius_m": 1098.4775672502608, "share_of_state": 0.0008117169578260102}}, {"type": "Feature", "geometry": {"type": "Point", "coordinates": [-75.97103224647822, 37.23529639965224]}, "properties": {"state": "VA", "cluster_id": 324, "county": "Unknown", "severity": 23, "radius_m": 130.5574820366724, "share_of_state": 0.0008117169578260102}}, {"type": "Feature", "geometry": {"type": "Point", "coordinates": [-75.60452834565213, 37.789637493521795]}, "properties": {"state": "VA", "cluster_id": 332, "county": "Unknown", "severity": 23, "radius_m": 100.0, "share_of_state": 0.0008117169578260102}}, {"type": "Feature", "geometry": {"type": "Point", "coordinates": [-77.30205230986954, 37.627402951869605]}, "properties": {"state": "VA", "cluster_id": 335, "county": "Unknown", "severity": 23, "radius_m": 1177.797638605202, "share_of_state": 0.0008117169578260102}}, {"type": "Feature", "geometry": {"type": "Point", "coordinates": [-77.4235280649565, 37.37972369065223]}, "properties": {"state": "VA", "cluster_id": 354, "county": "Unknown", "severity": 23, "radius_m": 968.5594450886349, "share_of_state": 0.0008117169578260102}}, {"type": "Feature", "geometry": {"type": "Point", "coordinates": [-78.80120600230433, 38.49591008200006]}, "properties": {"state": "VA", "cluster_id": 374, "county": "Unknown", "severity": 23, "radius_m": 283.2978945195587, "share_of_state": 0.0008117169578260102}}, {"type": "Feature", "geometry": {"type": "Point", "coordinates": [-75.55914166508693, 37.86101631882615]}, "properties": {"state": "VA", "cluster_id": 390, "county": "Unknown", "severity": 23, "radius_m": 223.2645267848263, "share_of_state": 0.0008117169578260102}}, {"type": "Feature", "geometry": {"type": "Point", "coordinates": [-79.1823937031739, 37.50028901534787]}, "properties": {"state": "VA", "cluster_id": 400, "county": "Unknown", "severity": 23, "radius_m": 100.0, "share_of_state": 0.0008117169578260102}}, {"type": "Feature", "geometry": {"type": "Point", "coordinates": [-77.86304758065215, 37.75962595434786]}, "properties": {"state": "VA", "cluster_id": 413, "county": "Unknown", "severity": 23, "radius_m": 163.42864075450404, "share_of_state": 0.0008117169578260102}}, {"type": "Feature", "geometry": {"type": "Point", "coordinates": [-78.85899520113634, 38.340339296227334]}, "properties": {"state": "VA", "cluster_id": 5, "county": "Unknown", "severity": 22, "radius_m": 310.83414597230296, "share_of_state": 0.0007764249161814011}}, {"type": "Feature", "geometry": {"type": "Point", "coordinates": [-77.98803944549996, 39.033062891772786]}, "properties": {"state": "VA", "cluster_id": 30, "county": "Unknown", "severity": 22, "radius_m": 192.1290280360011, "share_of_state": 0.0007764249161814011}}, {"type": "Feature", "geometry": {"type": "Point", "coordinates": [-80.26593497340906, 37.169596009727336]}, "properties": {"state": "VA", "cluster_id": 45, "county": "Unknown", "severity": 22, "radius_m": 100.0, "share_of_state": 0.0007764249161814011}}, {"type": "Feature", "geometry": {"type": "Point", "coordinates": [-77.61706658149996, 38.99539431036367]}, "properties": {"state": "VA", "cluster_id": 73, "county": "Unknown", "severity": 22, "radius_m": 100.0, "share_of_state": 0.0007764249161814011}}, {"type": "Feature", "geometry": {"type": "Point", "coordinates": [-79.17258371872724, 38.00149308113642]}, "properties": {"state": "VA", "cluster_id": 78, "county": "Unknown", "severity": 22, "radius_m": 200.953743071811, "share_of_state": 0.0007764249161814011}}, {"type": "Feature", "geometry": {"type": "Point", "coordinates": [-78.24888342268179, 39.19910343581825]}, "properties": {"state": "VA", "cluster_id": 165, "county": "Unknown", "severity": 22, "radius_m": 100.0, "share_of_state": 0.0007764249161814011}}, {"type": "Feature", "geometry": {"type": "Point", "coordinates": [-77.63173319590908, 37.5035279139546]}, "properties": {"state": "VA", "cluster_id": 184, "county": "Unknown", "severity": 22, "radius_m": 930.1650226761445, "share_of_state": 0.0007764249161814011}}, {"type": "Feature", "geometry": {"type": "Point", "coordinates": [-77.51774464718181, 38.80146321845459]}, "properties": {"state": "VA", "cluster_id": 190, "county": "Unknown", "severity": 22, "radius_m": 1161.9134942220887, "share_of_state": 0.0007764249161814011}}, {"type": "Feature", "geometry": {"type": "Point", "coordinates": [-77.36216841313633, 37.48314035313642]}, "properties": {"state": "VA", "cluster_id": 194, "county": "Unknown", "severity": 22, "radius_m": 1244.0514339266126, "share_of_state": 0.0007764249161814011}}, {"type": "Feature", "geometry": {"type": "Point", "coordinates": [-78.01090188636363, 39.11152552018188]}, "properties": {"state": "VA", "cluster_id": 219, "county": "Unknown", "severity": 22, "radius_m": 104.38892838194036, "share_of_state": 0.0007764249161814011}}, {"type": "Feature", "geometry": {"type": "Point", "coordinates": [-77.6662548240909, 37.63245061909095]}, "properties": {"state": "VA", "cluster_id": 257, "county": "Unknown", "severity": 22, "radius_m": 1148.9822437752125, "share_of_state": 0.0007764249161814011}}, {"type": "Feature", "geometry": {"type": "Point", "coordinates": [-80.02946131018179, 37.29617388000005]}, "properties": {"state": "VA", "cluster_id": 270, "county": "Unknown", "severity": 22, "radius_m": 1020.951117488396, "share_of_state": 0.0007764249161814011}}, {"type": "Feature", "geometry": {"type": "Point", "coordinates": [-79.24970144686364, 37.91780809031823]}, "properties": {"state": "VA", "cluster_id": 409, "county": "Unknown", "severity": 22, "radius_m": 172.4019469206025, "share_of_state": 0.0007764249161814011}}, {"type": "Feature", "geometry": {"type": "Point", "coordinates": [-79.9706170068636, 37.13910967409098]}, "properties": {"state": "VA", "cluster_id": 429, "county": "Unknown", "severity": 22, "radius_m": 929.9502587703718, "share_of_state": 0.0007764249161814011}}, {"type": "Feature", "geometry": {"type": "Point", "coordinates": [-78.27364417985711, 39.21911725300005]}, "properties": {"state": "VA", "cluster_id": 89, "county": "Unknown", "severity": 21, "radius_m": 716.7257277358375, "share_of_state": 0.000741132874536792}}, {"type": "Feature", "geometry": {"type": "Point", "coordinates": [-82.04886940742854, 36.74528523295246]}, "properties": {"state": "VA", "cluster_id": 198, "county": "Unknown", "severity": 21, "radius_m": 104.89518703602265, "share_of_state": 0.000741132874536792}}, {"type": "Feature", "geometry": {"type": "Point", "coordinates": [-77.3372020970476, 37.34134243390481]}, "properties": {"state": "VA", "cluster_id": 199, "county": "Unknown", "severity": 21, "radius_m": 926.7306683723641, "share_of_state": 0.000741132874536792}}, {"type": "Feature", "geometry": {"type": "Point", "coordinates": [-75.5448734930952, 37.89585193166674]}, "properties": {"state": "VA", "cluster_id": 209, "county": "Unknown", "severity": 21, "radius_m": 1067.6164557315976, "share_of_state": 0.000741132874536792}}, {"type": "Feature", "geometry": {"type": "Point", "coordinates": [-76.53201761247617, 36.78865061133339]}, "properties": {"state": "VA", "cluster_id": 212, "county": "Unknown", "severity": 21, "radius_m": 261.9304917523128, "share_of_state": 0.000741132874536792}}, {"type": "Feature", "geometry": {"type": "Point", "coordinates": [-77.56538296966664, 37.49536185147623]}, "properties": {"state": "VA", "cluster_id": 213, "county": "Unknown", "severity": 21, "radius_m": 851.2003573927483, "share_of_state": 0.000741132874536792}}, {"type": "Feature", "geometry": {"type": "Point", "coordinates": [-78.25679766452379, 39.27899724566673]}, "properties": {"state": "VA", "cluster_id": 272, "county": "Unknown", "severity": 21, "radius_m": 198.70886800717352, "share_of_state": 0.000741132874536792}}, {"type": "Feature", "geometry": {"type": "Point", "coordinates": [-77.60026988485713, 37.492548208523864]}, "properties": {"state": "VA", "cluster_id": 280, "county": "Unknown", "severity": 21, "radius_m": 249.44326963798483, "share_of_state": 0.000741132874536792}}, {"type": "Feature", "geometry": {"type": "Point", "coordinates": [-80.87249596780951, 36.87173633580957]}, "properties": {"state": "VA", "cluster_id": 306, "county": "Unknown", "severity": 21, "radius_m": 145.68378048735678, "share_of_state": 0.000741132874536792}}, {"type": "Feature", "geometry": {"type": "Point", "coordinates": [-81.53513735099996, 37.11076903004769]}, "properties": {"state": "VA", "cluster_id": 353, "county": "Unknown", "severity": 21, "radius_m": 118.35169366349209, "share_of_state": 0.000741132874536792}}, {"type": "Feature", "geometry": {"type": "Point", "coordinates": [-77.63395282519046, 38.86728096466671]}, "properties": {"state": "VA", "cluster_id": 359, "county": "Unknown", "severity": 21, "radius_m": 1053.2914491081997, "share_of_state": 0.000741132874536792}}, {"type": "Feature", "geometry": {"type": "Point", "coordinates": [-77.82310148985708, 36.87762205909529]}, "properties": {"state": "VA", "cluster_id": 369, "county": "Unknown", "severity": 21, "radius_m": 1193.7282819842942, "share_of_state": 0.000741132874536792}}, {"type": "Feature", "geometry": {"type": "Point", "coordinates": [-77.16678710485711, 37.496504864381]}, "properties": {"state": "VA", "cluster_id": 378, "county": "Unknown", "severity": 21, "radius_m": 137.81220234934156, "share_of_state": 0.000741132874536792}}, {"type": "Feature", "geometry": {"type": "Point", "coordinates": [-77.62875147804758, 38.90988963171434]}, "properties": {"state": "VA", "cluster_id": 389, "county": "Unknown", "severity": 21, "radius_m": 100.0, "share_of_state": 0.000741132874536792}}, {"type": "Feature", "geometry": {"type": "Point", "coordinates": [-78.14560201076188, 39.069630643047674]}, "properties": {"state": "VA", "cluster_id": 408, "county": "Unknown", "severity": 21, "radius_m": 813.4488098240712, "share_of_state": 0.000741132874536792}}, {"type": "Feature", "geometry": {"type": "Point", "coordinates": [-78.06780253971426, 39.0730784956191]}, "properties": {"state": "VA", "cluster_id": 418, "county": "Unknown", "severity": 21, "radius_m": 100.0, "share_of_state": 0.000741132874536792}}, {"type": "Feature", "geometry": {"type": "Point", "coordinates": [-82.4446996913809, 36.94484823271434]}, "properties": {"state": "VA", "cluster_id": 432, "county": "Unknown", "severity": 21, "radius_m": 152.68981816651956, "share_of_state": 0.000741132874536792}}, {"type": "Feature", "geometry": {"type": "Point", "coordinates": [-78.30625664899998, 37.99697408623814]}, "properties": {"state": "VA", "cluster_id": 446, "county": "Unknown", "severity": 21, "radius_m": 273.13632306530377, "share_of_state": 0.000741132874536792}}, {"type": "Feature", "geometry": {"type": "Point", "coordinates": [-77.35183903685, 37.15945691495005]}, "properties": {"state": "VA", "cluster_id": 49, "county": "Unknown", "severity": 20, "radius_m": 157.41790340507904, "share_of_state": 0.0007058408328921829}}, {"type": "Feature", "geometry": {"type": "Point", "coordinates": [-78.29216233934997, 39.23658825155006]}, "properties": {"state": "VA", "cluster_id": 72, "county": "Unknown", "severity": 20, "radius_m": 930.8780095058414, "share_of_state": 0.0007058408328921829}}, {"type": "Feature", "geometry": {"type": "Point", "coordinates": [-78.61726849714998, 38.45124732600006]}, "properties": {"state": "VA", "cluster_id": 85, "county": "Unknown", "severity": 20, "radius_m": 100.0, "share_of_state": 0.0007058408328921829}}, {"type": "Feature", "geometry": {"type": "Point", "coordinates": [-77.65300789059995, 37.79882985930005]}, "properties": {"state": "VA", "cluster_id": 105, "county": "Unknown", "severity": 20, "radius_m": 100.0, "share_of_state": 0.0007058408328921829}}, {"type": "Feature", "geometry": {"type": "Point", "coordinates": [-80.51851077409997, 36.717750864650064]}, "properties": {"state": "VA", "cluster_id": 234, "county": "Unknown", "severity": 20, "radius_m": 1082.4370988941275, "share_of_state": 0.0007058408328921829}}, {"type": "Feature", "geometry": {"type": "Point", "coordinates": [-77.14768347959998, 38.23820111165006]}, "properties": {"state": "VA", "cluster_id": 239, "county": "Unknown", "severity": 20, "radius_m": 266.9538400850423, "share_of_state": 0.0007058408328921829}}, {"type": "Feature", "geometry": {"type": "Point", "coordinates": [-80.51096828139998, 37.07517432330004]}, "properties": {"state": "VA", "cluster_id": 256, "county": "Unknown", "severity": 20, "radius_m": 103.63100529705844, "share_of_state": 0.0007058408328921829}}, {"type": "Feature", "geometry": {"type": "Point", "coordinates": [-76.86172780844996, 37.448089178200036]}, "properties": {"state": "VA", "cluster_id": 260, "county": "Unknown", "severity": 20, "radius_m": 989.461413789824, "share_of_state": 0.0007058408328921829}}, {"type": "Feature", "geometry": {"type": "Point", "coordinates": [-77.34216998419997, 38.86305342980007]}, "properties": {"state": "VA", "cluster_id": 293, "county": "Unknown", "severity": 20, "radius_m": 238.60079414009218, "share_of_state": 0.0007058408328921829}}, {"type": "Feature", "geometry": {"type": "Point", "coordinates": [-80.48059481804997, 36.72014488525006]}, "properties": {"state": "VA", "cluster_id": 298, "county": "Unknown", "severity": 20, "radius_m": 120.06526857031469, "share_of_state": 0.0007058408328921829}}, {"type": "Feature", "geometry": {"type": "Point", "coordinates": [-77.52227242519996, 38.08765974135006]}, "properties": {"state": "VA", "cluster_id": 304, "county": "Unknown", "severity": 20, "radius_m": 1188.6472582651134, "share_of_state": 0.0007058408328921829}}, {"type": "Feature", "geometry": {"type": "Point", "coordinates": [-77.98467873035, 37.84392411955004]}, "properties": {"state": "VA", "cluster_id": 315, "county": "Unknown", "severity": 20, "radius_m": 1079.2687038284541, "share_of_state": 0.0007058408328921829}}, {"type": "Feature", "geometry": {"type": "Point", "coordinates": [-79.87001589894996, 36.87737278150004]}, "properties": {"state": "VA", "cluster_id": 329, "county": "Unknown", "severity": 20, "radius_m": 154.1447748921739, "share_of_state": 0.0007058408328921829}}, {"type": "Feature", "geometry": {"type": "Point", "coordinates": [-77.12853782439998, 37.53333298065003]}, "properties": {"state": "VA", "cluster_id": 339, "county": "Unknown", "severity": 20, "radius_m": 100.0, "share_of_state": 0.0007058408328921829}}, {"type": "Feature", "geometry": {"type": "Point", "coordinates": [-78.90907609584995, 38.117302172200056]}, "properties": {"state": "VA", "cluster_id": 348, "county": "Unknown", "severity": 20, "radius_m": 100.0, "share_of_state": 0.0007058408328921829}}, {"type": "Feature", "geometry": {"type": "Point", "coordinates": [-80.32297996394996, 37.16105423975005]}, "properties": {"state": "VA", "cluster_id": 379, "county": "Unknown", "severity": 20, "radius_m": 1082.800711509901, "share_of_state": 0.0007058408328921829}}, {"type": "Feature", "geometry": {"type": "Point", "coordinates": [-78.21189955479996, 38.41006524845005]}, "properties": {"state": "VA", "cluster_id": 391, "county": "Unknown", "severity": 20, "radius_m": 100.0, "share_of_state": 0.0007058408328921829}}, {"type": "Feature", "geometry": {"type": "Point", "coordinates": [-76.57635060769998, 37.207855246550075]}, "properties": {"state": "VA", "cluster_id": 394, "county": "Unknown", "severity": 20, "radius_m": 891.088632863952, "share_of_state": 0.0007058408328921829}}, {"type": "Feature", "geometry": {"type": "Point", "coordinates": [-79.93779067939997, 37.187334318150064]}, "properties": {"state": "VA", "cluster_id": 401, "county": "Unknown", "severity": 20, "radius_m": 112.26185321703697, "share_of_state": 0.0007058408328921829}}, {"type": "Feature", "geometry": {"type": "Point", "coordinates": [-77.51805880009996, 37.60895596670005]}, "properties": {"state": "VA", "cluster_id": 421, "county": "Unknown", "severity": 20, "radius_m": 952.7700558519643, "share_of_state": 0.0007058408328921829}}, {"type": "Feature", "geometry": {"type": "Point", "coordinates": [-76.73145044684999, 37.35207106015006]}, "properties": {"state": "VA", "cluster_id": 448, "county": "Unknown", "severity": 20, "radius_m": 928.2391601824947, "share_of_state": 0.0007058408328921829}}, {"type": "Feature", "geometry": {"type": "Point", "coordinates": [-78.64532180589468, 38.06105090494744]}, "properties": {"state": "VA", "cluster_id": 128, "county": "Unknown", "severity": 19, "radius_m": 103.62624749242141, "share_of_state": 0.0006705487912475736}}, {"type": "Feature", "geometry": {"type": "Point", "coordinates": [-79.46189513163158, 37.7996338424211]}, "properties": {"state": "VA", "cluster_id": 150, "county": "Unknown", "severity": 19, "radius_m": 100.0, "share_of_state": 0.0006705487912475736}}, {"type": "Feature", "geometry": {"type": "Point", "coordinates": [-80.88582832694733, 36.950133130947414]}, "properties": {"state": "VA", "cluster_id": 202, "county": "Unknown", "severity": 19, "radius_m": 245.04974539487287, "share_of_state": 0.0006705487912475736}}, {"type": "Feature", "geometry": {"type": "Point", "coordinates": [-79.43845123231576, 37.364377994789514]}, "properties": {"state": "VA", "cluster_id": 214, "county": "Unknown", "severity": 19, "radius_m": 100.0, "share_of_state": 0.0006705487912475736}}, {"type": "Feature", "geometry": {"type": "Point", "coordinates": [-77.74483149815788, 38.59678133468427]}, "properties": {"state": "VA", "cluster_id": 241, "county": "Unknown", "severity": 19, "radius_m": 100.0, "share_of_state": 0.0006705487912475736}}, {"type": "Feature", "geometry": {"type": "Point", "coordinates": [-81.97060987810524, 36.9358201745264]}, "properties": {"state": "VA", "cluster_id": 291, "county": "Unknown", "severity": 19, "radius_m": 100.0, "share_of_state": 0.0006705487912475736}}, {"type": "Feature", "geometry": {"type": "Point", "coordinates": [-82.7571635550526, 36.856908926894796]}, "properties": {"state": "VA", "cluster_id": 294, "county": "Unknown", "severity": 19, "radius_m": 957.0120480701413, "share_of_state": 0.0006705487912475736}}, {"type": "Feature", "geometry": {"type": "Point", "coordinates": [-77.01609957147366, 37.43684603594741]}, "properties": {"state": "VA", "cluster_id": 300, "county": "Unknown", "severity": 19, "radius_m": 100.0, "share_of_state": 0.0006705487912475736}}, {"type": "Feature", "geometry": {"type": "Point", "coordinates": [-80.71708846399997, 37.24061312973689]}, "properties": {"state": "VA", "cluster_id": 308, "county": "Unknown", "severity": 19, "radius_m": 201.03952051995788, "share_of_state": 0.0006705487912475736}}, {"type": "Feature", "geometry": {"type": "Point", "coordinates": [-77.35075995531575, 37.55069442821059]}, "properties": {"state": "VA", "cluster_id": 313, "county": "Unknown", "severity": 19, "radius_m": 275.82446607059404, "share_of_state": 0.0006705487912475736}}, {"type": "Feature", "geometry": {"type": "Point", "coordinates": [-76.52352196173679, 36.95939755484215]}, "properties": {"state": "VA", "cluster_id": 314, "county": "Unknown", "severity": 19, "radius_m": 159.03046885508786, "share_of_state": 0.0006705487912475736}}, {"type": "Feature", "geometry": {"type": "Point", "coordinates": [-78.38775430894735, 38.238965662631635]}, "properties": {"state": "VA", "cluster_id": 347, "county": "Unknown", "severity": 19, "radius_m": 214.48241030579106, "share_of_state": 0.0006705487912475736}}, {"type": "Feature", "geometry": {"type": "Point", "coordinates": [-78.25019205147366, 37.992472219631644]}, "properties": {"state": "VA", "cluster_id": 368, "county": "Unknown", "severity": 19, "radius_m": 142.38404379049928, "share_of_state": 0.0006705487912475736}}, {"type": "Feature", "geometry": {"type": "Point", "coordinates": [-79.38134041363156, 37.74541153952636]}, "properties": {"state": "VA", "cluster_id": 411, "county": "Unknown", "severity": 19, "radius_m": 1049.6299522288348, "share_of_state": 0.0006705487912475736}}, {"type": "Feature", "geometry": {"type": "Point", "coordinates": [-79.94246804147365, 37.28373071684216]}, "properties": {"state": "VA", "cluster_id": 445, "county": "Unknown", "severity": 19, "radius_m": 771.0297301580754, "share_of_state": 0.0006705487912475736}}, {"type": "Feature", "geometry": {"type": "Point", "coordinates": [-76.64351129142104, 36.98437685042111]}, "properties": {"state": "VA", "cluster_id": 452, "county": "Unknown", "severity": 19, "radius_m": 195.48893774526948, "share_of_state": 0.0006705487912475736}}, {"type": "Feature", "geometry": {"type": "Point", "coordinates": [-80.00770783547367, 37.29487867447375]}, "properties": {"state": "VA", "cluster_id": 475, "county": "Unknown", "severity": 19, "radius_m": 976.9917007700881, "share_of_state": 0.0006705487912475736}}, {"type": "Feature", "geometry": {"type": "Point", "coordinates": [-77.49123566255554, 37.43598100172228]}, "properties": {"state": "VA", "cluster_id": 43, "county": "Unknown", "severity": 18, "radius_m": 204.9017281307457, "share_of_state": 0.0006352567496029645}}, {"type": "Feature", "geometry": {"type": "Point", "coordinates": [-79.0979249862222, 38.04274616288896]}, "properties": {"state": "VA", "cluster_id": 97, "county": "Unknown", "severity": 18, "radius_m": 236.37540728924458, "share_of_state": 0.0006352567496029645}}, {"type": "Feature", "geometry": {"type": "Point", "coordinates": [-76.49703006566664, 36.903036055944504]}, "properties": {"state": "VA", "cluster_id": 168, "county": "Unknown", "severity": 18, "radius_m": 168.16385791237738, "share_of_state": 0.0006352567496029645}}, {"type": "Feature", "geometry": {"type": "Point", "coordinates": [-77.74103276261107, 39.207454858333385]}, "properties": {"state": "VA", "cluster_id": 229, "county": "Unknown", "severity": 18, "radius_m": 847.13436483363, "share_of_state": 0.0006352567496029645}}, {"type": "Feature", "geometry": {"type": "Point", "coordinates": [-77.32112725272216, 38.256280578666725]}, "properties": {"state": "VA", "cluster_id": 240, "county": "Unknown", "severity": 18, "radius_m": 191.6411068880266, "share_of_state": 0.0006352567496029645}}, {"type": "Feature", "geometry": {"type": "Point", "coordinates": [-78.56360377977774, 38.052598349777824]}, "properties": {"state": "VA", "cluster_id": 265, "county": "Unknown", "severity": 18, "radius_m": 100.0, "share_of_state": 0.0006352567496029645}}, {"type": "Feature", "geometry": {"type": "Point", "coordinates": [-80.73967940611107, 37.21765910116673]}, "properties": {"state": "VA", "cluster_id": 269, "county": "Unknown", "severity": 18, "radius_m": 685.9675261492835, "share_of_state": 0.0006352567496029645}}, {"type": "Feature", "geometry": {"type": "Point", "coordinates": [-80.73773145283332, 36.60991878983337]}, "properties": {"state": "VA", "cluster_id": 271, "county": "Unknown", "severity": 18, "radius_m": 108.07095784243485, "share_of_state": 0.0006352567496029645}}, {"type": "Feature", "geometry": {"type": "Point", "coordinates": [-78.27080835644442, 37.852536852388944]}, "properties": {"state": "VA", "cluster_id": 275, "county": "Unknown", "severity": 18, "radius_m": 879.2180890176315, "share_of_state": 0.0006352567496029645}}, {"type": "Feature", "geometry": {"type": "Point", "coordinates": [-79.83035977733331, 37.06293414266673]}, "properties": {"state": "VA", "cluster_id": 276, "county": "Unknown", "severity": 18, "radius_m": 100.0, "share_of_state": 0.0006352567496029645}}, {"type": "Feature", "geometry": {"type": "Point", "coordinates": [-76.55329102949997, 36.766384042333385]}, "properties": {"state": "VA", "cluster_id": 310, "county": "Unknown", "severity": 18, "radius_m": 192.12906625959755, "share_of_state": 0.0006352567496029645}}, {"type": "Feature", "geometry": {"type": "Point", "coordinates": [-78.95205067027774, 38.26540161350005]}, "properties": {"state": "VA", "cluster_id": 320, "county": "Unknown", "severity": 18, "radius_m": 722.1628008963545, "share_of_state": 0.0006352567496029645}}, {"type": "Feature", "geometry": {"type": "Point", "coordinates": [-77.72269916555553, 39.28777887950005]}, "properties": {"state": "VA", "cluster_id": 349, "county": "Unknown", "severity": 18, "radius_m": 100.0, "share_of_state": 0.0006352567496029645}}, {"type": "Feature", "geometry": {"type": "Point", "coordinates": [-77.28412419744444, 38.65679889066673]}, "properties": {"state": "VA", "cluster_id": 352, "county": "Unknown", "severity": 18, "radius_m": 962.993633744612, "share_of_state": 0.0006352567496029645}}, {"type": "Feature", "geometry": {"type": "Point", "coordinates": [-76.77906997999997, 37.11217083994451]}, "properties": {"state": "VA", "cluster_id": 366, "county": "Unknown", "severity": 18, "radius_m": 143.64654991121455, "share_of_state": 0.0006352567496029645}}, {"type": "Feature", "geometry": {"type": "Point", "coordinates": [-80.52202999227774, 37.04525686372227]}, "properties": {"state": "VA", "cluster_id": 380, "county": "Unknown", "severity": 18, "radius_m": 378.71131494572137, "share_of_state": 0.0006352567496029645}}, {"type": "Feature", "geometry": {"type": "Point", "coordinates": [-82.24975950672221, 36.83589952094447]}, "properties": {"state": "VA", "cluster_id": 382, "county": "Unknown", "severity": 18, "radius_m": 763.9560716175914, "share_of_state": 0.0006352567496029645}}, {"type": "Feature", "geometry": {"type": "Point", "coordinates": [-82.82346218105553, 36.83035110127784]}, "properties": {"state": "VA", "cluster_id": 384, "county": "Unknown", "severity": 18, "radius_m": 100.0, "share_of_state": 0.0006352567496029645}}, {"type": "Feature", "geometry": {"type": "Point", "coordinates": [-76.36833190811107, 37.031502174833385]}, "properties": {"state": "VA", "cluster_id": 402, "county": "Unknown", "severity": 18, "radius_m": 780.1531096906274, "share_of_state": 0.0006352567496029645}}, {"type": "Feature", "geometry": {"type": "Point", "coordinates": [-78.35602240333333, 38.26132109005562]}, "properties": {"state": "VA", "cluster_id": 403, "county": "Unknown", "severity": 18, "radius_m": 100.0, "share_of_state": 0.0006352567496029645}}, {"type": "Feature", "geometry": {"type": "Point", "coordinates": [-82.30170041999999, 36.8741095427778]}, "properties": {"state": "VA", "cluster_id": 412, "county": "Unknown", "severity": 18, "radius_m": 1065.344714543243, "share_of_state": 0.0006352567496029645}}, {"type": "Feature", "geometry": {"type": "Point", "coordinates": [-76.71900265977776, 36.896418484555596]}, "properties": {"state": "VA", "cluster_id": 415, "county": "Unknown", "severity": 18, "radius_m": 185.42199978460965, "share_of_state": 0.0006352567496029645}}, {"type": "Feature", "geometry": {"type": "Point", "coordinates": [-78.02260113166663, 39.17277258727783]}, "properties": {"state": "VA", "cluster_id": 420, "county": "Unknown", "severity": 18, "radius_m": 322.4304937816153, "share_of_state": 0.0006352567496029645}}, {"type": "Feature", "geometry": {"type": "Point", "coordinates": [-78.70341948672221, 38.61806883322227]}, "properties": {"state": "VA", "cluster_id": 426, "county": "Unknown", "severity": 18, "radius_m": 832.7683034700426, "share_of_state": 0.0006352567496029645}}, {"type": "Feature", "geometry": {"type": "Point", "coordinates": [-81.1031782127222, 37.23790978700003]}, "properties": {"state": "VA", "cluster_id": 439, "county": "Unknown", "severity": 18, "radius_m": 141.68412291499112, "share_of_state": 0.0006352567496029645}}, {"type": "Feature", "geometry": {"type": "Point", "coordinates": [-76.52621312588884, 37.139933894444496]}, "properties": {"state": "VA", "cluster_id": 468, "county": "Unknown", "severity": 18, "radius_m": 997.2657923499992, "share_of_state": 0.0006352567496029645}}, {"type": "Feature", "geometry": {"type": "Point", "coordinates": [-78.00225234464706, 38.46075092941181]}, "properties": {"state": "VA", "cluster_id": 54, "county": "Unknown", "severity": 17, "radius_m": 562.908528988649, "share_of_state": 0.0005999647079583554}}, {"type": "Feature", "geometry": {"type": "Point", "coordinates": [-80.92166910588234, 36.6156786648824]}, "properties": {"state": "VA", "cluster_id": 176, "county": "Unknown", "severity": 17, "radius_m": 376.96484476808223, "share_of_state": 0.0005999647079583554}}, {"type": "Feature", "geometry": {"type": "Point", "coordinates": [-75.91446844123527, 37.39165225858827]}, "properties": {"state": "VA", "cluster_id": 287, "county": "Unknown", "severity": 17, "radius_m": 322.3278653620215, "share_of_state": 0.0005999647079583554}}, {"type": "Feature", "geometry": {"type": "Point", "coordinates": [-76.69174072694113, 36.92152520435298]}, "properties": {"state": "VA", "cluster_id": 318, "county": "Unknown", "severity": 17, "radius_m": 346.49876114603427, "share_of_state": 0.0005999647079583554}}, {"type": "Feature", "geometry": {"type": "Point", "coordinates": [-79.79783952599999, 37.66426453594121]}, "properties": {"state": "VA", "cluster_id": 340, "county": "Unknown", "severity": 17, "radius_m": 235.84260626331977, "share_of_state": 0.0005999647079583554}}, {"type": "Feature", "geometry": {"type": "Point", "coordinates": [-77.7064454448235, 38.32194852835301]}, "properties": {"state": "VA", "cluster_id": 341, "county": "Unknown", "severity": 17, "radius_m": 100.0, "share_of_state": 0.0005999647079583554}}, {"type": "Feature", "geometry": {"type": "Point", "coordinates": [-76.58838976588231, 36.592365728411835]}, "properties": {"state": "VA", "cluster_id": 342, "county": "Unknown", "severity": 17, "radius_m": 241.67452627507734, "share_of_state": 0.0005999647079583554}}, {"type": "Feature", "geometry": {"type": "Point", "coordinates": [-77.33649019870586, 37.476400864000034]}, "properties": {"state": "VA", "cluster_id": 355, "county": "Unknown", "severity": 17, "radius_m": 621.9704545293097, "share_of_state": 0.0005999647079583554}}, {"type": "Feature", "geometry": {"type": "Point", "coordinates": [-82.21980971441174, 36.84037185823535]}, "properties": {"state": "VA", "cluster_id": 383, "county": "Unknown", "severity": 17, "radius_m": 868.7266262181123, "share_of_state": 0.0005999647079583554}}, {"type": "Feature", "geometry": {"type": "Point", "coordinates": [-80.3881669895882, 37.09068905841181]}, "properties": {"state": "VA", "cluster_id": 423, "county": "Unknown", "severity": 17, "radius_m": 157.39827796805793, "share_of_state": 0.0005999647079583554}}, {"type": "Feature", "geometry": {"type": "Point", "coordinates": [-76.91352006576466, 37.47833722200006]}, "properties": {"state": "VA", "cluster_id": 428, "county": "Unknown", "severity": 17, "radius_m": 908.8954295374992, "share_of_state": 0.0005999647079583554}}, {"type": "Feature", "geometry": {"type": "Point", "coordinates": [-76.94232754541174, 37.503058052235346]}, "properties": {"state": "VA", "cluster_id": 431, "county": "Unknown", "severity": 17, "radius_m": 188.86481832421188, "share_of_state": 0.0005999647079583554}}, {"type": "Feature", "geometry": {"type": "Point", "coordinates": [-80.7010788520588, 37.33409345223534]}, "properties": {"state": "VA", "cluster_id": 438, "county": "Unknown", "severity": 17, "radius_m": 181.39512854973012, "share_of_state": 0.0005999647079583554}}, {"type": "Feature", "geometry": {"type": "Point", "coordinates": [-77.7685076281176, 38.585552614235354]}, "properties": {"state": "VA", "cluster_id": 441, "county": "Unknown", "severity": 17, "radius_m": 933.6829930048385, "share_of_state": 0.0005999647079583554}}, {"type": "Feature", "geometry": {"type": "Point", "coordinates": [-81.02124248376468, 36.614717723529466]}, "properties": {"state": "VA", "cluster_id": 456, "county": "Unknown", "severity": 17, "radius_m": 198.88354982352126, "share_of_state": 0.0005999647079583554}}, {"type": "Feature", "geometry": {"type": "Point", "coordinates": [-81.07280969143747, 36.62047994862506]}, "properties": {"state": "VA", "cluster_id": 155, "county": "Unknown", "severity": 16, "radius_m": 828.8313625555169, "share_of_state": 0.0005646726663137463}}, {"type": "Feature", "geometry": {"type": "Point", "coordinates": [-80.87906530568748, 36.903864253062565]}, "properties": {"state": "VA", "cluster_id": 232, "county": "Unknown", "severity": 16, "radius_m": 100.0, "share_of_state": 0.0005646726663137463}}, {"type": "Feature", "geometry": {"type": "Point", "coordinates": [-77.26449629037495, 37.40496383968754]}, "properties": {"state": "VA", "cluster_id": 251, "county": "Unknown", "severity": 16, "radius_m": 836.5063591851097, "share_of_state": 0.0005646726663137463}}, {"type": "Feature", "geometry": {"type": "Point", "coordinates": [-79.95324606718745, 37.157121318125064]}, "properties": {"state": "VA", "cluster_id": 273, "county": "Unknown", "severity": 16, "radius_m": 178.1987302773895, "share_of_state": 0.0005646726663137463}}, {"type": "Feature", "geometry": {"type": "Point", "coordinates": [-78.28304783937497, 39.30393782343755]}, "properties": {"state": "VA", "cluster_id": 367, "county": "Unknown", "severity": 16, "radius_m": 180.60249959669505, "share_of_state": 0.0005646726663137463}}, {"type": "Feature", "geometry": {"type": "Point", "coordinates": [-76.63373428931246, 36.78201440262505]}, "properties": {"state": "VA", "cluster_id": 371, "county": "Unknown", "severity": 16, "radius_m": 781.7325771062141, "share_of_state": 0.0005646726663137463}}, {"type": "Feature", "geometry": {"type": "Point", "coordinates": [-78.14812547956248, 39.04172024718755]}, "properties": {"state": "VA", "cluster_id": 385, "county": "Unknown", "severity": 16, "radius_m": 100.08273221031155, "share_of_state": 0.0005646726663137463}}, {"type": "Feature", "geometry": {"type": "Point", "coordinates": [-82.13012361324996, 37.310150124937564]}, "properties": {"state": "VA", "cluster_id": 392, "county": "Unknown", "severity": 16, "radius_m": 100.0, "share_of_state": 0.0005646726663137463}}, {"type": "Feature", "geometry": {"type": "Point", "coordinates": [-80.06476653662499, 37.28622626400005]}, "properties": {"state": "VA", "cluster_id": 393, "county": "Unknown", "severity": 16, "radius_m": 703.0745177103247, "share_of_state": 0.0005646726663137463}}, {"type": "Feature", "geometry": {"type": "Point", "coordinates": [-78.22365623112496, 37.27694914000006]}, "properties": {"state": "VA", "cluster_id": 407, "county": "Unknown", "severity": 16, "radius_m": 100.0, "share_of_state": 0.0005646726663137463}}, {"type": "Feature", "geometry": {"type": "Point", "coordinates": [-77.08705152593747, 38.332278525875054]}, "properties": {"state": "VA", "cluster_id": 419, "county": "Unknown", "severity": 16, "radius_m": 844.9612000121876, "share_of_state": 0.0005646726663137463}}, {"type": "Feature", "geometry": {"type": "Point", "coordinates": [-78.85822041231249, 38.47417495062504]}, "properties": {"state": "VA", "cluster_id": 433, "county": "Unknown", "severity": 16, "radius_m": 945.0223107381479, "share_of_state": 0.0005646726663137463}}, {"type": "Feature", "geometry": {"type": "Point", "coordinates": [-77.68958659756248, 37.429152233250036]}, "properties": {"state": "VA", "cluster_id": 437, "county": "Unknown", "severity": 16, "radius_m": 743.9018435319499, "share_of_state": 0.0005646726663137463}}, {"type": "Feature", "geometry": {"type": "Point", "coordinates": [-77.49370778287496, 38.72268771931254]}, "properties": {"state": "VA", "cluster_id": 442, "county": "Unknown", "severity": 16, "radius_m": 100.0, "share_of_state": 0.0005646726663137463}}, {"type": "Feature", "geometry": {"type": "Point", "coordinates": [-77.57405667818746, 36.71365987412506]}, "properties": {"state": "VA", "cluster_id": 447, "county": "Unknown", "severity": 16, "radius_m": 297.91796293750167, "share_of_state": 0.0005646726663137463}}, {"type": "Feature", "geometry": {"type": "Point", "coordinates": [-81.18660113831245, 36.93035702168756]}, "properties": {"state": "VA", "cluster_id": 454, "county": "Unknown", "severity": 16, "radius_m": 183.33611989503504, "share_of_state": 0.0005646726663137463}}, {"type": "Feature", "geometry": {"type": "Point", "coordinates": [-77.55680583918743, 36.66738885656254]}, "properties": {"state": "VA", "cluster_id": 457, "county": "Unknown", "severity": 16, "radius_m": 825.6616066728975, "share_of_state": 0.0005646726663137463}}, {"type": "Feature", "geometry": {"type": "Point", "coordinates": [-77.74141385275, 36.93400083693756]}, "properties": {"state": "VA", "cluster_id": 461, "county": "Unknown", "severity": 16, "radius_m": 224.31809000475073, "share_of_state": 0.0005646726663137463}}, {"type": "Feature", "geometry": {"type": "Point", "coordinates": [-81.83235781949998, 36.76292042668756]}, "properties": {"state": "VA", "cluster_id": 464, "county": "Unknown", "severity": 16, "radius_m": 846.4404347842303, "share_of_state": 0.0005646726663137463}}, {"type": "Feature", "geometry": {"type": "Point", "coordinates": [-76.45705332724995, 37.13048524262506]}, "properties": {"state": "VA", "cluster_id": 491, "county": "Unknown", "severity": 16, "radius_m": 103.13467456407197, "share_of_state": 0.0005646726663137463}}, {"type": "Feature", "geometry": {"type": "Point", "coordinates": [-78.11529686226663, 37.94228707460006]}, "properties": {"state": "VA", "cluster_id": 24, "county": "Unknown", "severity": 15, "radius_m": 804.8928355571458, "share_of_state": 0.0005293806246691371}}, {"type": "Feature", "geometry": {"type": "Point", "coordinates": [-77.47716359433329, 37.94045239446671]}, "properties": {"state": "VA", "cluster_id": 114, "county": "Unknown", "severity": 15, "radius_m": 900.3482690618349, "share_of_state": 0.0005293806246691371}}, {"type": "Feature", "geometry": {"type": "Point", "coordinates": [-77.19726961386662, 38.95117899380006]}, "properties": {"state": "VA", "cluster_id": 186, "county": "Unknown", "severity": 15, "radius_m": 640.8687577893271, "share_of_state": 0.0005293806246691371}}, {"type": "Feature", "geometry": {"type": "Point", "coordinates": [-77.3621497113333, 39.026785760466716]}, "properties": {"state": "VA", "cluster_id": 200, "county": "Unknown", "severity": 15, "radius_m": 100.0, "share_of_state": 0.0005293806246691371}}, {"type": "Feature", "geometry": {"type": "Point", "coordinates": [-77.69570251013329, 38.50242360526674]}, "properties": {"state": "VA", "cluster_id": 222, "county": "Unknown", "severity": 15, "radius_m": 239.337900200184, "share_of_state": 0.0005293806246691371}}, {"type": "Feature", "geometry": {"type": "Point", "coordinates": [-79.21276419213332, 37.94864897880004]}, "properties": {"state": "VA", "cluster_id": 284, "county": "Unknown", "severity": 15, "radius_m": 100.0, "share_of_state": 0.0005293806246691371}}, {"type": "Feature", "geometry": {"type": "Point", "coordinates": [-78.92913371099995, 38.153416222866696]}, "properties": {"state": "VA", "cluster_id": 303, "county": "Unknown", "severity": 15, "radius_m": 844.8334351841172, "share_of_state": 0.0005293806246691371}}, {"type": "Feature", "geometry": {"type": "Point", "coordinates": [-76.59482734959997, 36.708714396333384]}, "properties": {"state": "VA", "cluster_id": 317, "county": "Unknown", "severity": 15, "radius_m": 100.0, "share_of_state": 0.0005293806246691371}}, {"type": "Feature", "geometry": {"type": "Point", "coordinates": [-80.56486725239999, 37.212773183533386]}, "properties": {"state": "VA", "cluster_id": 323, "county": "Unknown", "severity": 15, "radius_m": 100.0, "share_of_state": 0.0005293806246691371}}, {"type": "Feature", "geometry": {"type": "Point", "coordinates": [-77.57596214359997, 37.67335577806672]}, "properties": {"state": "VA", "cluster_id": 330, "county": "Unknown", "severity": 15, "radius_m": 196.77418975695383, "share_of_state": 0.0005293806246691371}}, {"type": "Feature", "geometry": {"type": "Point", "coordinates": [-79.04023679333332, 37.37587454206672]}, "properties": {"state": "VA", "cluster_id": 358, "county": "Unknown", "severity": 15, "radius_m": 100.0, "share_of_state": 0.0005293806246691371}}, {"type": "Feature", "geometry": {"type": "Point", "coordinates": [-82.00289449066663, 37.21046825860005]}, "properties": {"state": "VA", "cluster_id": 361, "county": "Unknown", "severity": 15, "radius_m": 176.27946765066233, "share_of_state": 0.0005293806246691371}}, {"type": "Feature", "geometry": {"type": "Point", "coordinates": [-78.09663779093329, 37.93285097120007]}, "properties": {"state": "VA", "cluster_id": 362, "county": "Unknown", "severity": 15, "radius_m": 736.9927093636834, "share_of_state": 0.0005293806246691371}}, {"type": "Feature", "geometry": {"type": "Point", "coordinates": [-80.55752664006664, 36.71520582580005]}, "properties": {"state": "VA", "cluster_id": 372, "county": "Unknown", "severity": 15, "radius_m": 106.65304378480634, "share_of_state": 0.0005293806246691371}}, {"type": "Feature", "geometry": {"type": "Point", "coordinates": [-78.17539155313331, 38.151989539333385]}, "properties": {"state": "VA", "cluster_id": 375, "county": "Unknown", "severity": 15, "radius_m": 100.0, "share_of_state": 0.0005293806246691371}}, {"type": "Feature", "geometry": {"type": "Point", "coordinates": [-78.64423783193332, 37.96564988780007]}, "properties": {"state": "VA", "cluster_id": 381, "county": "Unknown", "severity": 15, "radius_m": 100.0, "share_of_state": 0.0005293806246691371}}, {"type": "Feature", "geometry": {"type": "Point", "coordinates": [-78.43620547839996, 38.70828864006673]}, "properties": {"state": "VA", "cluster_id": 386, "county": "Unknown", "severity": 15, "radius_m": 205.5661773246597, "share_of_state": 0.0005293806246691371}}, {"type": "Feature", "geometry": {"type": "Point", "coordinates": [-80.90786031479996, 36.5780013451334]}, "properties": {"state": "VA", "cluster_id": 397, "county": "Unknown", "severity": 15, "radius_m": 160.4081903782311, "share_of_state": 0.0005293806246691371}}, {"type": "Feature", "geometry": {"type": "Point", "coordinates": [-76.70008321893334, 36.701282057666724]}, "properties": {"state": "VA", "cluster_id": 424, "county": "Unknown", "severity": 15, "radius_m": 100.0, "share_of_state": 0.0005293806246691371}}, {"type": "Feature", "geometry": {"type": "Point", "coordinates": [-77.84415072366662, 37.14477090046671]}, "properties": {"state": "VA", "cluster_id": 425, "county": "Unknown", "severity": 15, "radius_m": 100.0, "share_of_state": 0.0005293806246691371}}, {"type": "Feature", "geometry": {"type": "Point", "coordinates": [-77.31418416619998, 37.4580264236667]}, "properties": {"state": "VA", "cluster_id": 430, "county": "Unknown", "severity": 15, "radius_m": 611.4988382187908, "share_of_state": 0.0005293806246691371}}, {"type": "Feature", "geometry": {"type": "Point", "coordinates": [-80.67598106526664, 37.32839923713339]}, "properties": {"state": "VA", "cluster_id": 434, "county": "Unknown", "severity": 15, "radius_m": 165.28610116752463, "share_of_state": 0.0005293806246691371}}, {"type": "Feature", "geometry": {"type": "Point", "coordinates": [-78.21329265179997, 37.19249787726672]}, "properties": {"state": "VA", "cluster_id": 435, "county": "Unknown", "severity": 15, "radius_m": 263.6493957665095, "share_of_state": 0.0005293806246691371}}, {"type": "Feature", "geometry": {"type": "Point", "coordinates": [-79.00707643926664, 37.36228388886671]}, "properties": {"state": "VA", "cluster_id": 436, "county": "Unknown", "severity": 15, "radius_m": 150.83202017456153, "share_of_state": 0.0005293806246691371}}, {"type": "Feature", "geometry": {"type": "Point", "coordinates": [-76.61575820106665, 36.74387291360006]}, "properties": {"state": "VA", "cluster_id": 440, "county": "Unknown", "severity": 15, "radius_m": 813.0353424763613, "share_of_state": 0.0005293806246691371}}, {"type": "Feature", "geometry": {"type": "Point", "coordinates": [-77.38730049733331, 37.65398998440005]}, "properties": {"state": "VA", "cluster_id": 444, "county": "Unknown", "severity": 15, "radius_m": 633.7895225699267, "share_of_state": 0.0005293806246691371}}, {"type": "Feature", "geometry": {"type": "Point", "coordinates": [-82.57023579806665, 36.64134471540005]}, "properties": {"state": "VA", "cluster_id": 450, "county": "Unknown", "severity": 15, "radius_m": 743.2885924445013, "share_of_state": 0.0005293806246691371}}, {"type": "Feature", "geometry": {"type": "Point", "coordinates": [-80.35603868166665, 36.94499823400007]}, "properties": {"state": "VA", "cluster_id": 451, "county": "Unknown", "severity": 15, "radius_m": 107.64930921471405, "share_of_state": 0.0005293806246691371}}, {"type": "Feature", "geometry": {"type": "Point", "coordinates": [-77.05274665166667, 38.27116752700006]}, "properties": {"state": "VA", "cluster_id": 455, "county": "Unknown", "severity": 15, "radius_m": 770.9976317560393, "share_of_state": 0.0005293806246691371}}, {"type": "Feature", "geometry": {"type": "Point", "coordinates": [-76.50874250666666, 37.09857747140004]}, "properties": {"state": "VA", "cluster_id": 459, "county": "Unknown", "severity": 15, "radius_m": 105.4616056303674, "share_of_state": 0.0005293806246691371}}, {"type": "Feature", "geometry": {"type": "Point", "coordinates": [-78.81081139959997, 38.30732867780008]}, "properties": {"state": "VA", "cluster_id": 462, "county": "Unknown", "severity": 15, "radius_m": 136.40799700908013, "share_of_state": 0.0005293806246691371}}, {"type": "Feature", "geometry": {"type": "Point", "coordinates": [-77.57280717499997, 38.7552762631334]}, "properties": {"state": "VA", "cluster_id": 465, "county": "Unknown", "severity": 15, "radius_m": 887.9114829549113, "share_of_state": 0.0005293806246691371}}, {"type": "Feature", "geometry": {"type": "Point", "coordinates": [-81.16795169973331, 36.87073532560008]}, "properties": {"state": "VA", "cluster_id": 466, "county": "Unknown", "severity": 15, "radius_m": 907.3782684659928, "share_of_state": 0.0005293806246691371}}, {"type": "Feature", "geometry": {"type": "Point", "coordinates": [-77.8301457973333, 38.41806900700005]}, "properties": {"state": "VA", "cluster_id": 467, "county": "Unknown", "severity": 15, "radius_m": 100.0, "share_of_state": 0.0005293806246691371}}, {"type": "Feature", "geometry": {"type": "Point", "coordinates": [-78.7504821166, 38.55478236100005]}, "properties": {"state": "VA", "cluster_id": 470, "county": "Unknown", "severity": 15, "radius_m": 223.71267558360464, "share_of_state": 0.0005293806246691371}}, {"type": "Feature", "geometry": {"type": "Point", "coordinates": [-75.53568643953328, 37.94521377000007]}, "properties": {"state": "VA", "cluster_id": 472, "county": "Unknown", "severity": 15, "radius_m": 790.1651460384959, "share_of_state": 0.0005293806246691371}}, {"type": "Feature", "geometry": {"type": "Point", "coordinates": [-77.97918552413331, 38.54887963466674]}, "properties": {"state": "VA", "cluster_id": 473, "county": "Unknown", "severity": 15, "radius_m": 100.0, "share_of_state": 0.0005293806246691371}}, {"type": "Feature", "geometry": {"type": "Point", "coordinates": [-78.13856298886664, 36.633325853266726]}, "properties": {"state": "VA", "cluster_id": 477, "county": "Unknown", "severity": 15, "radius_m": 100.0, "share_of_state": 0.0005293806246691371}}, {"type": "Feature", "geometry": {"type": "Point", "coordinates": [-77.5018810850666, 37.53579956500006]}, "properties": {"state": "VA", "cluster_id": 479, "county": "Unknown", "severity": 15, "radius_m": 172.96570107206435, "share_of_state": 0.0005293806246691371}}, {"type": "Feature", "geometry": {"type": "Point", "coordinates": [-77.63513048619997, 37.17475434206673]}, "properties": {"state": "VA", "cluster_id": 480, "county": "Unknown", "severity": 15, "radius_m": 171.79525069592128, "share_of_state": 0.0005293806246691371}}, {"type": "Feature", "geometry": {"type": "Point", "coordinates": [-77.19922483706662, 38.163996809800075]}, "properties": {"state": "VA", "cluster_id": 481, "county": "Unknown", "severity": 15, "radius_m": 796.0482877730542, "share_of_state": 0.0005293806246691371}}, {"type": "Feature", "geometry": {"type": "Point", "coordinates": [-77.28563291646664, 38.62432869353341]}, "properties": {"state": "VA", "cluster_id": 482, "county": "Unknown", "severity": 15, "radius_m": 868.0554991106067, "share_of_state": 0.0005293806246691371}}, {"type": "Feature", "geometry": {"type": "Point", "coordinates": [-82.90904285699997, 36.77893526060003]}, "properties": {"state": "VA", "cluster_id": 484, "county": "Unknown", "severity": 15, "radius_m": 100.0, "share_of_state": 0.0005293806246691371}}, {"type": "Feature", "geometry": {"type": "Point", "coordinates": [-82.5845152803333, 37.129260373533384]}, "properties": {"state": "VA", "cluster_id": 486, "county": "Unknown", "severity": 15, "radius_m": 118.6488024078307, "share_of_state": 0.0005293806246691371}}, {"type": "Feature", "geometry": {"type": "Point", "coordinates": [-77.73175956726665, 37.1484686798667]}, "properties": {"state": "VA", "cluster_id": 489, "county": "Unknown", "severity": 15, "radius_m": 146.5814439564737, "share_of_state": 0.0005293806246691371}}, {"type": "Feature", "geometry": {"type": "Point", "coordinates": [-77.46111891106665, 37.21329238113338]}, "properties": {"state": "VA", "cluster_id": 490, "county": "Unknown", "severity": 15, "radius_m": 849.6925959464254, "share_of_state": 0.0005293806246691371}}, {"type": "Feature", "geometry": {"type": "Point", "coordinates": [-78.84532025686663, 38.13419309113339]}, "properties": {"state": "VA", "cluster_id": 492, "county": "Unknown", "severity": 15, "radius_m": 100.0, "share_of_state": 0.0005293806246691371}}, {"type": "Feature", "geometry": {"type": "Point", "coordinates": [-79.63998559633332, 37.16301322566669]}, "properties": {"state": "VA", "cluster_id": 494, "county": "Unknown", "severity": 15, "radius_m": 916.4280326457143, "share_of_state": 0.0005293806246691371}}, {"type": "Feature", "geometry": {"type": "Point", "coordinates": [-78.13677564414283, 39.215785074214345]}, "properties": {"state": "VA", "cluster_id": 398, "county": "Unknown", "severity": 14, "radius_m": 752.589336440709, "share_of_state": 0.000494088583024528}}, {"type": "Feature", "geometry": {"type": "Point", "coordinates": [-78.49032121735709, 38.08826379228578]}, "properties": {"state": "VA", "cluster_id": 453, "county": "Unknown", "severity": 14, "radius_m": 176.07540572606172, "share_of_state": 0.000494088583024528}}, {"type": "Feature", "geometry": {"type": "Point", "coordinates": [-79.14744502664284, 38.15451757235722]}, "properties": {"state": "VA", "cluster_id": 458, "county": "Unknown", "severity": 14, "radius_m": 142.15244718467846, "share_of_state": 0.000494088583024528}}, {"type": "Feature", "geometry": {"type": "Point", "coordinates": [-77.50751834778568, 38.292755487071474]}, "properties": {"state": "VA", "cluster_id": 471, "county": "Unknown", "severity": 14, "radius_m": 874.5663090277714, "share_of_state": 0.000494088583024528}}, {"type": "Feature", "geometry": {"type": "Point", "coordinates": [-78.42655224564282, 38.28662402478577]}, "properties": {"state": "VA", "cluster_id": 493, "county": "Unknown", "severity": 14, "radius_m": 835.7137571975205, "share_of_state": 0.000494088583024528}}, {"type": "Feature", "geometry": {"type": "Point", "coordinates": [-77.52223484461533, 37.49444060953853]}, "properties": {"state": "VA", "cluster_id": 417, "county": "Unknown", "severity": 13, "radius_m": 118.13586234925506, "share_of_state": 0.00045879654137991884}}, {"type": "Feature", "geometry": {"type": "Point", "coordinates": [-80.30248271184611, 37.17382276169239]}, "properties": {"state": "VA", "cluster_id": 463, "county": "Unknown", "severity": 13, "radius_m": 216.7382682654761, "share_of_state": 0.00045879654137991884}}, {"type": "Feature", "geometry": {"type": "Point", "coordinates": [-78.04936996276922, 39.17564841284622]}, "properties": {"state": "VA", "cluster_id": 483, "county": "Unknown", "severity": 13, "radius_m": 108.04373752118727, "share_of_state": 0.00045879654137991884}}, {"type": "Feature", "geometry": {"type": "Point", "coordinates": [-77.5016928105833, 37.41780850041669]}, "properties": {"state": "VA", "cluster_id": 427, "county": "Unknown", "severity": 12, "radius_m": 100.0, "share_of_state": 0.00042350449973530967}}, {"type": "Feature", "geometry": {"type": "Point", "coordinates": [-80.99124387258333, 36.656501328500056]}, "properties": {"state": "VA", "cluster_id": 474, "county": "Unknown", "severity": 12, "radius_m": 100.0, "share_of_state": 0.00042350449973530967}}, {"type": "Feature", "geometry": {"type": "Point", "coordinates": [-77.80411281091665, 36.892907894083386]}, "properties": {"state": "VA", "cluster_id": 476, "county": "Unknown", "severity": 12, "radius_m": 100.0, "share_of_state": 0.00042350449973530967}}, {"type": "Feature", "geometry": {"type": "Point", "coordinates": [-77.2993277300833, 38.61404337533341]}, "properties": {"state": "VA", "cluster_id": 488, "county": "Unknown", "severity": 12, "radius_m": 678.0271263983149, "share_of_state": 0.00042350449973530967}}, {"type": "Feature", "geometry": {"type": "Point", "coordinates": [-77.61470318399999, 39.01677535645461]}, "properties": {"state": "VA", "cluster_id": 405, "county": "Unknown", "severity": 11, "radius_m": 114.7937778144559, "share_of_state": 0.00038821245809070055}}, {"type": "Feature", "geometry": {"type": "Point", "coordinates": [-78.0214403951818, 39.051387175727335]}, "properties": {"state": "VA", "cluster_id": 469, "county": "Unknown", "severity": 11, "radius_m": 121.16658973467736, "share_of_state": 0.00038821245809070055}}, {"type": "Feature", "geometry": {"type": "Point", "coordinates": [-78.00657211889997, 39.04601644350007]}, "properties": {"state": "VA", "cluster_id": 258, "county": "Unknown", "severity": 10, "radius_m": 253.15901979595876, "share_of_state": 0.0003529204164460914}}, {"type": "Feature", "geometry": {"type": "Point", "coordinates": [-75.59042512829997, 37.81696238590008]}, "properties": {"state": "VA", "cluster_id": 422, "county": "Unknown", "severity": 10, "radius_m": 563.1212073809043, "share_of_state": 0.0003529204164460914}}, {"type": "Feature", "geometry": {"type": "Point", "coordinates": [-79.86562891869997, 36.89443937430006]}, "properties": {"state": "VA", "cluster_id": 443, "county": "Unknown", "severity": 10, "radius_m": 485.95137207304106, "share_of_state": 0.0003529204164460914}}, {"type": "Feature", "geometry": {"type": "Point", "coordinates": [-76.92381550111106, 37.847158663111145]}, "properties": {"state": "VA", "cluster_id": 328, "county": "Unknown", "severity": 9, "radius_m": 100.0, "share_of_state": 0.00031762837480148225}}, {"type": "Feature", "geometry": {"type": "Point", "coordinates": [-77.40669825487498, 37.56940996100006]}, "properties": {"state": "VA", "cluster_id": 302, "county": "Unknown", "severity": 8, "radius_m": 489.5385507125667, "share_of_state": 0.00028233633315687313}}, {"type": "Feature", "geometry": {"type": "Point", "coordinates": [-80.56491149649993, 37.30148879525007]}, "properties": {"state": "VA", "cluster_id": 478, "county": "Unknown", "severity": 8, "radius_m": 198.31027762550374, "share_of_state": 0.00028233633315687313}}, {"type": "Feature", "geometry": {"type": "Point", "coordinates": [-81.30688386679991, 36.90520236320006]}, "properties": {"state": "VA", "cluster_id": 485, "county": "Unknown", "severity": 5, "radius_m": 475.13722846270826, "share_of_state": 0.0001764602082230457}}, {"type": "Feature", "geometry": {"type": "Point", "coordinates": [-77.496851611, 37.3694846315001]}, "properties": {"state": "VA", "cluster_id": 487, "county": "Unknown", "severity": 2, "radius_m": 323.3397666627236, "share_of_state": 7.058408328921828e-05}}, {"type": "Feature", "geometry": {"type": "Point", "coordinates": [-71.24905390797682, 41.79322311707474]}, "properties": {"state": "MA", "cluster_id": 7, "county": "BRISTOL", "severity": 776, "radius_m": 3000.0, "share_of_state": 0.053594861523585884}}, {"type": "Feature", "geometry": {"type": "Point", "coordinates": [-71.00829540135659, 42.040835734354005]}, "properties": {"state": "MA", "cluster_id": 2, "county": "PLYMOUTH", "severity": 774, "radius_m": 3000.0, "share_of_state": 0.053456730437184886}}, {"type": "Feature", "geometry": {"type": "Point", "coordinates": [-71.53302135975, 42.27618971665001]}, "properties": {"state": "MA", "cluster_id": 8, "county": "MIDDLESEX", "severity": 400, "radius_m": 3000.0, "share_of_state": 0.027626217280198907}}, {"type": "Feature", "geometry": {"type": "Point", "coordinates": [-71.08375651806283, 41.62470550589005]}, "properties": {"state": "MA", "cluster_id": 62, "county": "BRISTOL", "severity": 382, "radius_m": 3000.0, "share_of_state": 0.026383037502589957}}, {"type": "Feature", "geometry": {"type": "Point", "coordinates": [-70.76152511188525, 41.7423032089071]}, "properties": {"state": "MA", "cluster_id": 15, "county": "PLYMOUTH", "severity": 366, "radius_m": 3000.0, "share_of_state": 0.025277988811382}}, {"type": "Feature", "geometry": {"type": "Point", "coordinates": [-70.91604847065743, 41.72611652871972]}, "properties": {"state": "MA", "cluster_id": 4, "county": "BRISTOL", "severity": 289, "radius_m": 3000.0, "share_of_state": 0.019959941984943712}}, {"type": "Feature", "geometry": {"type": "Point", "coordinates": [-70.93311747235293, 41.90018615672793]}, "properties": {"state": "MA", "cluster_id": 24, "county": "PLYMOUTH", "severity": 272, "radius_m": 3000.0, "share_of_state": 0.018785827750535257}}, {"type": "Feature", "geometry": {"type": "Point", "coordinates": [-70.72895256533864, 42.048220809840636]}, "properties": {"state": "MA", "cluster_id": 35, "county": "PLYMOUTH", "severity": 251, "radius_m": 3000.0, "share_of_state": 0.017335451343324815}}, {"type": "Feature", "geometry": {"type": "Point", "coordinates": [-73.24427773276784, 42.29294878267857]}, "properties": {"state": "MA", "cluster_id": 1, "county": "BERKSHIRE", "severity": 224, "radius_m": 3000.0, "share_of_state": 0.015470681676911388}}, {"type": "Feature", "geometry": {"type": "Point", "coordinates": [-70.87561345791667, 42.16240084592592]}, "properties": {"state": "MA", "cluster_id": 25, "county": "PLYMOUTH", "severity": 216, "radius_m": 3000.0, "share_of_state": 0.01491815733130741}}, {"type": "Feature", "geometry": {"type": "Point", "coordinates": [-71.39275884886791, 42.220246874245284]}, "properties": {"state": "MA", "cluster_id": 9, "county": "MIDDLESEX", "severity": 212, "radius_m": 3000.0, "share_of_state": 0.01464189515850542}}, {"type": "Feature", "geometry": {"type": "Point", "coordinates": [-71.32259968507316, 42.33502282580487]}, "properties": {"state": "MA", "cluster_id": 26, "county": "MIDDLESEX", "severity": 205, "radius_m": 3000.0, "share_of_state": 0.014158436356101941}}, {"type": "Feature", "geometry": {"type": "Point", "coordinates": [-72.46538804955, 42.06611352215]}, "properties": {"state": "MA", "cluster_id": 29, "county": "HAMPDEN", "severity": 200, "radius_m": 3000.0, "share_of_state": 0.013813108640099454}}, {"type": "Feature", "geometry": {"type": "Point", "coordinates": [-71.05556202780613, 41.95680078071428]}, "properties": {"state": "MA", "cluster_id": 64, "county": "BRISTOL", "severity": 196, "radius_m": 3000.0, "share_of_state": 0.013536846467297465}}, {"type": "Feature", "geometry": {"type": "Point", "coordinates": [-71.45368875356384, 42.5644265725]}, "properties": {"state": "MA", "cluster_id": 13, "county": "MIDDLESEX", "severity": 188, "radius_m": 3000.0, "share_of_state": 0.012984322121693486}}, {"type": "Feature", "geometry": {"type": "Point", "coordinates": [-71.05904170579545, 41.88108329755682]}, "properties": {"state": "MA", "cluster_id": 49, "county": "BRISTOL", "severity": 176, "radius_m": 3000.0, "share_of_state": 0.01215553560328752}}, {"type": "Feature", "geometry": {"type": "Point", "coordinates": [-71.20655412045977, 42.65431875568966]}, "properties": {"state": "MA", "cluster_id": 17, "county": "ESSEX", "severity": 174, "radius_m": 3000.0, "share_of_state": 0.012017404516886526}}, {"type": "Feature", "geometry": {"type": "Point", "coordinates": [-72.62908311765432, 42.39675106080247]}, "properties": {"state": "MA", "cluster_id": 3, "county": "HAMPSHIRE", "severity": 162, "radius_m": 148.04254228447624, "share_of_state": 0.011188617998480558}}, {"type": "Feature", "geometry": {"type": "Point", "coordinates": [-71.06565710348102, 42.11303671835444]}, "properties": {"state": "MA", "cluster_id": 34, "county": "NORFOLK", "severity": 158, "radius_m": 3000.0, "share_of_state": 0.01091235582567857}}, {"type": "Feature", "geometry": {"type": "Point", "coordinates": [-72.58105220222222, 42.63008774958334]}, "properties": {"state": "MA", "cluster_id": 38, "county": "FRANKLIN", "severity": 144, "radius_m": 3000.0, "share_of_state": 0.009945438220871607}}, {"type": "Feature", "geometry": {"type": "Point", "coordinates": [-71.85763137965279, 42.11853663590278]}, "properties": {"state": "MA", "cluster_id": 96, "county": "WORCESTER", "severity": 144, "radius_m": 108.5162718889495, "share_of_state": 0.009945438220871607}}, {"type": "Feature", "geometry": {"type": "Point", "coordinates": [-71.59015508465116, 42.43541350248063]}, "properties": {"state": "MA", "cluster_id": 69, "county": "WORCESTER", "severity": 129, "radius_m": 2992.3794914232817, "share_of_state": 0.008909455072864149}}, {"type": "Feature", "geometry": {"type": "Point", "coordinates": [-72.62011193690475, 42.516986896111106]}, "properties": {"state": "MA", "cluster_id": 67, "county": "FRANKLIN", "severity": 126, "radius_m": 3000.0, "share_of_state": 0.008702258443262657}}, {"type": "Feature", "geometry": {"type": "Point", "coordinates": [-72.4257115447541, 42.159212983196724]}, "properties": {"state": "MA", "cluster_id": 51, "county": "HAMPDEN", "severity": 122, "radius_m": 3000.0, "share_of_state": 0.008425996270460668}}, {"type": "Feature", "geometry": {"type": "Point", "coordinates": [-70.83149943008401, 41.67399406]}, "properties": {"state": "MA", "cluster_id": 117, "county": "PLYMOUTH", "severity": 119, "radius_m": 2742.236811524606, "share_of_state": 0.008218799640859175}}, {"type": "Feature", "geometry": {"type": "Point", "coordinates": [-70.96482029322034, 42.83629988381357]}, "properties": {"state": "MA", "cluster_id": 57, "county": "ESSEX", "severity": 118, "radius_m": 3000.0, "share_of_state": 0.008149734097658679}}, {"type": "Feature", "geometry": {"type": "Point", "coordinates": [-73.18877648675439, 42.70879957500001]}, "properties": {"state": "MA", "cluster_id": 75, "county": "BERKSHIRE", "severity": 114, "radius_m": 3000.0, "share_of_state": 0.00787347192485669}}, {"type": "Feature", "geometry": {"type": "Point", "coordinates": [-71.19859961580357, 42.24772081714286]}, "properties": {"state": "MA", "cluster_id": 80, "county": "NORFOLK", "severity": 112, "radius_m": 3000.0, "share_of_state": 0.007735340838455694}}, {"type": "Feature", "geometry": {"type": "Point", "coordinates": [-72.43278098869159, 42.111061998411216]}, "properties": {"state": "MA", "cluster_id": 16, "county": "HAMPDEN", "severity": 107, "radius_m": 3000.0, "share_of_state": 0.007390013122453208}}, {"type": "Feature", "geometry": {"type": "Point", "coordinates": [-71.62940311403847, 42.6584173175]}, "properties": {"state": "MA", "cluster_id": 22, "county": "MIDDLESEX", "severity": 104, "radius_m": 3000.0, "share_of_state": 0.007182816492851716}}, {"type": "Feature", "geometry": {"type": "Point", "coordinates": [-70.54293675970588, 41.78880618235294]}, "properties": {"state": "MA", "cluster_id": 93, "county": "BARNSTABLE", "severity": 102, "radius_m": 3000.0, "share_of_state": 0.007044685406450721}}, {"type": "Feature", "geometry": {"type": "Point", "coordinates": [-71.0740657581, 41.7958782735]}, "properties": {"state": "MA", "cluster_id": 23, "county": "BRISTOL", "severity": 100, "radius_m": 2463.4177327916263, "share_of_state": 0.006906554320049727}}, {"type": "Feature", "geometry": {"type": "Point", "coordinates": [-71.2179008416, 42.132960244799996]}, "properties": {"state": "MA", "cluster_id": 32, "county": "NORFOLK", "severity": 100, "radius_m": 3000.0, "share_of_state": 0.006906554320049727}}, {"type": "Feature", "geometry": {"type": "Point", "coordinates": [-72.53826032806123, 42.1617939922449]}, "properties": {"state": "MA", "cluster_id": 10, "county": "HAMPDEN", "severity": 98, "radius_m": 2477.695704043027, "share_of_state": 0.006768423233648732}}, {"type": "Feature", "geometry": {"type": "Point", "coordinates": [-72.04794756757893, 42.12845571463158]}, "properties": {"state": "MA", "cluster_id": 120, "county": "WORCESTER", "severity": 95, "radius_m": 3000.0, "share_of_state": 0.006561226604047241}}, {"type": "Feature", "geometry": {"type": "Point", "coordinates": [-71.92789570617019, 42.55434811734043]}, "properties": {"state": "MA", "cluster_id": 110, "county": "WORCESTER", "severity": 94, "radius_m": 3000.0, "share_of_state": 0.006492161060846743}}, {"type": "Feature", "geometry": {"type": "Point", "coordinates": [-70.81690433086021, 41.95125000053764]}, "properties": {"state": "MA", "cluster_id": 72, "county": "PLYMOUTH", "severity": 93, "radius_m": 3000.0, "share_of_state": 0.006423095517646246}}, {"type": "Feature", "geometry": {"type": "Point", "coordinates": [-70.89072762777778, 41.663838852555564]}, "properties": {"state": "MA", "cluster_id": 19, "county": "BRISTOL", "severity": 90, "radius_m": 2537.8240564452794, "share_of_state": 0.006215898888044754}}, {"type": "Feature", "geometry": {"type": "Point", "coordinates": [-72.0358531562222, 42.563482396333335]}, "properties": {"state": "MA", "cluster_id": 73, "county": "WORCESTER", "severity": 90, "radius_m": 3000.0, "share_of_state": 0.006215898888044754}}, {"type": "Feature", "geometry": {"type": "Point", "coordinates": [-72.64498460761904, 42.14724976761904]}, "properties": {"state": "MA", "cluster_id": 21, "county": "HAMPDEN", "severity": 84, "radius_m": 2021.5031653563133, "share_of_state": 0.0058015056288417705}}, {"type": "Feature", "geometry": {"type": "Point", "coordinates": [-71.64030382518519, 42.053675982962964]}, "properties": {"state": "MA", "cluster_id": 137, "county": "WORCESTER", "severity": 81, "radius_m": 3000.0, "share_of_state": 0.005594308999240279}}, {"type": "Feature", "geometry": {"type": "Point", "coordinates": [-72.56452614474999, 42.066957729]}, "properties": {"state": "MA", "cluster_id": 30, "county": "HAMPDEN", "severity": 80, "radius_m": 2095.0252900318924, "share_of_state": 0.0055252434560397815}}, {"type": "Feature", "geometry": {"type": "Point", "coordinates": [-70.9703576764935, 41.650749561558435]}, "properties": {"state": "MA", "cluster_id": 52, "county": "BRISTOL", "severity": 77, "radius_m": 2025.984011066702, "share_of_state": 0.00531804682643829}}, {"type": "Feature", "geometry": {"type": "Point", "coordinates": [-70.76851820118422, 42.196536477368426]}, "properties": {"state": "MA", "cluster_id": 56, "county": "PLYMOUTH", "severity": 76, "radius_m": 2977.3000644269205, "share_of_state": 0.005248981283237792}}, {"type": "Feature", "geometry": {"type": "Point", "coordinates": [-70.94055191757143, 42.810895888714285]}, "properties": {"state": "MA", "cluster_id": 60, "county": "ESSEX", "severity": 70, "radius_m": 224.00310237767857, "share_of_state": 0.004834588024034809}}, {"type": "Feature", "geometry": {"type": "Point", "coordinates": [-70.59009598043477, 41.85976883811595]}, "properties": {"state": "MA", "cluster_id": 197, "county": "PLYMOUTH", "severity": 69, "radius_m": 2569.633403624765, "share_of_state": 0.004765522480834312}}, {"type": "Feature", "geometry": {"type": "Point", "coordinates": [-71.4360260357353, 42.6190698332353]}, "properties": {"state": "MA", "cluster_id": 33, "county": "MIDDLESEX", "severity": 68, "radius_m": 2458.8497074134775, "share_of_state": 0.004696456937633814}}, {"type": "Feature", "geometry": {"type": "Point", "coordinates": [-70.09548174876923, 41.74766824769231]}, "properties": {"state": "MA", "cluster_id": 112, "county": "BARNSTABLE", "severity": 65, "radius_m": 2022.8242245538233, "share_of_state": 0.004489260308032323}}, {"type": "Feature", "geometry": {"type": "Point", "coordinates": [-71.00723498095239, 41.7513241363492]}, "properties": {"state": "MA", "cluster_id": 14, "county": "BRISTOL", "severity": 63, "radius_m": 206.18160433045094, "share_of_state": 0.004351129221631328}}, {"type": "Feature", "geometry": {"type": "Point", "coordinates": [-71.41430171387098, 42.66322171467741]}, "properties": {"state": "MA", "cluster_id": 12, "county": "MIDDLESEX", "severity": 62, "radius_m": 1992.4720759446475, "share_of_state": 0.004282063678430831}}, {"type": "Feature", "geometry": {"type": "Point", "coordinates": [-70.63911715403228, 41.93059105096774]}, "properties": {"state": "MA", "cluster_id": 158, "county": "PLYMOUTH", "severity": 62, "radius_m": 2362.1104711054854, "share_of_state": 0.004282063678430831}}, {"type": "Feature", "geometry": {"type": "Point", "coordinates": [-72.62962399918034, 42.23554572377048]}, "properties": {"state": "MA", "cluster_id": 45, "county": "HAMPDEN", "severity": 61, "radius_m": 375.1003329276889, "share_of_state": 0.004212998135230334}}, {"type": "Feature", "geometry": {"type": "Point", "coordinates": [-70.86332459688523, 42.08237119622951]}, "properties": {"state": "MA", "cluster_id": 151, "county": "PLYMOUTH", "severity": 61, "radius_m": 2168.354391801445, "share_of_state": 0.004212998135230334}}, {"type": "Feature", "geometry": {"type": "Point", "coordinates": [-71.47060546133334, 42.123597582]}, "properties": {"state": "MA", "cluster_id": 61, "county": "NORFOLK", "severity": 60, "radius_m": 2392.33324915424, "share_of_state": 0.004143932592029836}}, {"type": "Feature", "geometry": {"type": "Point", "coordinates": [-71.55616525779662, 42.59349427288135]}, "properties": {"state": "MA", "cluster_id": 70, "county": "MIDDLESEX", "severity": 59, "radius_m": 2264.5714020538026, "share_of_state": 0.004074867048829339}}, {"type": "Feature", "geometry": {"type": "Point", "coordinates": [-71.23207658293103, 42.213634506206894]}, "properties": {"state": "MA", "cluster_id": 40, "county": "NORFOLK", "severity": 58, "radius_m": 2564.9351972520026, "share_of_state": 0.0040058015056288416}}, {"type": "Feature", "geometry": {"type": "Point", "coordinates": [-71.83922083862068, 42.20045023724138]}, "properties": {"state": "MA", "cluster_id": 139, "county": "WORCESTER", "severity": 58, "radius_m": 2158.6515780261184, "share_of_state": 0.0040058015056288416}}, {"type": "Feature", "geometry": {"type": "Point", "coordinates": [-72.32170196107143, 42.17217917125]}, "properties": {"state": "MA", "cluster_id": 140, "county": "HAMPDEN", "severity": 56, "radius_m": 2439.823247321165, "share_of_state": 0.003867670419227847}}, {"type": "Feature", "geometry": {"type": "Point", "coordinates": [-72.66749004963637, 42.29554007218181]}, "properties": {"state": "MA", "cluster_id": 20, "county": "HAMPSHIRE", "severity": 55, "radius_m": 1963.941324326868, "share_of_state": 0.0037986048760273497}}, {"type": "Feature", "geometry": {"type": "Point", "coordinates": [-71.51449599907407, 42.168353118148154]}, "properties": {"state": "MA", "cluster_id": 82, "county": "WORCESTER", "severity": 54, "radius_m": 2249.1862726948343, "share_of_state": 0.0037295393328268525}}, {"type": "Feature", "geometry": {"type": "Point", "coordinates": [-71.11779826518519, 41.74702997796297]}, "properties": {"state": "MA", "cluster_id": 155, "county": "BRISTOL", "severity": 54, "radius_m": 1686.6869774448255, "share_of_state": 0.0037295393328268525}}, {"type": "Feature", "geometry": {"type": "Point", "coordinates": [-70.78982970018868, 42.64625295886792]}, "properties": {"state": "MA", "cluster_id": 54, "county": "ESSEX", "severity": 53, "radius_m": 1280.5684159936027, "share_of_state": 0.003660473789626355}}, {"type": "Feature", "geometry": {"type": "Point", "coordinates": [-70.95903434615386, 41.76839711230769]}, "properties": {"state": "MA", "cluster_id": 42, "county": "BRISTOL", "severity": 52, "radius_m": 1927.045010120174, "share_of_state": 0.003591408246425858}}, {"type": "Feature", "geometry": {"type": "Point", "coordinates": [-71.5178382026923, 42.52240456692307]}, "properties": {"state": "MA", "cluster_id": 88, "county": "MIDDLESEX", "severity": 52, "radius_m": 1936.8231787512998, "share_of_state": 0.003591408246425858}}, {"type": "Feature", "geometry": {"type": "Point", "coordinates": [-71.28717534, 42.54995889653847]}, "properties": {"state": "MA", "cluster_id": 97, "county": "MIDDLESEX", "severity": 52, "radius_m": 2147.9133349620633, "share_of_state": 0.003591408246425858}}, {"type": "Feature", "geometry": {"type": "Point", "coordinates": [-71.29969359192309, 41.96523557269231]}, "properties": {"state": "MA", "cluster_id": 134, "county": "BRISTOL", "severity": 52, "radius_m": 1786.5315851469072, "share_of_state": 0.003591408246425858}}, {"type": "Feature", "geometry": {"type": "Point", "coordinates": [-71.24783190392156, 42.315850746274506]}, "properties": {"state": "MA", "cluster_id": 99, "county": "NORFOLK", "severity": 51, "radius_m": 1493.4512929617908, "share_of_state": 0.0035223427032253607}}, {"type": "Feature", "geometry": {"type": "Point", "coordinates": [-71.1864253564706, 41.95624570941177]}, "properties": {"state": "MA", "cluster_id": 116, "county": "BRISTOL", "severity": 51, "radius_m": 2243.4164326022587, "share_of_state": 0.0035223427032253607}}, {"type": "Feature", "geometry": {"type": "Point", "coordinates": [-71.5779952432, 42.523200508399995]}, "properties": {"state": "MA", "cluster_id": 105, "county": "WORCESTER", "severity": 50, "radius_m": 1573.9383752994063, "share_of_state": 0.0034532771600248634}}, {"type": "Feature", "geometry": {"type": "Point", "coordinates": [-70.0774808534, 41.2696597078]}, "properties": {"state": "MA", "cluster_id": 193, "county": "NANTUCKET", "severity": 50, "radius_m": 1971.0834899312847, "share_of_state": 0.0034532771600248634}}, {"type": "Feature", "geometry": {"type": "Point", "coordinates": [-71.01336995530612, 41.834642161224494]}, "properties": {"state": "MA", "cluster_id": 68, "county": "BRISTOL", "severity": 49, "radius_m": 1743.2778235282944, "share_of_state": 0.003384211616824366}}, {"type": "Feature", "geometry": {"type": "Point", "coordinates": [-71.68317489693877, 42.51786971551021]}, "properties": {"state": "MA", "cluster_id": 90, "county": "WORCESTER", "severity": 49, "radius_m": 208.35866943979394, "share_of_state": 0.003384211616824366}}, {"type": "Feature", "geometry": {"type": "Point", "coordinates": [-71.74652885520834, 42.604322329791664]}, "properties": {"state": "MA", "cluster_id": 91, "county": "WORCESTER", "severity": 48, "radius_m": 2105.3269958096453, "share_of_state": 0.003315146073623869}}, {"type": "Feature", "geometry": {"type": "Point", "coordinates": [-70.86037457212767, 42.250191953404254]}, "properties": {"state": "MA", "cluster_id": 74, "county": "PLYMOUTH", "severity": 47, "radius_m": 1577.6539964064916, "share_of_state": 0.0032460805304233716}}, {"type": "Feature", "geometry": {"type": "Point", "coordinates": [-72.78614494340425, 42.15565584680851]}, "properties": {"state": "MA", "cluster_id": 101, "county": "HAMPDEN", "severity": 47, "radius_m": 100.0, "share_of_state": 0.0032460805304233716}}, {"type": "Feature", "geometry": {"type": "Point", "coordinates": [-70.9696182206383, 41.81096847829787]}, "properties": {"state": "MA", "cluster_id": 159, "county": "PLYMOUTH", "severity": 47, "radius_m": 1717.6139617678878, "share_of_state": 0.0032460805304233716}}, {"type": "Feature", "geometry": {"type": "Point", "coordinates": [-70.85844541869565, 41.85153657369565]}, "properties": {"state": "MA", "cluster_id": 164, "county": "PLYMOUTH", "severity": 46, "radius_m": 2026.6068133861895, "share_of_state": 0.0031770149872228743}}, {"type": "Feature", "geometry": {"type": "Point", "coordinates": [-71.78936676543478, 42.55829630434783]}, "properties": {"state": "MA", "cluster_id": 201, "county": "WORCESTER", "severity": 46, "radius_m": 2245.9151149356994, "share_of_state": 0.0031770149872228743}}, {"type": "Feature", "geometry": {"type": "Point", "coordinates": [-71.43174364386363, 42.48368822454546]}, "properties": {"state": "MA", "cluster_id": 44, "county": "MIDDLESEX", "severity": 44, "radius_m": 1684.7572047712235, "share_of_state": 0.00303888390082188}}, {"type": "Feature", "geometry": {"type": "Point", "coordinates": [-72.53477096, 42.424619291590915]}, "properties": {"state": "MA", "cluster_id": 173, "county": "HAMPSHIRE", "severity": 44, "radius_m": 1694.247379530529, "share_of_state": 0.00303888390082188}}, {"type": "Feature", "geometry": {"type": "Point", "coordinates": [-70.94735710930232, 42.746355259069766]}, "properties": {"state": "MA", "cluster_id": 27, "county": "ESSEX", "severity": 43, "radius_m": 368.6405762909554, "share_of_state": 0.0029698183576213825}}, {"type": "Feature", "geometry": {"type": "Point", "coordinates": [-70.23871948627908, 41.68967621093023]}, "properties": {"state": "MA", "cluster_id": 78, "county": "BARNSTABLE", "severity": 43, "radius_m": 2287.4256235983116, "share_of_state": 0.0029698183576213825}}, {"type": "Feature", "geometry": {"type": "Point", "coordinates": [-70.90085648930234, 42.720509646976744]}, "properties": {"state": "MA", "cluster_id": 95, "county": "ESSEX", "severity": 43, "radius_m": 1802.634351017266, "share_of_state": 0.0029698183576213825}}, {"type": "Feature", "geometry": {"type": "Point", "coordinates": [-70.97834350511627, 42.63678439232558]}, "properties": {"state": "MA", "cluster_id": 106, "county": "ESSEX", "severity": 43, "radius_m": 122.98782020229702, "share_of_state": 0.0029698183576213825}}, {"type": "Feature", "geometry": {"type": "Point", "coordinates": [-71.25807781585367, 42.425461213170735]}, "properties": {"state": "MA", "cluster_id": 84, "county": "MIDDLESEX", "severity": 41, "radius_m": 1689.8496017154268, "share_of_state": 0.002831687271220388}}, {"type": "Feature", "geometry": {"type": "Point", "coordinates": [-70.59320613560975, 41.75546421219512]}, "properties": {"state": "MA", "cluster_id": 119, "county": "BARNSTABLE", "severity": 41, "radius_m": 1873.6894111480588, "share_of_state": 0.002831687271220388}}, {"type": "Feature", "geometry": {"type": "Point", "coordinates": [-71.3258272245, 41.92615753425]}, "properties": {"state": "MA", "cluster_id": 43, "county": "BRISTOL", "severity": 40, "radius_m": 1537.290803059516, "share_of_state": 0.0027626217280198907}}, {"type": "Feature", "geometry": {"type": "Point", "coordinates": [-71.4800837545, 42.035577478250005]}, "properties": {"state": "MA", "cluster_id": 178, "county": "NORFOLK", "severity": 40, "radius_m": 1856.1059037147606, "share_of_state": 0.0027626217280198907}}, {"type": "Feature", "geometry": {"type": "Point", "coordinates": [-71.2608468276923, 42.263399245641025]}, "properties": {"state": "MA", "cluster_id": 6, "county": "NORFOLK", "severity": 39, "radius_m": 1641.0028957700476, "share_of_state": 0.0026935561848193935}}, {"type": "Feature", "geometry": {"type": "Point", "coordinates": [-72.49592903358973, 42.200638594615384]}, "properties": {"state": "MA", "cluster_id": 48, "county": "HAMPDEN", "severity": 39, "radius_m": 276.448524712706, "share_of_state": 0.0026935561848193935}}, {"type": "Feature", "geometry": {"type": "Point", "coordinates": [-71.69776633358973, 42.08715039205128]}, "properties": {"state": "MA", "cluster_id": 156, "county": "WORCESTER", "severity": 39, "radius_m": 1644.3379413097364, "share_of_state": 0.0026935561848193935}}, {"type": "Feature", "geometry": {"type": "Point", "coordinates": [-70.65685442333333, 41.41640280846155]}, "properties": {"state": "MA", "cluster_id": 183, "county": "DUKES", "severity": 39, "radius_m": 1581.1014360324089, "share_of_state": 0.0026935561848193935}}, {"type": "Feature", "geometry": {"type": "Point", "coordinates": [-72.0792594131579, 42.648053946842104]}, "properties": {"state": "MA", "cluster_id": 58, "county": "WORCESTER", "severity": 38, "radius_m": 100.0, "share_of_state": 0.002624490641618896}}, {"type": "Feature", "geometry": {"type": "Point", "coordinates": [-71.16344218473687, 41.982114673421044]}, "properties": {"state": "MA", "cluster_id": 111, "county": "BRISTOL", "severity": 38, "radius_m": 1525.9951374309749, "share_of_state": 0.002624490641618896}}, {"type": "Feature", "geometry": {"type": "Point", "coordinates": [-71.7434590823684, 42.4600335913158]}, "properties": {"state": "MA", "cluster_id": 128, "county": "WORCESTER", "severity": 38, "radius_m": 1625.7549447021975, "share_of_state": 0.002624490641618896}}, {"type": "Feature", "geometry": {"type": "Point", "coordinates": [-71.35966092189187, 41.91070593540541]}, "properties": {"state": "MA", "cluster_id": 55, "county": "BRISTOL", "severity": 37, "radius_m": 1576.5952180327993, "share_of_state": 0.002555425098418399}}, {"type": "Feature", "geometry": {"type": "Point", "coordinates": [-71.74323175351351, 42.539342469999994]}, "properties": {"state": "MA", "cluster_id": 66, "county": "WORCESTER", "severity": 37, "radius_m": 1664.9428302267222, "share_of_state": 0.002555425098418399}}, {"type": "Feature", "geometry": {"type": "Point", "coordinates": [-70.81721276891894, 42.23188204972973]}, "properties": {"state": "MA", "cluster_id": 89, "county": "NORFOLK", "severity": 37, "radius_m": 182.24789662048897, "share_of_state": 0.002555425098418399}}, {"type": "Feature", "geometry": {"type": "Point", "coordinates": [-72.55547255837838, 42.70099756918919]}, "properties": {"state": "MA", "cluster_id": 125, "county": "FRANKLIN", "severity": 37, "radius_m": 177.08582769216963, "share_of_state": 0.002555425098418399}}, {"type": "Feature", "geometry": {"type": "Point", "coordinates": [-70.02468450540542, 41.77497164459459]}, "properties": {"state": "MA", "cluster_id": 135, "county": "BARNSTABLE", "severity": 37, "radius_m": 100.0, "share_of_state": 0.002555425098418399}}, {"type": "Feature", "geometry": {"type": "Point", "coordinates": [-72.11927495189188, 42.570059777027026]}, "properties": {"state": "MA", "cluster_id": 185, "county": "WORCESTER", "severity": 37, "radius_m": 174.219288723835, "share_of_state": 0.002555425098418399}}, {"type": "Feature", "geometry": {"type": "Point", "coordinates": [-71.07288239111111, 42.203617682777775]}, "properties": {"state": "MA", "cluster_id": 100, "county": "NORFOLK", "severity": 36, "radius_m": 223.3536630718435, "share_of_state": 0.0024863595552179017}}, {"type": "Feature", "geometry": {"type": "Point", "coordinates": [-72.57812266972222, 42.03697927611111]}, "properties": {"state": "MA", "cluster_id": 166, "county": "HAMPDEN", "severity": 36, "radius_m": 1200.4728891104894, "share_of_state": 0.0024863595552179017}}, {"type": "Feature", "geometry": {"type": "Point", "coordinates": [-71.14516375305556, 42.67533471861111]}, "properties": {"state": "MA", "cluster_id": 211, "county": "ESSEX", "severity": 36, "radius_m": 1824.1663213414124, "share_of_state": 0.0024863595552179017}}, {"type": "Feature", "geometry": {"type": "Point", "coordinates": [-71.09296988285713, 42.801308451428575]}, "properties": {"state": "MA", "cluster_id": 124, "county": "ESSEX", "severity": 35, "radius_m": 1327.3942757693114, "share_of_state": 0.0024172940120174044}}, {"type": "Feature", "geometry": {"type": "Point", "coordinates": [-72.54163128470589, 42.24779443205882]}, "properties": {"state": "MA", "cluster_id": 37, "county": "HAMPSHIRE", "severity": 34, "radius_m": 1386.5347678800224, "share_of_state": 0.002348228468816907}}, {"type": "Feature", "geometry": {"type": "Point", "coordinates": [-71.05153409676471, 42.80180625117647]}, "properties": {"state": "MA", "cluster_id": 50, "county": "ESSEX", "severity": 34, "radius_m": 818.433929292925, "share_of_state": 0.002348228468816907}}, {"type": "Feature", "geometry": {"type": "Point", "coordinates": [-72.20260824147057, 42.572953361764704]}, "properties": {"state": "MA", "cluster_id": 126, "county": "WORCESTER", "severity": 34, "radius_m": 320.9881586213054, "share_of_state": 0.002348228468816907}}, {"type": "Feature", "geometry": {"type": "Point", "coordinates": [-71.46021374470588, 42.176651079705884]}, "properties": {"state": "MA", "cluster_id": 175, "county": "MIDDLESEX", "severity": 34, "radius_m": 101.14802110846114, "share_of_state": 0.002348228468816907}}, {"type": "Feature", "geometry": {"type": "Point", "coordinates": [-72.72233313764707, 42.59358573529411]}, "properties": {"state": "MA", "cluster_id": 177, "county": "FRANKLIN", "severity": 34, "radius_m": 100.0, "share_of_state": 0.002348228468816907}}, {"type": "Feature", "geometry": {"type": "Point", "coordinates": [-70.95724310411765, 42.131750529117646]}, "properties": {"state": "MA", "cluster_id": 189, "county": "PLYMOUTH", "severity": 34, "radius_m": 1325.9641131823205, "share_of_state": 0.002348228468816907}}, {"type": "Feature", "geometry": {"type": "Point", "coordinates": [-71.34665324818182, 42.669761731515145]}, "properties": {"state": "MA", "cluster_id": 0, "county": "MIDDLESEX", "severity": 33, "radius_m": 1630.3337569512137, "share_of_state": 0.00227916292561641}}, {"type": "Feature", "geometry": {"type": "Point", "coordinates": [-71.21452477272729, 42.415748304848485]}, "properties": {"state": "MA", "cluster_id": 102, "county": "MIDDLESEX", "severity": 33, "radius_m": 1603.9022457064007, "share_of_state": 0.00227916292561641}}, {"type": "Feature", "geometry": {"type": "Point", "coordinates": [-71.84606445363636, 42.55108283151515]}, "properties": {"state": "MA", "cluster_id": 131, "county": "WORCESTER", "severity": 33, "radius_m": 1674.2138154743277, "share_of_state": 0.00227916292561641}}, {"type": "Feature", "geometry": {"type": "Point", "coordinates": [-71.73397715030302, 42.157132348181804]}, "properties": {"state": "MA", "cluster_id": 141, "county": "WORCESTER", "severity": 33, "radius_m": 1613.483200473347, "share_of_state": 0.00227916292561641}}, {"type": "Feature", "geometry": {"type": "Point", "coordinates": [-70.4607034615625, 41.742459624375]}, "properties": {"state": "MA", "cluster_id": 18, "county": "BARNSTABLE", "severity": 32, "radius_m": 182.15822618709265, "share_of_state": 0.0022100973824159126}}, {"type": "Feature", "geometry": {"type": "Point", "coordinates": [-73.1027949534375, 42.6776471165625]}, "properties": {"state": "MA", "cluster_id": 118, "county": "BERKSHIRE", "severity": 32, "radius_m": 1456.2930919831758, "share_of_state": 0.0022100973824159126}}, {"type": "Feature", "geometry": {"type": "Point", "coordinates": [-71.14636647218751, 41.675947209374996]}, "properties": {"state": "MA", "cluster_id": 146, "county": "BRISTOL", "severity": 32, "radius_m": 1519.7921659827018, "share_of_state": 0.0022100973824159126}}, {"type": "Feature", "geometry": {"type": "Point", "coordinates": [-70.6463702332258, 41.541861767419356]}, "properties": {"state": "MA", "cluster_id": 47, "county": "BARNSTABLE", "severity": 31, "radius_m": 136.52636926394806, "share_of_state": 0.0021410318392154153}}, {"type": "Feature", "geometry": {"type": "Point", "coordinates": [-71.62548663354839, 42.34957766225807]}, "properties": {"state": "MA", "cluster_id": 145, "county": "WORCESTER", "severity": 31, "radius_m": 1554.1626076067355, "share_of_state": 0.0021410318392154153}}, {"type": "Feature", "geometry": {"type": "Point", "coordinates": [-72.6640229196774, 42.61048664290322]}, "properties": {"state": "MA", "cluster_id": 152, "county": "FRANKLIN", "severity": 31, "radius_m": 1576.8342514606043, "share_of_state": 0.0021410318392154153}}, {"type": "Feature", "geometry": {"type": "Point", "coordinates": [-71.15088458451612, 42.57921651838709]}, "properties": {"state": "MA", "cluster_id": 163, "county": "MIDDLESEX", "severity": 31, "radius_m": 1376.1851003764014, "share_of_state": 0.0021410318392154153}}, {"type": "Feature", "geometry": {"type": "Point", "coordinates": [-71.89633496290324, 42.180107904193555]}, "properties": {"state": "MA", "cluster_id": 176, "county": "WORCESTER", "severity": 31, "radius_m": 1609.781198592671, "share_of_state": 0.0021410318392154153}}, {"type": "Feature", "geometry": {"type": "Point", "coordinates": [-71.35299149516129, 42.04379029741934]}, "properties": {"state": "MA", "cluster_id": 195, "county": "NORFOLK", "severity": 31, "radius_m": 1571.9598761607544, "share_of_state": 0.0021410318392154153}}, {"type": "Feature", "geometry": {"type": "Point", "coordinates": [-71.32873409161293, 42.45126766516129]}, "properties": {"state": "MA", "cluster_id": 199, "county": "MIDDLESEX", "severity": 31, "radius_m": 1293.3655729749098, "share_of_state": 0.0021410318392154153}}, {"type": "Feature", "geometry": {"type": "Point", "coordinates": [-72.52359168129031, 42.3207208348387]}, "properties": {"state": "MA", "cluster_id": 218, "county": "HAMPSHIRE", "severity": 31, "radius_m": 257.9578342775618, "share_of_state": 0.0021410318392154153}}, {"type": "Feature", "geometry": {"type": "Point", "coordinates": [-71.442341684, 42.684478765]}, "properties": {"state": "MA", "cluster_id": 122, "county": "MIDDLESEX", "severity": 30, "radius_m": 1203.622237892182, "share_of_state": 0.002071966296014918}}, {"type": "Feature", "geometry": {"type": "Point", "coordinates": [-72.70403516833335, 42.14044717699999]}, "properties": {"state": "MA", "cluster_id": 129, "county": "HAMPDEN", "severity": 30, "radius_m": 100.0, "share_of_state": 0.002071966296014918}}, {"type": "Feature", "geometry": {"type": "Point", "coordinates": [-70.34460439633332, 41.69112754466667]}, "properties": {"state": "MA", "cluster_id": 132, "county": "BARNSTABLE", "severity": 30, "radius_m": 1339.1911483883202, "share_of_state": 0.002071966296014918}}, {"type": "Feature", "geometry": {"type": "Point", "coordinates": [-70.96519787833334, 42.710819805]}, "properties": {"state": "MA", "cluster_id": 133, "county": "ESSEX", "severity": 30, "radius_m": 1034.391582236296, "share_of_state": 0.002071966296014918}}, {"type": "Feature", "geometry": {"type": "Point", "coordinates": [-71.22219123433334, 42.090927691000005]}, "properties": {"state": "MA", "cluster_id": 144, "county": "NORFOLK", "severity": 30, "radius_m": 1281.5295081697695, "share_of_state": 0.002071966296014918}}, {"type": "Feature", "geometry": {"type": "Point", "coordinates": [-72.45394674500001, 42.26686023466667]}, "properties": {"state": "MA", "cluster_id": 184, "county": "HAMPSHIRE", "severity": 30, "radius_m": 399.9162959029055, "share_of_state": 0.002071966296014918}}, {"type": "Feature", "geometry": {"type": "Point", "coordinates": [-71.12330843827586, 42.776491267931036]}, "properties": {"state": "MA", "cluster_id": 36, "county": "ESSEX", "severity": 29, "radius_m": 1630.39151983917, "share_of_state": 0.0020029007528144208}}, {"type": "Feature", "geometry": {"type": "Point", "coordinates": [-70.80468530344828, 41.985074561379314]}, "properties": {"state": "MA", "cluster_id": 71, "county": "PLYMOUTH", "severity": 29, "radius_m": 1465.87683152996, "share_of_state": 0.0020029007528144208}}, {"type": "Feature", "geometry": {"type": "Point", "coordinates": [-71.64075234413792, 42.28545185586207]}, "properties": {"state": "MA", "cluster_id": 83, "county": "WORCESTER", "severity": 29, "radius_m": 1260.2849700914817, "share_of_state": 0.0020029007528144208}}, {"type": "Feature", "geometry": {"type": "Point", "coordinates": [-70.69200687137932, 41.95883554620689]}, "properties": {"state": "MA", "cluster_id": 109, "county": "PLYMOUTH", "severity": 29, "radius_m": 1303.019654217451, "share_of_state": 0.0020029007528144208}}, {"type": "Feature", "geometry": {"type": "Point", "coordinates": [-71.54483179413793, 42.48428028379311]}, "properties": {"state": "MA", "cluster_id": 121, "county": "MIDDLESEX", "severity": 29, "radius_m": 1325.323748494141, "share_of_state": 0.0020029007528144208}}, {"type": "Feature", "geometry": {"type": "Point", "coordinates": [-70.8656406148276, 41.99214894896552]}, "properties": {"state": "MA", "cluster_id": 150, "county": "PLYMOUTH", "severity": 29, "radius_m": 243.12501258573644, "share_of_state": 0.0020029007528144208}}, {"type": "Feature", "geometry": {"type": "Point", "coordinates": [-71.58911741827586, 42.36724059862068]}, "properties": {"state": "MA", "cluster_id": 198, "county": "MIDDLESEX", "severity": 29, "radius_m": 1205.4171683189456, "share_of_state": 0.0020029007528144208}}, {"type": "Feature", "geometry": {"type": "Point", "coordinates": [-71.13564937142858, 41.777767693928574]}, "properties": {"state": "MA", "cluster_id": 11, "county": "BRISTOL", "severity": 28, "radius_m": 120.91869609962993, "share_of_state": 0.0019338352096139235}}, {"type": "Feature", "geometry": {"type": "Point", "coordinates": [-71.68365308535716, 42.69358902285713]}, "properties": {"state": "MA", "cluster_id": 31, "county": "MIDDLESEX", "severity": 28, "radius_m": 281.1085005003463, "share_of_state": 0.0019338352096139235}}, {"type": "Feature", "geometry": {"type": "Point", "coordinates": [-71.22085980321428, 42.006723896785715]}, "properties": {"state": "MA", "cluster_id": 46, "county": "BRISTOL", "severity": 28, "radius_m": 394.3817485038767, "share_of_state": 0.0019338352096139235}}, {"type": "Feature", "geometry": {"type": "Point", "coordinates": [-71.13342656714285, 42.5343361025]}, "properties": {"state": "MA", "cluster_id": 86, "county": "MIDDLESEX", "severity": 28, "radius_m": 1023.8925841890048, "share_of_state": 0.0019338352096139235}}, {"type": "Feature", "geometry": {"type": "Point", "coordinates": [-71.12454710285714, 42.606583162857135]}, "properties": {"state": "MA", "cluster_id": 149, "county": "ESSEX", "severity": 28, "radius_m": 1447.517674550015, "share_of_state": 0.0019338352096139235}}, {"type": "Feature", "geometry": {"type": "Point", "coordinates": [-71.10250095357144, 42.65645933035715]}, "properties": {"state": "MA", "cluster_id": 187, "county": "ESSEX", "severity": 28, "radius_m": 207.76478413620288, "share_of_state": 0.0019338352096139235}}, {"type": "Feature", "geometry": {"type": "Point", "coordinates": [-71.48049601749999, 42.43380970321427]}, "properties": {"state": "MA", "cluster_id": 196, "county": "MIDDLESEX", "severity": 28, "radius_m": 1770.2810105191336, "share_of_state": 0.0019338352096139235}}, {"type": "Feature", "geometry": {"type": "Point", "coordinates": [-71.25079351925926, 42.50876159740741]}, "properties": {"state": "MA", "cluster_id": 77, "county": "MIDDLESEX", "severity": 27, "radius_m": 1461.8559186900977, "share_of_state": 0.0018647696664134262}}, {"type": "Feature", "geometry": {"type": "Point", "coordinates": [-72.93639847666665, 42.19625483000001]}, "properties": {"state": "MA", "cluster_id": 85, "county": "HAMPDEN", "severity": 27, "radius_m": 336.2929918187341, "share_of_state": 0.0018647696664134262}}, {"type": "Feature", "geometry": {"type": "Point", "coordinates": [-72.90168831777777, 42.17311955407408]}, "properties": {"state": "MA", "cluster_id": 103, "county": "HAMPDEN", "severity": 27, "radius_m": 100.0, "share_of_state": 0.0018647696664134262}}, {"type": "Feature", "geometry": {"type": "Point", "coordinates": [-71.25806840000001, 42.02789943370371]}, "properties": {"state": "MA", "cluster_id": 104, "county": "BRISTOL", "severity": 27, "radius_m": 1555.5771676953927, "share_of_state": 0.0018647696664134262}}, {"type": "Feature", "geometry": {"type": "Point", "coordinates": [-71.29384784259258, 42.49323027185184]}, "properties": {"state": "MA", "cluster_id": 168, "county": "MIDDLESEX", "severity": 27, "radius_m": 1426.8697316107507, "share_of_state": 0.0018647696664134262}}, {"type": "Feature", "geometry": {"type": "Point", "coordinates": [-72.5428882137037, 42.5676389374074]}, "properties": {"state": "MA", "cluster_id": 204, "county": "FRANKLIN", "severity": 27, "radius_m": 183.93379004727834, "share_of_state": 0.0018647696664134262}}, {"type": "Feature", "geometry": {"type": "Point", "coordinates": [-71.0075774526923, 42.135326170384616]}, "properties": {"state": "MA", "cluster_id": 79, "county": "NORFOLK", "severity": 26, "radius_m": 1444.6866991476684, "share_of_state": 0.001795704123212929}}, {"type": "Feature", "geometry": {"type": "Point", "coordinates": [-71.60141630307693, 42.63556828384616]}, "properties": {"state": "MA", "cluster_id": 127, "county": "MIDDLESEX", "severity": 26, "radius_m": 966.3163321300951, "share_of_state": 0.001795704123212929}}, {"type": "Feature", "geometry": {"type": "Point", "coordinates": [-71.11732867884615, 42.63386446230769]}, "properties": {"state": "MA", "cluster_id": 172, "county": "ESSEX", "severity": 26, "radius_m": 1032.1880273869435, "share_of_state": 0.001795704123212929}}, {"type": "Feature", "geometry": {"type": "Point", "coordinates": [-71.28175865760001, 42.5176282244]}, "properties": {"state": "MA", "cluster_id": 28, "county": "MIDDLESEX", "severity": 25, "radius_m": 1422.3232014917837, "share_of_state": 0.0017266385800124317}}, {"type": "Feature", "geometry": {"type": "Point", "coordinates": [-71.0730353516, 41.52790408640001]}, "properties": {"state": "MA", "cluster_id": 63, "county": "BRISTOL", "severity": 25, "radius_m": 676.8777141704065, "share_of_state": 0.0017266385800124317}}, {"type": "Feature", "geometry": {"type": "Point", "coordinates": [-72.09421534440001, 42.082852669199994]}, "properties": {"state": "MA", "cluster_id": 206, "county": "WORCESTER", "severity": 25, "radius_m": 238.67762285972444, "share_of_state": 0.0017266385800124317}}, {"type": "Feature", "geometry": {"type": "Point", "coordinates": [-71.0302387412, 42.22337061]}, "properties": {"state": "MA", "cluster_id": 220, "county": "NORFOLK", "severity": 25, "radius_m": 1600.1792593377631, "share_of_state": 0.0017266385800124317}}, {"type": "Feature", "geometry": {"type": "Point", "coordinates": [-72.5785436904, 42.247138589200006]}, "properties": {"state": "MA", "cluster_id": 230, "county": "HAMPSHIRE", "severity": 25, "radius_m": 1297.8269171858474, "share_of_state": 0.0017266385800124317}}, {"type": "Feature", "geometry": {"type": "Point", "coordinates": [-71.74593875749999, 42.29668492416667]}, "properties": {"state": "MA", "cluster_id": 94, "county": "WORCESTER", "severity": 24, "radius_m": 1382.135211547394, "share_of_state": 0.0016575730368119344}}, {"type": "Feature", "geometry": {"type": "Point", "coordinates": [-71.86031052999999, 42.03670824708333]}, "properties": {"state": "MA", "cluster_id": 165, "county": "WORCESTER", "severity": 24, "radius_m": 940.0500083284372, "share_of_state": 0.0016575730368119344}}, {"type": "Feature", "geometry": {"type": "Point", "coordinates": [-70.5926154, 41.68184802208334]}, "properties": {"state": "MA", "cluster_id": 186, "county": "BARNSTABLE", "severity": 24, "radius_m": 1376.117478067975, "share_of_state": 0.0016575730368119344}}, {"type": "Feature", "geometry": {"type": "Point", "coordinates": [-70.79404779583332, 42.094475270000004]}, "properties": {"state": "MA", "cluster_id": 194, "county": "PLYMOUTH", "severity": 24, "radius_m": 1193.9063174246658, "share_of_state": 0.0016575730368119344}}, {"type": "Feature", "geometry": {"type": "Point", "coordinates": [-71.37208821374999, 42.36773182375]}, "properties": {"state": "MA", "cluster_id": 200, "county": "MIDDLESEX", "severity": 24, "radius_m": 1157.8573232095334, "share_of_state": 0.0016575730368119344}}, {"type": "Feature", "geometry": {"type": "Point", "coordinates": [-73.23677609833334, 42.669786995]}, "properties": {"state": "MA", "cluster_id": 205, "county": "BERKSHIRE", "severity": 24, "radius_m": 197.25463570121804, "share_of_state": 0.0016575730368119344}}, {"type": "Feature", "geometry": {"type": "Point", "coordinates": [-71.78237305625, 42.2074439425]}, "properties": {"state": "MA", "cluster_id": 216, "county": "WORCESTER", "severity": 24, "radius_m": 1196.9011788382388, "share_of_state": 0.0016575730368119344}}, {"type": "Feature", "geometry": {"type": "Point", "coordinates": [-71.01067514291667, 42.71728390249999]}, "properties": {"state": "MA", "cluster_id": 225, "county": "ESSEX", "severity": 24, "radius_m": 177.47394915534687, "share_of_state": 0.0016575730368119344}}, {"type": "Feature", "geometry": {"type": "Point", "coordinates": [-70.83136807958333, 42.11165670291667]}, "properties": {"state": "MA", "cluster_id": 235, "county": "PLYMOUTH", "severity": 24, "radius_m": 1335.4066779012726, "share_of_state": 0.0016575730368119344}}, {"type": "Feature", "geometry": {"type": "Point", "coordinates": [-70.97368190478261, 42.67879223695652]}, "properties": {"state": "MA", "cluster_id": 115, "county": "ESSEX", "severity": 23, "radius_m": 254.18286277047946, "share_of_state": 0.0015885074936114372}}, {"type": "Feature", "geometry": {"type": "Point", "coordinates": [-71.34448934, 41.95018272826087]}, "properties": {"state": "MA", "cluster_id": 167, "county": "BRISTOL", "severity": 23, "radius_m": 378.5788220336546, "share_of_state": 0.0015885074936114372}}, {"type": "Feature", "geometry": {"type": "Point", "coordinates": [-71.80096135043478, 42.607812097826084]}, "properties": {"state": "MA", "cluster_id": 219, "county": "WORCESTER", "severity": 23, "radius_m": 342.1743272598625, "share_of_state": 0.0015885074936114372}}, {"type": "Feature", "geometry": {"type": "Point", "coordinates": [-71.14656544130436, 41.932093322608694]}, "properties": {"state": "MA", "cluster_id": 237, "county": "BRISTOL", "severity": 23, "radius_m": 1163.830311705438, "share_of_state": 0.0015885074936114372}}, {"type": "Feature", "geometry": {"type": "Point", "coordinates": [-71.31144293181819, 42.037063620909095]}, "properties": {"state": "MA", "cluster_id": 65, "county": "NORFOLK", "severity": 22, "radius_m": 1000.3155507074446, "share_of_state": 0.00151944195041094}}, {"type": "Feature", "geometry": {"type": "Point", "coordinates": [-71.40311789681819, 42.41510793954546]}, "properties": {"state": "MA", "cluster_id": 87, "county": "MIDDLESEX", "severity": 22, "radius_m": 747.6112929142166, "share_of_state": 0.00151944195041094}}, {"type": "Feature", "geometry": {"type": "Point", "coordinates": [-71.6728581990909, 42.331872627727265]}, "properties": {"state": "MA", "cluster_id": 92, "county": "WORCESTER", "severity": 22, "radius_m": 1470.3463103842303, "share_of_state": 0.00151944195041094}}, {"type": "Feature", "geometry": {"type": "Point", "coordinates": [-70.3842739259091, 41.69657593181819]}, "properties": {"state": "MA", "cluster_id": 98, "county": "BARNSTABLE", "severity": 22, "radius_m": 187.7891724485799, "share_of_state": 0.00151944195041094}}, {"type": "Feature", "geometry": {"type": "Point", "coordinates": [-71.41058575727271, 42.38077433909091]}, "properties": {"state": "MA", "cluster_id": 190, "county": "MIDDLESEX", "severity": 22, "radius_m": 1250.1696822813974, "share_of_state": 0.00151944195041094}}, {"type": "Feature", "geometry": {"type": "Point", "coordinates": [-71.11083998363638, 41.908496659545456]}, "properties": {"state": "MA", "cluster_id": 217, "county": "BRISTOL", "severity": 22, "radius_m": 1494.3396231716272, "share_of_state": 0.00151944195041094}}, {"type": "Feature", "geometry": {"type": "Point", "coordinates": [-71.17045235952381, 42.170613363809515]}, "properties": {"state": "MA", "cluster_id": 39, "county": "NORFOLK", "severity": 21, "radius_m": 561.3663900550916, "share_of_state": 0.0014503764072104426}}, {"type": "Feature", "geometry": {"type": "Point", "coordinates": [-72.80550635619048, 42.449597881428566]}, "properties": {"state": "MA", "cluster_id": 114, "county": "HAMPSHIRE", "severity": 21, "radius_m": 1241.2495272474089, "share_of_state": 0.0014503764072104426}}, {"type": "Feature", "geometry": {"type": "Point", "coordinates": [-70.14991860190476, 41.678256433333324]}, "properties": {"state": "MA", "cluster_id": 130, "county": "BARNSTABLE", "severity": 21, "radius_m": 1312.9711856941374, "share_of_state": 0.0014503764072104426}}, {"type": "Feature", "geometry": {"type": "Point", "coordinates": [-72.60910703809523, 42.278552958571424]}, "properties": {"state": "MA", "cluster_id": 169, "county": "HAMPDEN", "severity": 21, "radius_m": 1143.2489282072108, "share_of_state": 0.0014503764072104426}}, {"type": "Feature", "geometry": {"type": "Point", "coordinates": [-72.51705939000001, 42.040559848095235]}, "properties": {"state": "MA", "cluster_id": 170, "county": "HAMPDEN", "severity": 21, "radius_m": 967.1346986256387, "share_of_state": 0.0014503764072104426}}, {"type": "Feature", "geometry": {"type": "Point", "coordinates": [-71.9428768157143, 42.1664438595238]}, "properties": {"state": "MA", "cluster_id": 171, "county": "WORCESTER", "severity": 21, "radius_m": 310.1248743103835, "share_of_state": 0.0014503764072104426}}, {"type": "Feature", "geometry": {"type": "Point", "coordinates": [-70.4935701657143, 41.74121130666666]}, "properties": {"state": "MA", "cluster_id": 191, "county": "BARNSTABLE", "severity": 21, "radius_m": 1041.984945274571, "share_of_state": 0.0014503764072104426}}, {"type": "Feature", "geometry": {"type": "Point", "coordinates": [-72.42137596250001, 42.20217884650001]}, "properties": {"state": "MA", "cluster_id": 41, "county": "HAMPDEN", "severity": 20, "radius_m": 100.0, "share_of_state": 0.0013813108640099454}}, {"type": "Feature", "geometry": {"type": "Point", "coordinates": [-69.992583927, 41.260158749000006]}, "properties": {"state": "MA", "cluster_id": 59, "county": "NANTUCKET", "severity": 20, "radius_m": 1199.280063999428, "share_of_state": 0.0013813108640099454}}, {"type": "Feature", "geometry": {"type": "Point", "coordinates": [-71.2631417095, 42.397237997000005]}, "properties": {"state": "MA", "cluster_id": 136, "county": "MIDDLESEX", "severity": 20, "radius_m": 1054.026509835949, "share_of_state": 0.0013813108640099454}}, {"type": "Feature", "geometry": {"type": "Point", "coordinates": [-71.7226725395, 42.31750494799999]}, "properties": {"state": "MA", "cluster_id": 138, "county": "WORCESTER", "severity": 20, "radius_m": 1006.4513212206882, "share_of_state": 0.0013813108640099454}}, {"type": "Feature", "geometry": {"type": "Point", "coordinates": [-70.60472713700001, 41.6461715745]}, "properties": {"state": "MA", "cluster_id": 142, "county": "BARNSTABLE", "severity": 20, "radius_m": 166.20603007141432, "share_of_state": 0.0013813108640099454}}, {"type": "Feature", "geometry": {"type": "Point", "coordinates": [-71.20800492999999, 42.294748092]}, "properties": {"state": "MA", "cluster_id": 161, "county": "NORFOLK", "severity": 20, "radius_m": 955.6654197162753, "share_of_state": 0.0013813108640099454}}, {"type": "Feature", "geometry": {"type": "Point", "coordinates": [-71.286870246, 42.16525643000001]}, "properties": {"state": "MA", "cluster_id": 221, "county": "NORFOLK", "severity": 20, "radius_m": 100.0, "share_of_state": 0.0013813108640099454}}, {"type": "Feature", "geometry": {"type": "Point", "coordinates": [-70.94822308052632, 41.853111485263156]}, "properties": {"state": "MA", "cluster_id": 5, "county": "PLYMOUTH", "severity": 19, "radius_m": 1317.4586623542377, "share_of_state": 0.001312245320809448}}, {"type": "Feature", "geometry": {"type": "Point", "coordinates": [-70.0159456805263, 41.26276872368421]}, "properties": {"state": "MA", "cluster_id": 113, "county": "NANTUCKET", "severity": 19, "radius_m": 374.68381544260006, "share_of_state": 0.001312245320809448}}, {"type": "Feature", "geometry": {"type": "Point", "coordinates": [-70.83694772947368, 41.91700992526316]}, "properties": {"state": "MA", "cluster_id": 123, "county": "PLYMOUTH", "severity": 19, "radius_m": 1266.068279530507, "share_of_state": 0.001312245320809448}}, {"type": "Feature", "geometry": {"type": "Point", "coordinates": [-70.53799812684211, 41.86019849052632]}, "properties": {"state": "MA", "cluster_id": 174, "county": "PLYMOUTH", "severity": 19, "radius_m": 100.0, "share_of_state": 0.001312245320809448}}, {"type": "Feature", "geometry": {"type": "Point", "coordinates": [-71.13942638, 42.119261168947375]}, "properties": {"state": "MA", "cluster_id": 182, "county": "NORFOLK", "severity": 19, "radius_m": 1056.642545271995, "share_of_state": 0.001312245320809448}}, {"type": "Feature", "geometry": {"type": "Point", "coordinates": [-71.77580894631579, 42.43093577736842]}, "properties": {"state": "MA", "cluster_id": 203, "county": "WORCESTER", "severity": 19, "radius_m": 1194.1392459838548, "share_of_state": 0.001312245320809448}}, {"type": "Feature", "geometry": {"type": "Point", "coordinates": [-71.18773666888889, 42.03100343888889]}, "properties": {"state": "MA", "cluster_id": 107, "county": "BRISTOL", "severity": 18, "radius_m": 206.52167715954084, "share_of_state": 0.0012431797776089508}}, {"type": "Feature", "geometry": {"type": "Point", "coordinates": [-70.19621754944444, 41.734838374444436]}, "properties": {"state": "MA", "cluster_id": 143, "county": "BARNSTABLE", "severity": 18, "radius_m": 1047.5682466271503, "share_of_state": 0.0012431797776089508}}, {"type": "Feature", "geometry": {"type": "Point", "coordinates": [-71.11880284611111, 41.71920189388888]}, "properties": {"state": "MA", "cluster_id": 157, "county": "BRISTOL", "severity": 18, "radius_m": 807.1635598316336, "share_of_state": 0.0012431797776089508}}, {"type": "Feature", "geometry": {"type": "Point", "coordinates": [-71.96956197222224, 42.14571366444444]}, "properties": {"state": "MA", "cluster_id": 209, "county": "WORCESTER", "severity": 18, "radius_m": 1028.5768681633022, "share_of_state": 0.0012431797776089508}}, {"type": "Feature", "geometry": {"type": "Point", "coordinates": [-71.50165239, 42.67073014555555]}, "properties": {"state": "MA", "cluster_id": 222, "county": "MIDDLESEX", "severity": 18, "radius_m": 1247.6131530957518, "share_of_state": 0.0012431797776089508}}, {"type": "Feature", "geometry": {"type": "Point", "coordinates": [-72.41793259444445, 42.30405252833333]}, "properties": {"state": "MA", "cluster_id": 229, "county": "HAMPSHIRE", "severity": 18, "radius_m": 1070.8218604230447, "share_of_state": 0.0012431797776089508}}, {"type": "Feature", "geometry": {"type": "Point", "coordinates": [-71.8078277438889, 42.35528534722222]}, "properties": {"state": "MA", "cluster_id": 252, "county": "WORCESTER", "severity": 18, "radius_m": 1181.9867957585436, "share_of_state": 0.0012431797776089508}}, {"type": "Feature", "geometry": {"type": "Point", "coordinates": [-70.82064471529411, 41.82438023]}, "properties": {"state": "MA", "cluster_id": 153, "county": "PLYMOUTH", "severity": 17, "radius_m": 1030.9941903657023, "share_of_state": 0.0011741142344084536}}, {"type": "Feature", "geometry": {"type": "Point", "coordinates": [-71.05399236647058, 41.56908779529412]}, "properties": {"state": "MA", "cluster_id": 160, "county": "BRISTOL", "severity": 17, "radius_m": 1197.01945083477, "share_of_state": 0.0011741142344084536}}, {"type": "Feature", "geometry": {"type": "Point", "coordinates": [-71.03250611764706, 41.535074787058825]}, "properties": {"state": "MA", "cluster_id": 180, "county": "BRISTOL", "severity": 17, "radius_m": 1008.0257215954556, "share_of_state": 0.0011741142344084536}}, {"type": "Feature", "geometry": {"type": "Point", "coordinates": [-72.86171204882353, 42.16776010705882]}, "properties": {"state": "MA", "cluster_id": 208, "county": "HAMPDEN", "severity": 17, "radius_m": 100.0, "share_of_state": 0.0011741142344084536}}, {"type": "Feature", "geometry": {"type": "Point", "coordinates": [-71.1054284964706, 42.556356512352934]}, "properties": {"state": "MA", "cluster_id": 210, "county": "MIDDLESEX", "severity": 17, "radius_m": 978.3318972547547, "share_of_state": 0.0011741142344084536}}, {"type": "Feature", "geometry": {"type": "Point", "coordinates": [-70.74378555, 42.15256976588235]}, "properties": {"state": "MA", "cluster_id": 233, "county": "PLYMOUTH", "severity": 17, "radius_m": 259.925185971398, "share_of_state": 0.0011741142344084536}}, {"type": "Feature", "geometry": {"type": "Point", "coordinates": [-71.32267058, 42.23356890176471]}, "properties": {"state": "MA", "cluster_id": 246, "county": "NORFOLK", "severity": 17, "radius_m": 221.4375844658815, "share_of_state": 0.0011741142344084536}}, {"type": "Feature", "geometry": {"type": "Point", "coordinates": [-70.80004643062499, 41.661894956875]}, "properties": {"state": "MA", "cluster_id": 53, "county": "PLYMOUTH", "severity": 16, "radius_m": 140.6811356062232, "share_of_state": 0.0011050486912079563}}, {"type": "Feature", "geometry": {"type": "Point", "coordinates": [-71.676652949375, 42.226103736875]}, "properties": {"state": "MA", "cluster_id": 108, "county": "WORCESTER", "severity": 16, "radius_m": 832.6645601226396, "share_of_state": 0.0011050486912079563}}, {"type": "Feature", "geometry": {"type": "Point", "coordinates": [-71.43287944625, 42.09378003250001]}, "properties": {"state": "MA", "cluster_id": 147, "county": "NORFOLK", "severity": 16, "radius_m": 1042.6698951213077, "share_of_state": 0.0011050486912079563}}, {"type": "Feature", "geometry": {"type": "Point", "coordinates": [-70.733352433125, 42.11319571]}, "properties": {"state": "MA", "cluster_id": 148, "county": "PLYMOUTH", "severity": 16, "radius_m": 197.53001029773677, "share_of_state": 0.0011050486912079563}}, {"type": "Feature", "geometry": {"type": "Point", "coordinates": [-70.822778323125, 41.778398275]}, "properties": {"state": "MA", "cluster_id": 188, "county": "PLYMOUTH", "severity": 16, "radius_m": 1168.193175023407, "share_of_state": 0.0011050486912079563}}, {"type": "Feature", "geometry": {"type": "Point", "coordinates": [-71.396285965625, 42.063427225625]}, "properties": {"state": "MA", "cluster_id": 214, "county": "NORFOLK", "severity": 16, "radius_m": 175.72178939227746, "share_of_state": 0.0011050486912079563}}, {"type": "Feature", "geometry": {"type": "Point", "coordinates": [-71.22098828937499, 42.383414874375]}, "properties": {"state": "MA", "cluster_id": 238, "county": "MIDDLESEX", "severity": 16, "radius_m": 956.5177873262434, "share_of_state": 0.0011050486912079563}}, {"type": "Feature", "geometry": {"type": "Point", "coordinates": [-71.685371054375, 42.278329426250004]}, "properties": {"state": "MA", "cluster_id": 241, "county": "WORCESTER", "severity": 16, "radius_m": 1060.585279132513, "share_of_state": 0.0011050486912079563}}, {"type": "Feature", "geometry": {"type": "Point", "coordinates": [-72.504475258125, 42.10002608625]}, "properties": {"state": "MA", "cluster_id": 244, "county": "HAMPDEN", "severity": 16, "radius_m": 880.1803073377976, "share_of_state": 0.0011050486912079563}}, {"type": "Feature", "geometry": {"type": "Point", "coordinates": [-71.35600237625, 42.142881505625]}, "properties": {"state": "MA", "cluster_id": 250, "county": "NORFOLK", "severity": 16, "radius_m": 1057.4285762370002, "share_of_state": 0.0011050486912079563}}, {"type": "Feature", "geometry": {"type": "Point", "coordinates": [-71.41141396866668, 42.36298534]}, "properties": {"state": "MA", "cluster_id": 76, "county": "MIDDLESEX", "severity": 15, "radius_m": 1049.2416042125603, "share_of_state": 0.001035983148007459}}, {"type": "Feature", "geometry": {"type": "Point", "coordinates": [-72.387810256, 42.28406225599999]}, "properties": {"state": "MA", "cluster_id": 81, "county": "HAMPSHIRE", "severity": 15, "radius_m": 251.32478415278578, "share_of_state": 0.001035983148007459}}, {"type": "Feature", "geometry": {"type": "Point", "coordinates": [-71.47977627399999, 42.06297545333334]}, "properties": {"state": "MA", "cluster_id": 179, "county": "NORFOLK", "severity": 15, "radius_m": 662.3954608486754, "share_of_state": 0.001035983148007459}}, {"type": "Feature", "geometry": {"type": "Point", "coordinates": [-73.23182241933334, 42.51008812799999]}, "properties": {"state": "MA", "cluster_id": 181, "county": "BERKSHIRE", "severity": 15, "radius_m": 100.0, "share_of_state": 0.001035983148007459}}, {"type": "Feature", "geometry": {"type": "Point", "coordinates": [-71.500532898, 42.207580101333335]}, "properties": {"state": "MA", "cluster_id": 192, "county": "MIDDLESEX", "severity": 15, "radius_m": 1056.998627183523, "share_of_state": 0.001035983148007459}}, {"type": "Feature", "geometry": {"type": "Point", "coordinates": [-72.97674269933333, 42.228316301333344]}, "properties": {"state": "MA", "cluster_id": 202, "county": "HAMPDEN", "severity": 15, "radius_m": 100.0, "share_of_state": 0.001035983148007459}}, {"type": "Feature", "geometry": {"type": "Point", "coordinates": [-71.39671963866667, 42.46728567066666]}, "properties": {"state": "MA", "cluster_id": 207, "county": "MIDDLESEX", "severity": 15, "radius_m": 100.0, "share_of_state": 0.001035983148007459}}, {"type": "Feature", "geometry": {"type": "Point", "coordinates": [-71.367256252, 42.443020477333334]}, "properties": {"state": "MA", "cluster_id": 213, "county": "MIDDLESEX", "severity": 15, "radius_m": 886.2827217364252, "share_of_state": 0.001035983148007459}}, {"type": "Feature", "geometry": {"type": "Point", "coordinates": [-70.99283405799999, 42.59634323866667]}, "properties": {"state": "MA", "cluster_id": 226, "county": "ESSEX", "severity": 15, "radius_m": 1009.9708040880787, "share_of_state": 0.001035983148007459}}, {"type": "Feature", "geometry": {"type": "Point", "coordinates": [-71.24701552200001, 41.95114285933334]}, "properties": {"state": "MA", "cluster_id": 231, "county": "BRISTOL", "severity": 15, "radius_m": 930.036819426531, "share_of_state": 0.001035983148007459}}, {"type": "Feature", "geometry": {"type": "Point", "coordinates": [-71.71984415266667, 42.22420916266666]}, "properties": {"state": "MA", "cluster_id": 236, "county": "WORCESTER", "severity": 15, "radius_m": 268.7908641397544, "share_of_state": 0.001035983148007459}}, {"type": "Feature", "geometry": {"type": "Point", "coordinates": [-73.10685326, 42.63769402000001]}, "properties": {"state": "MA", "cluster_id": 239, "county": "BERKSHIRE", "severity": 15, "radius_m": 973.97766446486, "share_of_state": 0.001035983148007459}}, {"type": "Feature", "geometry": {"type": "Point", "coordinates": [-71.76005143799999, 42.51092177333333]}, "properties": {"state": "MA", "cluster_id": 240, "county": "WORCESTER", "severity": 15, "radius_m": 989.1346655103004, "share_of_state": 0.001035983148007459}}, {"type": "Feature", "geometry": {"type": "Point", "coordinates": [-70.97930101799999, 41.606770234]}, "properties": {"state": "MA", "cluster_id": 242, "county": "BRISTOL", "severity": 15, "radius_m": 181.40042294099038, "share_of_state": 0.001035983148007459}}, {"type": "Feature", "geometry": {"type": "Point", "coordinates": [-72.134015754, 42.141868679999995]}, "properties": {"state": "MA", "cluster_id": 245, "county": "WORCESTER", "severity": 15, "radius_m": 252.91003269458605, "share_of_state": 0.001035983148007459}}, {"type": "Feature", "geometry": {"type": "Point", "coordinates": [-70.58197109333334, 41.939942033333324]}, "properties": {"state": "MA", "cluster_id": 248, "county": "PLYMOUTH", "severity": 15, "radius_m": 782.5552831850679, "share_of_state": 0.001035983148007459}}, {"type": "Feature", "geometry": {"type": "Point", "coordinates": [-71.25462894533332, 42.473212925999995]}, "properties": {"state": "MA", "cluster_id": 255, "county": "MIDDLESEX", "severity": 15, "radius_m": 1038.6109873885873, "share_of_state": 0.001035983148007459}}, {"type": "Feature", "geometry": {"type": "Point", "coordinates": [-71.30336555933333, 42.085487482000005]}, "properties": {"state": "MA", "cluster_id": 256, "county": "NORFOLK", "severity": 15, "radius_m": 1118.690920233384, "share_of_state": 0.001035983148007459}}, {"type": "Feature", "geometry": {"type": "Point", "coordinates": [-72.30489366066666, 42.562379322]}, "properties": {"state": "MA", "cluster_id": 258, "county": "FRANKLIN", "severity": 15, "radius_m": 792.9377247196943, "share_of_state": 0.001035983148007459}}, {"type": "Feature", "geometry": {"type": "Point", "coordinates": [-71.52844699500001, 42.31914711642856]}, "properties": {"state": "MA", "cluster_id": 154, "county": "WORCESTER", "severity": 14, "radius_m": 829.7957743813511, "share_of_state": 0.0009669176048069618}}, {"type": "Feature", "geometry": {"type": "Point", "coordinates": [-72.73990361, 42.14639904615384]}, "properties": {"state": "MA", "cluster_id": 212, "county": "HAMPDEN", "severity": 13, "radius_m": 628.0137031098482, "share_of_state": 0.0008978520616064645}}, {"type": "Feature", "geometry": {"type": "Point", "coordinates": [-70.16452424846156, 41.695764823846154]}, "properties": {"state": "MA", "cluster_id": 243, "county": "BARNSTABLE", "severity": 13, "radius_m": 136.10300138060288, "share_of_state": 0.0008978520616064645}}, {"type": "Feature", "geometry": {"type": "Point", "coordinates": [-71.47613318083332, 42.605928492500006]}, "properties": {"state": "MA", "cluster_id": 223, "county": "MIDDLESEX", "severity": 12, "radius_m": 190.45511045136027, "share_of_state": 0.0008287865184059672}}, {"type": "Feature", "geometry": {"type": "Point", "coordinates": [-71.01494614666666, 42.592163324999994]}, "properties": {"state": "MA", "cluster_id": 251, "county": "ESSEX", "severity": 12, "radius_m": 908.0094657278947, "share_of_state": 0.0008287865184059672}}, {"type": "Feature", "geometry": {"type": "Point", "coordinates": [-70.6820333825, 42.06479862416667]}, "properties": {"state": "MA", "cluster_id": 253, "county": "PLYMOUTH", "severity": 12, "radius_m": 123.3338001600268, "share_of_state": 0.0008287865184059672}}, {"type": "Feature", "geometry": {"type": "Point", "coordinates": [-71.71005798727273, 42.274779747272724]}, "properties": {"state": "MA", "cluster_id": 247, "county": "WORCESTER", "severity": 11, "radius_m": 791.4407865975716, "share_of_state": 0.00075972097520547}}, {"type": "Feature", "geometry": {"type": "Point", "coordinates": [-71.12742078181817, 41.803673068181816]}, "properties": {"state": "MA", "cluster_id": 257, "county": "BRISTOL", "severity": 11, "radius_m": 219.15154681679263, "share_of_state": 0.00075972097520547}}, {"type": "Feature", "geometry": {"type": "Point", "coordinates": [-69.997676025, 41.761285564000005]}, "properties": {"state": "MA", "cluster_id": 227, "county": "BARNSTABLE", "severity": 10, "radius_m": 788.8117191086213, "share_of_state": 0.0006906554320049727}}, {"type": "Feature", "geometry": {"type": "Point", "coordinates": [-71.29241445599999, 41.998297654]}, "properties": {"state": "MA", "cluster_id": 228, "county": "BRISTOL", "severity": 10, "radius_m": 718.3836648932897, "share_of_state": 0.0006906554320049727}}, {"type": "Feature", "geometry": {"type": "Point", "coordinates": [-70.98801187, 42.206502768]}, "properties": {"state": "MA", "cluster_id": 254, "county": "NORFOLK", "severity": 10, "radius_m": 606.217508514458, "share_of_state": 0.0006906554320049727}}, {"type": "Feature", "geometry": {"type": "Point", "coordinates": [-71.37575878625, 42.45570116625]}, "properties": {"state": "MA", "cluster_id": 224, "county": "MIDDLESEX", "severity": 8, "radius_m": 362.3168138373303, "share_of_state": 0.0005525243456039781}}, {"type": "Feature", "geometry": {"type": "Point", "coordinates": [-70.873624235, 41.68872853]}, "properties": {"state": "MA", "cluster_id": 232, "county": "BRISTOL", "severity": 8, "radius_m": 292.2841409630191, "share_of_state": 0.0005525243456039781}}, {"type": "Feature", "geometry": {"type": "Point", "coordinates": [-71.32720776571429, 42.675256385714285]}, "properties": {"state": "MA", "cluster_id": 162, "county": "MIDDLESEX", "severity": 7, "radius_m": 637.9712543944082, "share_of_state": 0.0004834588024034809}}, {"type": "Feature", "geometry": {"type": "Point", "coordinates": [-72.55456867857143, 42.44617634142857]}, "properties": {"state": "MA", "cluster_id": 215, "county": "FRANKLIN", "severity": 7, "radius_m": 292.50641093560245, "share_of_state": 0.0004834588024034809}}, {"type": "Feature", "geometry": {"type": "Point", "coordinates": [-73.108276455, 42.24633431499999]}, "properties": {"state": "MA", "cluster_id": 234, "county": "BERKSHIRE", "severity": 6, "radius_m": 293.9211369664752, "share_of_state": 0.0004143932592029836}}, {"type": "Feature", "geometry": {"type": "Point", "coordinates": [-71.76407336, 42.443725314999995]}, "properties": {"state": "MA", "cluster_id": 249, "county": "WORCESTER", "severity": 6, "radius_m": 485.0441960752579, "share_of_state": 0.0004143932592029836}}, {"type": "Feature", "geometry": {"type": "Point", "coordinates": [-82.4460634608345, 36.4961275967603]}, "properties": {"state": "TN", "cluster_id": 213, "county": "Unknown", "severity": 1606, "radius_m": 3000.0, "share_of_state": 0.13759424263193967}}, {"type": "Feature", "geometry": {"type": "Point", "coordinates": [-87.25566447543234, 36.522581713410574]}, "properties": {"state": "TN", "cluster_id": 27, "county": "Unknown", "severity": 1461, "radius_m": 3000.0, "share_of_state": 0.12517135023989034}}, {"type": "Feature", "geometry": {"type": "Point", "coordinates": [-85.18407074106675, 35.21650445973108]}, "properties": {"state": "TN", "cluster_id": 141, "county": "Unknown", "severity": 455, "radius_m": 3000.0, "share_of_state": 0.03898217957505141}}, {"type": "Feature", "geometry": {"type": "Point", "coordinates": [-82.51372396191464, 36.279163999169846]}, "properties": {"state": "TN", "cluster_id": 212, "county": "Unknown", "severity": 265, "radius_m": 3000.0, "share_of_state": 0.0227039067854695}}, {"type": "Feature", "geometry": {"type": "Point", "coordinates": [-86.4390173002192, 35.85983629322239]}, "properties": {"state": "TN", "cluster_id": 62, "county": "Unknown", "severity": 221, "radius_m": 3000.0, "share_of_state": 0.018934201507882113}}, {"type": "Feature", "geometry": {"type": "Point", "coordinates": [-86.5191615314394, 36.205829300657584]}, "properties": {"state": "TN", "cluster_id": 103, "county": "Unknown", "severity": 178, "radius_m": 3000.0, "share_of_state": 0.01525017135023989}}, {"type": "Feature", "geometry": {"type": "Point", "coordinates": [-82.26055619845678, 36.3331420100129]}, "properties": {"state": "TN", "cluster_id": 204, "county": "Unknown", "severity": 177, "radius_m": 3000.0, "share_of_state": 0.015164496230294722}}, {"type": "Feature", "geometry": {"type": "Point", "coordinates": [-82.18687844480444, 36.55691619883011]}, "properties": {"state": "TN", "cluster_id": 230, "county": "Unknown", "severity": 158, "radius_m": 3000.0, "share_of_state": 0.013536668951336532}}, {"type": "Feature", "geometry": {"type": "Point", "coordinates": [-85.08547747500137, 35.16282639651895]}, "properties": {"state": "TN", "cluster_id": 145, "county": "Unknown", "severity": 157, "radius_m": 3000.0, "share_of_state": 0.013450993831391363}}, {"type": "Feature", "geometry": {"type": "Point", "coordinates": [-86.41210674952859, 36.2224043790706]}, "properties": {"state": "TN", "cluster_id": 106, "county": "Unknown", "severity": 148, "radius_m": 3000.0, "share_of_state": 0.012679917751884852}}, {"type": "Feature", "geometry": {"type": "Point", "coordinates": [-89.70769127332373, 35.03541767980313]}, "properties": {"state": "TN", "cluster_id": 15, "county": "Unknown", "severity": 137, "radius_m": 3000.0, "share_of_state": 0.011737491432488005}}, {"type": "Feature", "geometry": {"type": "Point", "coordinates": [-86.6812202061897, 36.46051394563828]}, "properties": {"state": "TN", "cluster_id": 55, "county": "Unknown", "severity": 120, "radius_m": 3000.0, "share_of_state": 0.01028101439342015}}, {"type": "Feature", "geometry": {"type": "Point", "coordinates": [-86.58661630717748, 36.32976699676634]}, "properties": {"state": "TN", "cluster_id": 82, "county": "Unknown", "severity": 113, "radius_m": 3000.0, "share_of_state": 0.009681288553803975}}, {"type": "Feature", "geometry": {"type": "Point", "coordinates": [-86.66502103766845, 35.85223054363662]}, "properties": {"state": "TN", "cluster_id": 95, "county": "Unknown", "severity": 110, "radius_m": 3000.0, "share_of_state": 0.009424263193968472}}, {"type": "Feature", "geometry": {"type": "Point", "coordinates": [-82.20372712631374, 36.37584460416046]}, "properties": {"state": "TN", "cluster_id": 205, "county": "Unknown", "severity": 103, "radius_m": 3000.0, "share_of_state": 0.008824537354352296}}, {"type": "Feature", "geometry": {"type": "Point", "coordinates": [-86.47209878720665, 35.80064845380192]}, "properties": {"state": "TN", "cluster_id": 65, "county": "Unknown", "severity": 95, "radius_m": 3000.0, "share_of_state": 0.008139136394790953}}, {"type": "Feature", "geometry": {"type": "Point", "coordinates": [-86.35968550563248, 35.77849316992868]}, "properties": {"state": "TN", "cluster_id": 66, "county": "Unknown", "severity": 93, "radius_m": 3000.0, "share_of_state": 0.007967786154900618}}, {"type": "Feature", "geometry": {"type": "Point", "coordinates": [-87.08424309225398, 35.606769901251155]}, "properties": {"state": "TN", "cluster_id": 43, "county": "Unknown", "severity": 90, "radius_m": 3000.0, "share_of_state": 0.007710760795065113}}, {"type": "Feature", "geometry": {"type": "Point", "coordinates": [-85.08453242921513, 35.067025275958436]}, "properties": {"state": "TN", "cluster_id": 148, "county": "Unknown", "severity": 78, "radius_m": 3000.0, "share_of_state": 0.006682659355723098}}, {"type": "Feature", "geometry": {"type": "Point", "coordinates": [-86.51866434185534, 35.939672819405466]}, "properties": {"state": "TN", "cluster_id": 63, "county": "Unknown", "severity": 76, "radius_m": 2724.119859266057, "share_of_state": 0.0065113091158327625}}, {"type": "Feature", "geometry": {"type": "Point", "coordinates": [-85.23830060226648, 35.112523522897064]}, "properties": {"state": "TN", "cluster_id": 146, "county": "Unknown", "severity": 74, "radius_m": 2406.8842219056487, "share_of_state": 0.006339958875942426}}, {"type": "Feature", "geometry": {"type": "Point", "coordinates": [-89.82234877609974, 35.13721470578439]}, "properties": {"state": "TN", "cluster_id": 11, "county": "Unknown", "severity": 69, "radius_m": 2939.313992346128, "share_of_state": 0.005911583276216587}}, {"type": "Feature", "geometry": {"type": "Point", "coordinates": [-84.28021609869788, 35.824126092730495]}, "properties": {"state": "TN", "cluster_id": 218, "county": "Unknown", "severity": 68, "radius_m": 2943.101504109588, "share_of_state": 0.005825908156271419}}, {"type": "Feature", "geometry": {"type": "Point", "coordinates": [-86.74716548416255, 35.825462799960604]}, "properties": {"state": "TN", "cluster_id": 94, "county": "Unknown", "severity": 66, "radius_m": 3000.0, "share_of_state": 0.005654557916381083}}, {"type": "Feature", "geometry": {"type": "Point", "coordinates": [-84.63920201520564, 35.883908908129285]}, "properties": {"state": "TN", "cluster_id": 226, "county": "Unknown", "severity": 66, "radius_m": 2364.8883415325445, "share_of_state": 0.005654557916381083}}, {"type": "Feature", "geometry": {"type": "Point", "coordinates": [-86.71211782403962, 35.98721565751246]}, "properties": {"state": "TN", "cluster_id": 31, "county": "Unknown", "severity": 61, "radius_m": 3000.0, "share_of_state": 0.005226182316655243}}, {"type": "Feature", "geometry": {"type": "Point", "coordinates": [-86.18847383375186, 36.39356028026685]}, "properties": {"state": "TN", "cluster_id": 91, "county": "Unknown", "severity": 60, "radius_m": 2608.7860123795585, "share_of_state": 0.005140507196710075}}, {"type": "Feature", "geometry": {"type": "Point", "coordinates": [-85.34852859590387, 36.35014319513597]}, "properties": {"state": "TN", "cluster_id": 163, "county": "Unknown", "severity": 59, "radius_m": 3000.0, "share_of_state": 0.005054832076764907}}, {"type": "Feature", "geometry": {"type": "Point", "coordinates": [-86.82628731967978, 35.460069954100554]}, "properties": {"state": "TN", "cluster_id": 42, "county": "Unknown", "severity": 58, "radius_m": 242.8507291594739, "share_of_state": 0.0049691569568197395}}, {"type": "Feature", "geometry": {"type": "Point", "coordinates": [-86.66395710750096, 35.9187129328057]}, "properties": {"state": "TN", "cluster_id": 100, "county": "Unknown", "severity": 57, "radius_m": 213.26186068359974, "share_of_state": 0.004883481836874572}}, {"type": "Feature", "geometry": {"type": "Point", "coordinates": [-86.27917685077901, 36.18410071562448]}, "properties": {"state": "TN", "cluster_id": 108, "county": "Unknown", "severity": 57, "radius_m": 3000.0, "share_of_state": 0.004883481836874572}}, {"type": "Feature", "geometry": {"type": "Point", "coordinates": [-84.30622318277203, 35.995363899585314]}, "properties": {"state": "TN", "cluster_id": 201, "county": "Unknown", "severity": 55, "radius_m": 297.1823769679264, "share_of_state": 0.004712131596984236}}, {"type": "Feature", "geometry": {"type": "Point", "coordinates": [-84.84663318348996, 35.24232757238445]}, "properties": {"state": "TN", "cluster_id": 127, "county": "Unknown", "severity": 54, "radius_m": 3000.0, "share_of_state": 0.004626456477039068}}, {"type": "Feature", "geometry": {"type": "Point", "coordinates": [-85.16006335434331, 35.09481872063272]}, "properties": {"state": "TN", "cluster_id": 147, "county": "Unknown", "severity": 54, "radius_m": 2343.524781855677, "share_of_state": 0.004626456477039068}}, {"type": "Feature", "geometry": {"type": "Point", "coordinates": [-89.8818098227088, 35.24465770976116]}, "properties": {"state": "TN", "cluster_id": 13, "county": "Unknown", "severity": 53, "radius_m": 2360.0248952899187, "share_of_state": 0.0045407813570939}}, {"type": "Feature", "geometry": {"type": "Point", "coordinates": [-84.5296633545758, 35.89225272400697]}, "properties": {"state": "TN", "cluster_id": 223, "county": "Unknown", "severity": 52, "radius_m": 2328.8280265389503, "share_of_state": 0.004455106237148732}}, {"type": "Feature", "geometry": {"type": "Point", "coordinates": [-86.31330777671313, 35.82957146173849]}, "properties": {"state": "TN", "cluster_id": 73, "county": "Unknown", "severity": 50, "radius_m": 140.2368376626949, "share_of_state": 0.004283755997258396}}, {"type": "Feature", "geometry": {"type": "Point", "coordinates": [-85.5613396700399, 35.80703496697821]}, "properties": {"state": "TN", "cluster_id": 178, "county": "Unknown", "severity": 50, "radius_m": 139.1303405816635, "share_of_state": 0.004283755997258396}}, {"type": "Feature", "geometry": {"type": "Point", "coordinates": [-89.66943658405302, 35.27219333985219]}, "properties": {"state": "TN", "cluster_id": 14, "county": "Unknown", "severity": 49, "radius_m": 2132.1954142524482, "share_of_state": 0.004198080877313228}}, {"type": "Feature", "geometry": {"type": "Point", "coordinates": [-86.63631366260266, 36.53513221846614]}, "properties": {"state": "TN", "cluster_id": 57, "county": "Unknown", "severity": 48, "radius_m": 2486.5838224643694, "share_of_state": 0.00411240575736806}}, {"type": "Feature", "geometry": {"type": "Point", "coordinates": [-89.53369888253056, 35.73090197950237]}, "properties": {"state": "TN", "cluster_id": 6, "county": "Unknown", "severity": 47, "radius_m": 2674.4239095950375, "share_of_state": 0.004026730637422892}}, {"type": "Feature", "geometry": {"type": "Point", "coordinates": [-84.63829427375855, 35.459620382100766]}, "properties": {"state": "TN", "cluster_id": 158, "county": "Unknown", "severity": 47, "radius_m": 2437.348862680501, "share_of_state": 0.004026730637422892}}, {"type": "Feature", "geometry": {"type": "Point", "coordinates": [-85.02626178193505, 35.46898406132405]}, "properties": {"state": "TN", "cluster_id": 171, "county": "Unknown", "severity": 46, "radius_m": 2232.371010486826, "share_of_state": 0.0039410555174777245}}, {"type": "Feature", "geometry": {"type": "Point", "coordinates": [-82.3914720085158, 36.28862765569994]}, "properties": {"state": "TN", "cluster_id": 235, "county": "Unknown", "severity": 46, "radius_m": 2451.2047376089445, "share_of_state": 0.0039410555174777245}}, {"type": "Feature", "geometry": {"type": "Point", "coordinates": [-89.48653976954363, 35.80484755062167]}, "properties": {"state": "TN", "cluster_id": 5, "county": "Unknown", "severity": 45, "radius_m": 2168.0611769301086, "share_of_state": 0.0038553803975325566}}, {"type": "Feature", "geometry": {"type": "Point", "coordinates": [-84.91106631925359, 35.184554331689085]}, "properties": {"state": "TN", "cluster_id": 125, "county": "Unknown", "severity": 45, "radius_m": 326.9736693869854, "share_of_state": 0.0038553803975325566}}, {"type": "Feature", "geometry": {"type": "Point", "coordinates": [-85.52746738018371, 36.177430595355936]}, "properties": {"state": "TN", "cluster_id": 166, "county": "Unknown", "severity": 45, "radius_m": 2101.4730180835227, "share_of_state": 0.0038553803975325566}}, {"type": "Feature", "geometry": {"type": "Point", "coordinates": [-86.7872714699331, 35.992822471923645]}, "properties": {"state": "TN", "cluster_id": 97, "county": "Unknown", "severity": 44, "radius_m": 2759.0961222553565, "share_of_state": 0.0037697052775873888}}, {"type": "Feature", "geometry": {"type": "Point", "coordinates": [-84.58884992482753, 35.4665537005703]}, "properties": {"state": "TN", "cluster_id": 156, "county": "Unknown", "severity": 44, "radius_m": 2212.805416109787, "share_of_state": 0.0037697052775873888}}, {"type": "Feature", "geometry": {"type": "Point", "coordinates": [-86.55396676858001, 35.97411518803486]}, "properties": {"state": "TN", "cluster_id": 67, "county": "Unknown", "severity": 43, "radius_m": 2201.091618243502, "share_of_state": 0.0036840301576422205}}, {"type": "Feature", "geometry": {"type": "Point", "coordinates": [-86.61470116203726, 36.37000548992085]}, "properties": {"state": "TN", "cluster_id": 81, "county": "Unknown", "severity": 43, "radius_m": 2280.9432816130243, "share_of_state": 0.0036840301576422205}}, {"type": "Feature", "geometry": {"type": "Point", "coordinates": [-82.3948836931989, 36.166642044993054]}, "properties": {"state": "TN", "cluster_id": 233, "county": "Unknown", "severity": 42, "radius_m": 2150.108996864678, "share_of_state": 0.0035983550376970526}}, {"type": "Feature", "geometry": {"type": "Point", "coordinates": [-86.30246039052788, 36.233134504512805]}, "properties": {"state": "TN", "cluster_id": 107, "county": "Unknown", "severity": 41, "radius_m": 2066.5298696059326, "share_of_state": 0.003512679917751885}}, {"type": "Feature", "geometry": {"type": "Point", "coordinates": [-82.540224234931, 36.16702221719794]}, "properties": {"state": "TN", "cluster_id": 237, "county": "Unknown", "severity": 40, "radius_m": 100.0, "share_of_state": 0.003427004797806717}}, {"type": "Feature", "geometry": {"type": "Point", "coordinates": [-84.82157098113767, 35.148300948236766]}, "properties": {"state": "TN", "cluster_id": 128, "county": "Unknown", "severity": 39, "radius_m": 2153.012212067708, "share_of_state": 0.003341329677861549}}, {"type": "Feature", "geometry": {"type": "Point", "coordinates": [-81.78703427692567, 36.43067312169984]}, "properties": {"state": "TN", "cluster_id": 214, "county": "Unknown", "severity": 39, "radius_m": 179.7997049830479, "share_of_state": 0.003341329677861549}}, {"type": "Feature", "geometry": {"type": "Point", "coordinates": [-86.50805958235847, 35.99425519713141]}, "properties": {"state": "TN", "cluster_id": 64, "county": "Unknown", "severity": 38, "radius_m": 2167.98102175933, "share_of_state": 0.0032556545579163812}}, {"type": "Feature", "geometry": {"type": "Point", "coordinates": [-81.80610810651231, 36.48064483900305]}, "properties": {"state": "TN", "cluster_id": 217, "county": "Unknown", "severity": 37, "radius_m": 2255.13194954181, "share_of_state": 0.003169979437971213}}, {"type": "Feature", "geometry": {"type": "Point", "coordinates": [-85.3412087946938, 35.125688515308724]}, "properties": {"state": "TN", "cluster_id": 151, "county": "Unknown", "severity": 36, "radius_m": 1760.318456869169, "share_of_state": 0.003084304318026045}}, {"type": "Feature", "geometry": {"type": "Point", "coordinates": [-85.62104077627765, 35.768646431305505]}, "properties": {"state": "TN", "cluster_id": 179, "county": "Unknown", "severity": 36, "radius_m": 334.44408998532697, "share_of_state": 0.003084304318026045}}, {"type": "Feature", "geometry": {"type": "Point", "coordinates": [-84.34104784140685, 35.781021934937115]}, "properties": {"state": "TN", "cluster_id": 219, "county": "Unknown", "severity": 36, "radius_m": 2192.824457718379, "share_of_state": 0.003084304318026045}}, {"type": "Feature", "geometry": {"type": "Point", "coordinates": [-88.39325020240973, 35.65129229971224]}, "properties": {"state": "TN", "cluster_id": 2, "county": "Unknown", "severity": 35, "radius_m": 1751.9829706024589, "share_of_state": 0.0029986291980808773}}, {"type": "Feature", "geometry": {"type": "Point", "coordinates": [-88.79389373786222, 35.676539534787636]}, "properties": {"state": "TN", "cluster_id": 7, "county": "Unknown", "severity": 35, "radius_m": 2129.0438894407775, "share_of_state": 0.0029986291980808773}}, {"type": "Feature", "geometry": {"type": "Point", "coordinates": [-86.32446245514814, 35.90586048745258]}, "properties": {"state": "TN", "cluster_id": 76, "county": "Unknown", "severity": 35, "radius_m": 1829.36464948518, "share_of_state": 0.0029986291980808773}}, {"type": "Feature", "geometry": {"type": "Point", "coordinates": [-86.36272138804209, 36.570992413624595]}, "properties": {"state": "TN", "cluster_id": 85, "county": "Unknown", "severity": 35, "radius_m": 330.1062164330694, "share_of_state": 0.0029986291980808773}}, {"type": "Feature", "geometry": {"type": "Point", "coordinates": [-86.50641289084736, 36.52316215698686]}, "properties": {"state": "TN", "cluster_id": 89, "county": "Unknown", "severity": 35, "radius_m": 192.28234295456988, "share_of_state": 0.0029986291980808773}}, {"type": "Feature", "geometry": {"type": "Point", "coordinates": [-86.67640417166456, 36.31119557263383]}, "properties": {"state": "TN", "cluster_id": 30, "county": "Unknown", "severity": 34, "radius_m": 2005.7452781606657, "share_of_state": 0.0029129540781357094}}, {"type": "Feature", "geometry": {"type": "Point", "coordinates": [-87.59477308463018, 36.538540004202964]}, "properties": {"state": "TN", "cluster_id": 48, "county": "Unknown", "severity": 34, "radius_m": 129.42419586598575, "share_of_state": 0.0029129540781357094}}, {"type": "Feature", "geometry": {"type": "Point", "coordinates": [-84.45678728033431, 35.869439084703636]}, "properties": {"state": "TN", "cluster_id": 224, "county": "Unknown", "severity": 34, "radius_m": 1718.8720456008273, "share_of_state": 0.0029129540781357094}}, {"type": "Feature", "geometry": {"type": "Point", "coordinates": [-86.44535735428718, 36.18173322701853]}, "properties": {"state": "TN", "cluster_id": 104, "county": "Unknown", "severity": 33, "radius_m": 2167.5869282332937, "share_of_state": 0.0028272789581905416}}, {"type": "Feature", "geometry": {"type": "Point", "coordinates": [-88.49799252261153, 35.68341058960095]}, "properties": {"state": "TN", "cluster_id": 1, "county": "Unknown", "severity": 32, "radius_m": 100.0, "share_of_state": 0.0027416038382453737}}, {"type": "Feature", "geometry": {"type": "Point", "coordinates": [-86.51837523679932, 35.86482538011185]}, "properties": {"state": "TN", "cluster_id": 70, "county": "Unknown", "severity": 32, "radius_m": 2022.2221098522366, "share_of_state": 0.0027416038382453737}}, {"type": "Feature", "geometry": {"type": "Point", "coordinates": [-84.93154561094032, 35.99581487642479]}, "properties": {"state": "TN", "cluster_id": 135, "county": "Unknown", "severity": 32, "radius_m": 200.0700148374191, "share_of_state": 0.0027416038382453737}}, {"type": "Feature", "geometry": {"type": "Point", "coordinates": [-84.39321449303313, 35.91596741534863]}, "properties": {"state": "TN", "cluster_id": 227, "county": "Unknown", "severity": 32, "radius_m": 100.0, "share_of_state": 0.0027416038382453737}}, {"type": "Feature", "geometry": {"type": "Point", "coordinates": [-84.88211862135361, 35.24784390793982]}, "properties": {"state": "TN", "cluster_id": 130, "county": "Unknown", "severity": 31, "radius_m": 1661.8806863254758, "share_of_state": 0.0026559287183002054}}, {"type": "Feature", "geometry": {"type": "Point", "coordinates": [-84.99410385227443, 35.895138003613155]}, "properties": {"state": "TN", "cluster_id": 189, "county": "Unknown", "severity": 31, "radius_m": 128.81063658072767, "share_of_state": 0.0026559287183002054}}, {"type": "Feature", "geometry": {"type": "Point", "coordinates": [-82.3242409268359, 36.25192701956065]}, "properties": {"state": "TN", "cluster_id": 207, "county": "Unknown", "severity": 31, "radius_m": 156.5135755268293, "share_of_state": 0.0026559287183002054}}, {"type": "Feature", "geometry": {"type": "Point", "coordinates": [-86.43811344553168, 35.93554674322319]}, "properties": {"state": "TN", "cluster_id": 71, "county": "Unknown", "severity": 30, "radius_m": 1376.4737071727666, "share_of_state": 0.0025702535983550376}}, {"type": "Feature", "geometry": {"type": "Point", "coordinates": [-87.37758754456338, 36.472383257308444]}, "properties": {"state": "TN", "cluster_id": 47, "county": "Unknown", "severity": 29, "radius_m": 1983.0339595039015, "share_of_state": 0.0024845784784098698}}, {"type": "Feature", "geometry": {"type": "Point", "coordinates": [-87.38432452661826, 36.392296409157645]}, "properties": {"state": "TN", "cluster_id": 50, "county": "Unknown", "severity": 29, "radius_m": 1672.6014860398295, "share_of_state": 0.0024845784784098698}}, {"type": "Feature", "geometry": {"type": "Point", "coordinates": [-86.97876446451131, 36.43327745061244]}, "properties": {"state": "TN", "cluster_id": 59, "county": "Unknown", "severity": 29, "radius_m": 100.0, "share_of_state": 0.0024845784784098698}}, {"type": "Feature", "geometry": {"type": "Point", "coordinates": [-85.2958737058869, 35.12493458614322]}, "properties": {"state": "TN", "cluster_id": 152, "county": "Unknown", "severity": 29, "radius_m": 1851.1014268632664, "share_of_state": 0.0024845784784098698}}, {"type": "Feature", "geometry": {"type": "Point", "coordinates": [-89.07242614277102, 35.29326863132776]}, "properties": {"state": "TN", "cluster_id": 0, "county": "Unknown", "severity": 28, "radius_m": 398.74372798561205, "share_of_state": 0.002398903358464702}}, {"type": "Feature", "geometry": {"type": "Point", "coordinates": [-86.95788069227935, 35.634977231677304]}, "properties": {"state": "TN", "cluster_id": 46, "county": "Unknown", "severity": 28, "radius_m": 100.0, "share_of_state": 0.002398903358464702}}, {"type": "Feature", "geometry": {"type": "Point", "coordinates": [-86.14926007391844, 35.294452791179324]}, "properties": {"state": "TN", "cluster_id": 140, "county": "Unknown", "severity": 28, "radius_m": 229.13792551919423, "share_of_state": 0.002398903358464702}}, {"type": "Feature", "geometry": {"type": "Point", "coordinates": [-85.12273437280405, 35.35603308047956]}, "properties": {"state": "TN", "cluster_id": 149, "county": "Unknown", "severity": 28, "radius_m": 100.0, "share_of_state": 0.002398903358464702}}, {"type": "Feature", "geometry": {"type": "Point", "coordinates": [-85.46266633720731, 36.17115637669779]}, "properties": {"state": "TN", "cluster_id": 165, "county": "Unknown", "severity": 28, "radius_m": 1904.122566578804, "share_of_state": 0.002398903358464702}}, {"type": "Feature", "geometry": {"type": "Point", "coordinates": [-82.32980494227431, 36.30569571356739]}, "properties": {"state": "TN", "cluster_id": 206, "county": "Unknown", "severity": 28, "radius_m": 1824.7492078815085, "share_of_state": 0.002398903358464702}}, {"type": "Feature", "geometry": {"type": "Point", "coordinates": [-82.22708715116092, 36.58814639541741]}, "properties": {"state": "TN", "cluster_id": 231, "county": "Unknown", "severity": 28, "radius_m": 1223.1568010764686, "share_of_state": 0.002398903358464702}}, {"type": "Feature", "geometry": {"type": "Point", "coordinates": [-89.73394384824799, 35.098965005167685]}, "properties": {"state": "TN", "cluster_id": 8, "county": "Unknown", "severity": 27, "radius_m": 1766.3772352932801, "share_of_state": 0.002313228238519534}}, {"type": "Feature", "geometry": {"type": "Point", "coordinates": [-86.72143354490169, 36.36055231871506]}, "properties": {"state": "TN", "cluster_id": 32, "county": "Unknown", "severity": 27, "radius_m": 1607.2076096361754, "share_of_state": 0.002313228238519534}}, {"type": "Feature", "geometry": {"type": "Point", "coordinates": [-87.05439110834614, 35.20827052960502]}, "properties": {"state": "TN", "cluster_id": 36, "county": "Unknown", "severity": 27, "radius_m": 1471.285083845107, "share_of_state": 0.002313228238519534}}, {"type": "Feature", "geometry": {"type": "Point", "coordinates": [-86.55816566080314, 35.15214218951215]}, "properties": {"state": "TN", "cluster_id": 38, "county": "Unknown", "severity": 27, "radius_m": 1599.847896316329, "share_of_state": 0.002313228238519534}}, {"type": "Feature", "geometry": {"type": "Point", "coordinates": [-86.84357591049313, 36.5051654272386]}, "properties": {"state": "TN", "cluster_id": 54, "county": "Unknown", "severity": 27, "radius_m": 1972.9438598433096, "share_of_state": 0.002313228238519534}}, {"type": "Feature", "geometry": {"type": "Point", "coordinates": [-86.74985512739633, 36.4762999874117]}, "properties": {"state": "TN", "cluster_id": 60, "county": "Unknown", "severity": 27, "radius_m": 159.05847542557854, "share_of_state": 0.002313228238519534}}, {"type": "Feature", "geometry": {"type": "Point", "coordinates": [-84.61721362603534, 35.497161570246405]}, "properties": {"state": "TN", "cluster_id": 159, "county": "Unknown", "severity": 27, "radius_m": 354.21344354382467, "share_of_state": 0.002313228238519534}}, {"type": "Feature", "geometry": {"type": "Point", "coordinates": [-85.41229142363096, 36.22339197132212]}, "properties": {"state": "TN", "cluster_id": 164, "county": "Unknown", "severity": 27, "radius_m": 100.0, "share_of_state": 0.002313228238519534}}, {"type": "Feature", "geometry": {"type": "Point", "coordinates": [-81.84692346327904, 36.46638160633981]}, "properties": {"state": "TN", "cluster_id": 216, "county": "Unknown", "severity": 27, "radius_m": 1740.389998213316, "share_of_state": 0.002313228238519534}}, {"type": "Feature", "geometry": {"type": "Point", "coordinates": [-85.05242201380067, 35.10541892826505]}, "properties": {"state": "TN", "cluster_id": 143, "county": "Unknown", "severity": 26, "radius_m": 1638.6041906104363, "share_of_state": 0.002227553118574366}}, {"type": "Feature", "geometry": {"type": "Point", "coordinates": [-85.29046211682203, 35.95749243339226]}, "properties": {"state": "TN", "cluster_id": 182, "county": "Unknown", "severity": 26, "radius_m": 100.0, "share_of_state": 0.002227553118574366}}, {"type": "Feature", "geometry": {"type": "Point", "coordinates": [-82.68845813707308, 36.22558732675414]}, "properties": {"state": "TN", "cluster_id": 211, "county": "Unknown", "severity": 26, "radius_m": 324.5479034502992, "share_of_state": 0.002227553118574366}}, {"type": "Feature", "geometry": {"type": "Point", "coordinates": [-82.4349285061114, 36.13289971211611]}, "properties": {"state": "TN", "cluster_id": 234, "county": "Unknown", "severity": 26, "radius_m": 1880.1003493082742, "share_of_state": 0.002227553118574366}}, {"type": "Feature", "geometry": {"type": "Point", "coordinates": [-89.43535298501592, 35.87083047965226]}, "properties": {"state": "TN", "cluster_id": 4, "county": "Unknown", "severity": 25, "radius_m": 1442.0771022279569, "share_of_state": 0.002141877998629198}}, {"type": "Feature", "geometry": {"type": "Point", "coordinates": [-86.5699228603189, 35.11323278542683]}, "properties": {"state": "TN", "cluster_id": 39, "county": "Unknown", "severity": 25, "radius_m": 1380.7529480754988, "share_of_state": 0.002141877998629198}}, {"type": "Feature", "geometry": {"type": "Point", "coordinates": [-86.50074237484648, 35.154513523496576]}, "properties": {"state": "TN", "cluster_id": 40, "county": "Unknown", "severity": 25, "radius_m": 100.0, "share_of_state": 0.002141877998629198}}, {"type": "Feature", "geometry": {"type": "Point", "coordinates": [-86.4162919810731, 35.71427607926105]}, "properties": {"state": "TN", "cluster_id": 74, "county": "Unknown", "severity": 25, "radius_m": 196.03657933985502, "share_of_state": 0.002141877998629198}}, {"type": "Feature", "geometry": {"type": "Point", "coordinates": [-86.78111989206863, 35.896382091483986]}, "properties": {"state": "TN", "cluster_id": 93, "county": "Unknown", "severity": 25, "radius_m": 1965.810619708682, "share_of_state": 0.002141877998629198}}, {"type": "Feature", "geometry": {"type": "Point", "coordinates": [-86.17983814958706, 36.319118818495475]}, "properties": {"state": "TN", "cluster_id": 111, "county": "Unknown", "severity": 25, "radius_m": 100.0, "share_of_state": 0.002141877998629198}}, {"type": "Feature", "geometry": {"type": "Point", "coordinates": [-84.8077701347134, 35.30087034268391]}, "properties": {"state": "TN", "cluster_id": 129, "county": "Unknown", "severity": 25, "radius_m": 1628.2664179088151, "share_of_state": 0.002141877998629198}}, {"type": "Feature", "geometry": {"type": "Point", "coordinates": [-85.58046256243804, 36.13956574321329]}, "properties": {"state": "TN", "cluster_id": 167, "county": "Unknown", "severity": 25, "radius_m": 1530.9100559755668, "share_of_state": 0.002141877998629198}}, {"type": "Feature", "geometry": {"type": "Point", "coordinates": [-85.49879621124353, 35.84701618991149]}, "properties": {"state": "TN", "cluster_id": 181, "county": "Unknown", "severity": 25, "radius_m": 1741.039161391879, "share_of_state": 0.002141877998629198}}, {"type": "Feature", "geometry": {"type": "Point", "coordinates": [-86.0834801329362, 35.49595771607461]}, "properties": {"state": "TN", "cluster_id": 185, "county": "Unknown", "severity": 25, "radius_m": 1702.7532355091764, "share_of_state": 0.002141877998629198}}, {"type": "Feature", "geometry": {"type": "Point", "coordinates": [-86.08254993708196, 35.4641124518438]}, "properties": {"state": "TN", "cluster_id": 186, "county": "Unknown", "severity": 25, "radius_m": 1534.9556647983059, "share_of_state": 0.002141877998629198}}, {"type": "Feature", "geometry": {"type": "Point", "coordinates": [-84.26079846746114, 35.69982106739567]}, "properties": {"state": "TN", "cluster_id": 222, "county": "Unknown", "severity": 25, "radius_m": 249.12904504474088, "share_of_state": 0.002141877998629198}}, {"type": "Feature", "geometry": {"type": "Point", "coordinates": [-87.05782062192384, 35.17261568213556]}, "properties": {"state": "TN", "cluster_id": 37, "county": "Unknown", "severity": 24, "radius_m": 1734.0283052337168, "share_of_state": 0.00205620287868403}}, {"type": "Feature", "geometry": {"type": "Point", "coordinates": [-87.23689700813769, 36.61843625221658]}, "properties": {"state": "TN", "cluster_id": 49, "county": "Unknown", "severity": 24, "radius_m": 1655.2669695757354, "share_of_state": 0.00205620287868403}}, {"type": "Feature", "geometry": {"type": "Point", "coordinates": [-86.27452622417832, 36.50099799183574]}, "properties": {"state": "TN", "cluster_id": 84, "county": "Unknown", "severity": 24, "radius_m": 1478.0948412166415, "share_of_state": 0.00205620287868403}}, {"type": "Feature", "geometry": {"type": "Point", "coordinates": [-86.3358642550071, 36.19957344361289]}, "properties": {"state": "TN", "cluster_id": 105, "county": "Unknown", "severity": 24, "radius_m": 1767.6464104465379, "share_of_state": 0.00205620287868403}}, {"type": "Feature", "geometry": {"type": "Point", "coordinates": [-84.9846424020805, 35.95983801338526]}, "properties": {"state": "TN", "cluster_id": 133, "county": "Unknown", "severity": 24, "radius_m": 1689.901760228339, "share_of_state": 0.00205620287868403}}, {"type": "Feature", "geometry": {"type": "Point", "coordinates": [-84.22112716631919, 36.035115482550395]}, "properties": {"state": "TN", "cluster_id": 202, "county": "Unknown", "severity": 24, "radius_m": 1750.181896923005, "share_of_state": 0.00205620287868403}}, {"type": "Feature", "geometry": {"type": "Point", "coordinates": [-83.99746699975869, 35.84548494216597]}, "properties": {"state": "TN", "cluster_id": 203, "county": "Unknown", "severity": 24, "radius_m": 1489.0684186311335, "share_of_state": 0.00205620287868403}}, {"type": "Feature", "geometry": {"type": "Point", "coordinates": [-82.79726775592273, 36.17687494039872]}, "properties": {"state": "TN", "cluster_id": 209, "county": "Unknown", "severity": 24, "radius_m": 1772.4139982521046, "share_of_state": 0.00205620287868403}}, {"type": "Feature", "geometry": {"type": "Point", "coordinates": [-89.73343735737666, 35.21635258390461]}, "properties": {"state": "TN", "cluster_id": 10, "county": "Unknown", "severity": 23, "radius_m": 1489.375279231211, "share_of_state": 0.0019705277587388622}}, {"type": "Feature", "geometry": {"type": "Point", "coordinates": [-89.76451415036873, 35.45977835585689]}, "properties": {"state": "TN", "cluster_id": 18, "county": "Unknown", "severity": 23, "radius_m": 1417.999198224055, "share_of_state": 0.0019705277587388622}}, {"type": "Feature", "geometry": {"type": "Point", "coordinates": [-87.47319632177403, 36.43772567692665]}, "properties": {"state": "TN", "cluster_id": 52, "county": "Unknown", "severity": 23, "radius_m": 166.2816990545028, "share_of_state": 0.0019705277587388622}}, {"type": "Feature", "geometry": {"type": "Point", "coordinates": [-86.57504175217913, 35.85665021591708]}, "properties": {"state": "TN", "cluster_id": 69, "county": "Unknown", "severity": 23, "radius_m": 1686.5310408364194, "share_of_state": 0.0019705277587388622}}, {"type": "Feature", "geometry": {"type": "Point", "coordinates": [-86.75006477480436, 35.78489797729487]}, "properties": {"state": "TN", "cluster_id": 96, "county": "Unknown", "severity": 23, "radius_m": 230.35829665261176, "share_of_state": 0.0019705277587388622}}, {"type": "Feature", "geometry": {"type": "Point", "coordinates": [-86.02534702088197, 36.07465388801274]}, "properties": {"state": "TN", "cluster_id": 137, "county": "Unknown", "severity": 23, "radius_m": 166.44748412192024, "share_of_state": 0.0019705277587388622}}, {"type": "Feature", "geometry": {"type": "Point", "coordinates": [-85.25346704792715, 36.131743855989264]}, "properties": {"state": "TN", "cluster_id": 169, "county": "Unknown", "severity": 23, "radius_m": 1585.5369234030006, "share_of_state": 0.0019705277587388622}}, {"type": "Feature", "geometry": {"type": "Point", "coordinates": [-86.06048179027138, 35.82337001541889]}, "properties": {"state": "TN", "cluster_id": 184, "county": "Unknown", "severity": 23, "radius_m": 1785.4421915259284, "share_of_state": 0.0019705277587388622}}, {"type": "Feature", "geometry": {"type": "Point", "coordinates": [-85.06548019446176, 35.90068912490469]}, "properties": {"state": "TN", "cluster_id": 188, "county": "Unknown", "severity": 23, "radius_m": 1739.126028317384, "share_of_state": 0.0019705277587388622}}, {"type": "Feature", "geometry": {"type": "Point", "coordinates": [-82.02242644063905, 36.356127737311915]}, "properties": {"state": "TN", "cluster_id": 215, "county": "Unknown", "severity": 23, "radius_m": 355.3340491317619, "share_of_state": 0.0019705277587388622}}, {"type": "Feature", "geometry": {"type": "Point", "coordinates": [-84.39075971497297, 35.73297211581519]}, "properties": {"state": "TN", "cluster_id": 221, "county": "Unknown", "severity": 23, "radius_m": 1885.293976504642, "share_of_state": 0.0019705277587388622}}, {"type": "Feature", "geometry": {"type": "Point", "coordinates": [-86.3180494614386, 35.722988643908415]}, "properties": {"state": "TN", "cluster_id": 68, "county": "Unknown", "severity": 22, "radius_m": 1401.6008636693957, "share_of_state": 0.0018848526387936944}}, {"type": "Feature", "geometry": {"type": "Point", "coordinates": [-86.23658558022127, 36.55406233993596]}, "properties": {"state": "TN", "cluster_id": 87, "county": "Unknown", "severity": 22, "radius_m": 1506.085529694216, "share_of_state": 0.0018848526387936944}}, {"type": "Feature", "geometry": {"type": "Point", "coordinates": [-84.98912639736308, 35.13825465215811]}, "properties": {"state": "TN", "cluster_id": 126, "county": "Unknown", "severity": 22, "radius_m": 1738.5131222065606, "share_of_state": 0.0018848526387936944}}, {"type": "Feature", "geometry": {"type": "Point", "coordinates": [-85.3768495130762, 36.28171705538643]}, "properties": {"state": "TN", "cluster_id": 162, "county": "Unknown", "severity": 22, "radius_m": 1717.4002476291816, "share_of_state": 0.0018848526387936944}}, {"type": "Feature", "geometry": {"type": "Point", "coordinates": [-85.07672662181992, 35.43621705421242]}, "properties": {"state": "TN", "cluster_id": 172, "county": "Unknown", "severity": 22, "radius_m": 1622.2577220665044, "share_of_state": 0.0018848526387936944}}, {"type": "Feature", "geometry": {"type": "Point", "coordinates": [-88.44982174181088, 35.66325176138083]}, "properties": {"state": "TN", "cluster_id": 3, "county": "Unknown", "severity": 21, "radius_m": 1580.8572390610404, "share_of_state": 0.0017991775188485263}}, {"type": "Feature", "geometry": {"type": "Point", "coordinates": [-86.49636821826948, 35.51339031804323]}, "properties": {"state": "TN", "cluster_id": 25, "county": "Unknown", "severity": 21, "radius_m": 100.0, "share_of_state": 0.0017991775188485263}}, {"type": "Feature", "geometry": {"type": "Point", "coordinates": [-87.5359021736799, 36.532474305461285]}, "properties": {"state": "TN", "cluster_id": 51, "county": "Unknown", "severity": 21, "radius_m": 1401.4587564148894, "share_of_state": 0.0017991775188485263}}, {"type": "Feature", "geometry": {"type": "Point", "coordinates": [-86.27564444157835, 36.56498129281244]}, "properties": {"state": "TN", "cluster_id": 86, "county": "Unknown", "severity": 21, "radius_m": 263.1110247466795, "share_of_state": 0.0017991775188485263}}, {"type": "Feature", "geometry": {"type": "Point", "coordinates": [-86.07464061411267, 36.36493136806786]}, "properties": {"state": "TN", "cluster_id": 92, "county": "Unknown", "severity": 21, "radius_m": 100.0, "share_of_state": 0.0017991775188485263}}, {"type": "Feature", "geometry": {"type": "Point", "coordinates": [-86.8909337825385, 35.81625643951426]}, "properties": {"state": "TN", "cluster_id": 99, "county": "Unknown", "severity": 21, "radius_m": 1712.6471395774665, "share_of_state": 0.0017991775188485263}}, {"type": "Feature", "geometry": {"type": "Point", "coordinates": [-86.25834049103003, 36.38592278584111]}, "properties": {"state": "TN", "cluster_id": 121, "county": "Unknown", "severity": 21, "radius_m": 1403.0795646002682, "share_of_state": 0.0017991775188485263}}, {"type": "Feature", "geometry": {"type": "Point", "coordinates": [-85.6744750549961, 35.72710854024007]}, "properties": {"state": "TN", "cluster_id": 180, "county": "Unknown", "severity": 21, "radius_m": 1447.846250648155, "share_of_state": 0.0017991775188485263}}, {"type": "Feature", "geometry": {"type": "Point", "coordinates": [-84.38851193959246, 35.028761668071745]}, "properties": {"state": "TN", "cluster_id": 196, "county": "Unknown", "severity": 21, "radius_m": 1733.6765066617272, "share_of_state": 0.0017991775188485263}}, {"type": "Feature", "geometry": {"type": "Point", "coordinates": [-83.18317893127899, 35.893624163591305]}, "properties": {"state": "TN", "cluster_id": 208, "county": "Unknown", "severity": 21, "radius_m": 1300.2177929378126, "share_of_state": 0.0017991775188485263}}, {"type": "Feature", "geometry": {"type": "Point", "coordinates": [-84.36028983507572, 35.956705649467374]}, "properties": {"state": "TN", "cluster_id": 229, "county": "Unknown", "severity": 21, "radius_m": 1259.9803397515539, "share_of_state": 0.0017991775188485263}}, {"type": "Feature", "geometry": {"type": "Point", "coordinates": [-86.00993500727206, 36.51092911599248]}, "properties": {"state": "TN", "cluster_id": 41, "county": "Unknown", "severity": 20, "radius_m": 276.4889468120004, "share_of_state": 0.0017135023989033585}}, {"type": "Feature", "geometry": {"type": "Point", "coordinates": [-84.94507363430728, 35.94639908473762]}, "properties": {"state": "TN", "cluster_id": 134, "county": "Unknown", "severity": 20, "radius_m": 381.5792743601119, "share_of_state": 0.0017135023989033585}}, {"type": "Feature", "geometry": {"type": "Point", "coordinates": [-85.10414708273522, 35.39402513580312]}, "properties": {"state": "TN", "cluster_id": 153, "county": "Unknown", "severity": 20, "radius_m": 1275.868185361631, "share_of_state": 0.0017135023989033585}}, {"type": "Feature", "geometry": {"type": "Point", "coordinates": [-85.00025054026158, 35.25316967488923]}, "properties": {"state": "TN", "cluster_id": 154, "county": "Unknown", "severity": 20, "radius_m": 176.7416271313498, "share_of_state": 0.0017135023989033585}}, {"type": "Feature", "geometry": {"type": "Point", "coordinates": [-85.06014199397539, 35.21587082918745]}, "properties": {"state": "TN", "cluster_id": 155, "county": "Unknown", "severity": 20, "radius_m": 1764.3199996445671, "share_of_state": 0.0017135023989033585}}, {"type": "Feature", "geometry": {"type": "Point", "coordinates": [-84.71207475649058, 35.39375647717848]}, "properties": {"state": "TN", "cluster_id": 157, "county": "Unknown", "severity": 20, "radius_m": 1281.327316899864, "share_of_state": 0.0017135023989033585}}, {"type": "Feature", "geometry": {"type": "Point", "coordinates": [-84.75740955439153, 35.7877863279772]}, "properties": {"state": "TN", "cluster_id": 174, "county": "Unknown", "severity": 20, "radius_m": 100.0, "share_of_state": 0.0017135023989033585}}, {"type": "Feature", "geometry": {"type": "Point", "coordinates": [-84.84689849059178, 35.63752160055035]}, "properties": {"state": "TN", "cluster_id": 177, "county": "Unknown", "severity": 20, "radius_m": 1512.7725270239766, "share_of_state": 0.0017135023989033585}}, {"type": "Feature", "geometry": {"type": "Point", "coordinates": [-86.90778875896784, 36.06032345332927]}, "properties": {"state": "TN", "cluster_id": 33, "county": "Unknown", "severity": 19, "radius_m": 1461.309288173492, "share_of_state": 0.0016278272789581906}}, {"type": "Feature", "geometry": {"type": "Point", "coordinates": [-87.35205820967572, 36.03658261171482]}, "properties": {"state": "TN", "cluster_id": 35, "county": "Unknown", "severity": 19, "radius_m": 1292.6748022243783, "share_of_state": 0.0016278272789581906}}, {"type": "Feature", "geometry": {"type": "Point", "coordinates": [-87.01667800387006, 35.592207047982626]}, "properties": {"state": "TN", "cluster_id": 44, "county": "Unknown", "severity": 19, "radius_m": 1215.6765413271617, "share_of_state": 0.0016278272789581906}}, {"type": "Feature", "geometry": {"type": "Point", "coordinates": [-87.00416899181944, 35.63507649848401]}, "properties": {"state": "TN", "cluster_id": 45, "county": "Unknown", "severity": 19, "radius_m": 1561.7540546179453, "share_of_state": 0.0016278272789581906}}, {"type": "Feature", "geometry": {"type": "Point", "coordinates": [-86.89676145878705, 36.43635369875633]}, "properties": {"state": "TN", "cluster_id": 56, "county": "Unknown", "severity": 19, "radius_m": 1423.5304006990725, "share_of_state": 0.0016278272789581906}}, {"type": "Feature", "geometry": {"type": "Point", "coordinates": [-86.40677289615905, 35.75178682223043]}, "properties": {"state": "TN", "cluster_id": 75, "county": "Unknown", "severity": 19, "radius_m": 230.79776932663114, "share_of_state": 0.0016278272789581906}}, {"type": "Feature", "geometry": {"type": "Point", "coordinates": [-85.90944137245656, 36.1690305270065]}, "properties": {"state": "TN", "cluster_id": 77, "county": "Unknown", "severity": 19, "radius_m": 194.47678756288752, "share_of_state": 0.0016278272789581906}}, {"type": "Feature", "geometry": {"type": "Point", "coordinates": [-85.94086804489017, 36.25619999020966]}, "properties": {"state": "TN", "cluster_id": 78, "county": "Unknown", "severity": 19, "radius_m": 950.6220564790435, "share_of_state": 0.0016278272789581906}}, {"type": "Feature", "geometry": {"type": "Point", "coordinates": [-86.23609509696875, 36.58916246976608]}, "properties": {"state": "TN", "cluster_id": 80, "county": "Unknown", "severity": 19, "radius_m": 178.41833114995205, "share_of_state": 0.0016278272789581906}}, {"type": "Feature", "geometry": {"type": "Point", "coordinates": [-86.88965286481766, 36.02121854669811]}, "properties": {"state": "TN", "cluster_id": 102, "county": "Unknown", "severity": 19, "radius_m": 1777.3838688116816, "share_of_state": 0.0016278272789581906}}, {"type": "Feature", "geometry": {"type": "Point", "coordinates": [-84.8768336856147, 35.65609931990698]}, "properties": {"state": "TN", "cluster_id": 176, "county": "Unknown", "severity": 19, "radius_m": 1440.5209761190013, "share_of_state": 0.0016278272789581906}}, {"type": "Feature", "geometry": {"type": "Point", "coordinates": [-84.88363918051998, 35.087619900326914]}, "properties": {"state": "TN", "cluster_id": 183, "county": "Unknown", "severity": 19, "radius_m": 100.88583197604746, "share_of_state": 0.0016278272789581906}}, {"type": "Feature", "geometry": {"type": "Point", "coordinates": [-82.27968321407566, 36.58706503729997]}, "properties": {"state": "TN", "cluster_id": 232, "county": "Unknown", "severity": 19, "radius_m": 1211.7743372526238, "share_of_state": 0.0016278272789581906}}, {"type": "Feature", "geometry": {"type": "Point", "coordinates": [-82.71256635331217, 36.52078114290155]}, "properties": {"state": "TN", "cluster_id": 239, "county": "Unknown", "severity": 19, "radius_m": 1197.2425584260682, "share_of_state": 0.0016278272789581906}}, {"type": "Feature", "geometry": {"type": "Point", "coordinates": [-86.60127224373188, 36.16829501527371]}, "properties": {"state": "TN", "cluster_id": 29, "county": "Unknown", "severity": 18, "radius_m": 1303.3060872389995, "share_of_state": 0.0015421521590130226}}, {"type": "Feature", "geometry": {"type": "Point", "coordinates": [-85.05960518041061, 34.99527357729591]}, "properties": {"state": "TN", "cluster_id": 142, "county": "Unknown", "severity": 18, "radius_m": 196.9850697783882, "share_of_state": 0.0015421521590130226}}, {"type": "Feature", "geometry": {"type": "Point", "coordinates": [-85.38387859719762, 35.01959242929366]}, "properties": {"state": "TN", "cluster_id": 150, "county": "Unknown", "severity": 18, "radius_m": 1396.019929515528, "share_of_state": 0.0015421521590130226}}, {"type": "Feature", "geometry": {"type": "Point", "coordinates": [-85.02030954125372, 35.83950357203004]}, "properties": {"state": "TN", "cluster_id": 187, "county": "Unknown", "severity": 18, "radius_m": 1297.3172687880299, "share_of_state": 0.0015421521590130226}}, {"type": "Feature", "geometry": {"type": "Point", "coordinates": [-85.03171698160247, 35.166513261667895]}, "properties": {"state": "TN", "cluster_id": 191, "county": "Unknown", "severity": 18, "radius_m": 277.17501931806845, "share_of_state": 0.0015421521590130226}}, {"type": "Feature", "geometry": {"type": "Point", "coordinates": [-85.65755367757289, 36.34479492915206]}, "properties": {"state": "TN", "cluster_id": 193, "county": "Unknown", "severity": 18, "radius_m": 100.0, "share_of_state": 0.0015421521590130226}}, {"type": "Feature", "geometry": {"type": "Point", "coordinates": [-85.62785957730449, 36.1367789881775]}, "properties": {"state": "TN", "cluster_id": 197, "county": "Unknown", "severity": 18, "radius_m": 1488.2023511998577, "share_of_state": 0.0015421521590130226}}, {"type": "Feature", "geometry": {"type": "Point", "coordinates": [-84.25347093932261, 35.86964797353309]}, "properties": {"state": "TN", "cluster_id": 220, "county": "Unknown", "severity": 18, "radius_m": 143.97855603597972, "share_of_state": 0.0015421521590130226}}, {"type": "Feature", "geometry": {"type": "Point", "coordinates": [-82.62337252213244, 36.157615023482876]}, "properties": {"state": "TN", "cluster_id": 236, "county": "Unknown", "severity": 18, "radius_m": 1576.9272673256605, "share_of_state": 0.0015421521590130226}}, {"type": "Feature", "geometry": {"type": "Point", "coordinates": [-88.89475995588725, 35.669727711818076]}, "properties": {"state": "TN", "cluster_id": 20, "county": "Unknown", "severity": 17, "radius_m": 1357.1932188003866, "share_of_state": 0.0014564770390678547}}, {"type": "Feature", "geometry": {"type": "Point", "coordinates": [-89.78510732954112, 35.07611390685179]}, "properties": {"state": "TN", "cluster_id": 23, "county": "Unknown", "severity": 17, "radius_m": 1219.2759407495205, "share_of_state": 0.0014564770390678547}}, {"type": "Feature", "geometry": {"type": "Point", "coordinates": [-86.72094415358667, 36.41576260371307]}, "properties": {"state": "TN", "cluster_id": 61, "county": "Unknown", "severity": 17, "radius_m": 1375.3321160090816, "share_of_state": 0.0014564770390678547}}, {"type": "Feature", "geometry": {"type": "Point", "coordinates": [-86.42481622186818, 36.505938455726806]}, "properties": {"state": "TN", "cluster_id": 90, "county": "Unknown", "severity": 17, "radius_m": 112.11676004587873, "share_of_state": 0.0014564770390678547}}, {"type": "Feature", "geometry": {"type": "Point", "coordinates": [-87.15269660262217, 35.905957979138]}, "properties": {"state": "TN", "cluster_id": 98, "county": "Unknown", "severity": 17, "radius_m": 100.0, "share_of_state": 0.0014564770390678547}}, {"type": "Feature", "geometry": {"type": "Point", "coordinates": [-86.43065362309147, 36.052589126524175]}, "properties": {"state": "TN", "cluster_id": 109, "county": "Unknown", "severity": 17, "radius_m": 100.0, "share_of_state": 0.0014564770390678547}}, {"type": "Feature", "geometry": {"type": "Point", "coordinates": [-86.22893214242885, 36.27382689209779]}, "properties": {"state": "TN", "cluster_id": 112, "county": "Unknown", "severity": 17, "radius_m": 201.91528524778698, "share_of_state": 0.0014564770390678547}}, {"type": "Feature", "geometry": {"type": "Point", "coordinates": [-86.8237899915046, 35.97979907623442]}, "properties": {"state": "TN", "cluster_id": 122, "county": "Unknown", "severity": 17, "radius_m": 1254.4407781109012, "share_of_state": 0.0014564770390678547}}, {"type": "Feature", "geometry": {"type": "Point", "coordinates": [-85.02358432862411, 35.43930264966982]}, "properties": {"state": "TN", "cluster_id": 175, "county": "Unknown", "severity": 17, "radius_m": 1240.6728803912144, "share_of_state": 0.0014564770390678547}}, {"type": "Feature", "geometry": {"type": "Point", "coordinates": [-86.11895311176278, 35.169773542506185]}, "properties": {"state": "TN", "cluster_id": 190, "county": "Unknown", "severity": 17, "radius_m": 1307.50675593649, "share_of_state": 0.0014564770390678547}}, {"type": "Feature", "geometry": {"type": "Point", "coordinates": [-84.58309795975791, 35.429920200182316]}, "properties": {"state": "TN", "cluster_id": 194, "county": "Unknown", "severity": 17, "radius_m": 1146.0572156533335, "share_of_state": 0.0014564770390678547}}, {"type": "Feature", "geometry": {"type": "Point", "coordinates": [-89.7359325462258, 35.162355699543426]}, "properties": {"state": "TN", "cluster_id": 12, "county": "Unknown", "severity": 16, "radius_m": 1326.6905624811664, "share_of_state": 0.0013708019191226869}}, {"type": "Feature", "geometry": {"type": "Point", "coordinates": [-88.82036825607555, 35.64513734557134]}, "properties": {"state": "TN", "cluster_id": 21, "county": "Unknown", "severity": 16, "radius_m": 277.94862942421094, "share_of_state": 0.0013708019191226869}}, {"type": "Feature", "geometry": {"type": "Point", "coordinates": [-88.84347972568096, 35.698252307011344]}, "properties": {"state": "TN", "cluster_id": 24, "county": "Unknown", "severity": 16, "radius_m": 1280.3002157805656, "share_of_state": 0.0013708019191226869}}, {"type": "Feature", "geometry": {"type": "Point", "coordinates": [-87.20447781331126, 36.40558690192487]}, "properties": {"state": "TN", "cluster_id": 26, "county": "Unknown", "severity": 16, "radius_m": 1274.0625185031029, "share_of_state": 0.0013708019191226869}}, {"type": "Feature", "geometry": {"type": "Point", "coordinates": [-87.05485649832931, 36.28728972972799]}, "properties": {"state": "TN", "cluster_id": 28, "county": "Unknown", "severity": 16, "radius_m": 100.0, "share_of_state": 0.0013708019191226869}}, {"type": "Feature", "geometry": {"type": "Point", "coordinates": [-86.82476318820818, 36.235810967302754]}, "properties": {"state": "TN", "cluster_id": 34, "county": "Unknown", "severity": 16, "radius_m": 940.6770266601832, "share_of_state": 0.0013708019191226869}}, {"type": "Feature", "geometry": {"type": "Point", "coordinates": [-86.81293664826583, 36.44552941729263]}, "properties": {"state": "TN", "cluster_id": 58, "county": "Unknown", "severity": 16, "radius_m": 369.0533316838187, "share_of_state": 0.0013708019191226869}}, {"type": "Feature", "geometry": {"type": "Point", "coordinates": [-87.66839941543518, 36.54749556027119]}, "properties": {"state": "TN", "cluster_id": 79, "county": "Unknown", "severity": 16, "radius_m": 141.72338220958363, "share_of_state": 0.0013708019191226869}}, {"type": "Feature", "geometry": {"type": "Point", "coordinates": [-86.18517409372325, 35.36860494674869]}, "properties": {"state": "TN", "cluster_id": 131, "county": "Unknown", "severity": 16, "radius_m": 1196.1710272978316, "share_of_state": 0.0013708019191226869}}, {"type": "Feature", "geometry": {"type": "Point", "coordinates": [-85.06270482412367, 36.01060641337476]}, "properties": {"state": "TN", "cluster_id": 132, "county": "Unknown", "severity": 16, "radius_m": 258.89180017010165, "share_of_state": 0.0013708019191226869}}, {"type": "Feature", "geometry": {"type": "Point", "coordinates": [-85.54196242158767, 36.134914547134635]}, "properties": {"state": "TN", "cluster_id": 168, "county": "Unknown", "severity": 16, "radius_m": 1168.576543237862, "share_of_state": 0.0013708019191226869}}, {"type": "Feature", "geometry": {"type": "Point", "coordinates": [-85.32515890470263, 35.1701342938877]}, "properties": {"state": "TN", "cluster_id": 192, "county": "Unknown", "severity": 16, "radius_m": 154.02559474107701, "share_of_state": 0.0013708019191226869}}, {"type": "Feature", "geometry": {"type": "Point", "coordinates": [-85.46875529305531, 35.85870361884041]}, "properties": {"state": "TN", "cluster_id": 200, "county": "Unknown", "severity": 16, "radius_m": 162.5527322497451, "share_of_state": 0.0013708019191226869}}, {"type": "Feature", "geometry": {"type": "Point", "coordinates": [-89.82729269224357, 35.30572266819295]}, "properties": {"state": "TN", "cluster_id": 16, "county": "Unknown", "severity": 15, "radius_m": 1117.9449377852677, "share_of_state": 0.0012851267991775188}}, {"type": "Feature", "geometry": {"type": "Point", "coordinates": [-89.64905117852577, 35.211399063890084]}, "properties": {"state": "TN", "cluster_id": 17, "county": "Unknown", "severity": 15, "radius_m": 1142.4632529933572, "share_of_state": 0.0012851267991775188}}, {"type": "Feature", "geometry": {"type": "Point", "coordinates": [-88.936044609164, 36.00215549127706]}, "properties": {"state": "TN", "cluster_id": 19, "county": "Unknown", "severity": 15, "radius_m": 967.9953374594686, "share_of_state": 0.0012851267991775188}}, {"type": "Feature", "geometry": {"type": "Point", "coordinates": [-88.82169294989866, 35.77516882437023]}, "properties": {"state": "TN", "cluster_id": 22, "county": "Unknown", "severity": 15, "radius_m": 100.0, "share_of_state": 0.0012851267991775188}}, {"type": "Feature", "geometry": {"type": "Point", "coordinates": [-87.43153848504704, 36.45580770205566]}, "properties": {"state": "TN", "cluster_id": 53, "county": "Unknown", "severity": 15, "radius_m": 1291.7153364100461, "share_of_state": 0.0012851267991775188}}, {"type": "Feature", "geometry": {"type": "Point", "coordinates": [-86.47818936703875, 35.93528374654789]}, "properties": {"state": "TN", "cluster_id": 72, "county": "Unknown", "severity": 15, "radius_m": 1169.3701376114132, "share_of_state": 0.0012851267991775188}}, {"type": "Feature", "geometry": {"type": "Point", "coordinates": [-86.30706240042429, 36.48960759069934]}, "properties": {"state": "TN", "cluster_id": 83, "county": "Unknown", "severity": 15, "radius_m": 104.37932901629075, "share_of_state": 0.0012851267991775188}}, {"type": "Feature", "geometry": {"type": "Point", "coordinates": [-86.46354232393482, 36.441623905588386]}, "properties": {"state": "TN", "cluster_id": 88, "county": "Unknown", "severity": 15, "radius_m": 100.0, "share_of_state": 0.0012851267991775188}}, {"type": "Feature", "geometry": {"type": "Point", "coordinates": [-86.81722528271196, 35.91240485984898]}, "properties": {"state": "TN", "cluster_id": 101, "county": "Unknown", "severity": 15, "radius_m": 999.4078701355978, "share_of_state": 0.0012851267991775188}}, {"type": "Feature", "geometry": {"type": "Point", "coordinates": [-86.41223784941073, 35.47755182567075]}, "properties": {"state": "TN", "cluster_id": 113, "county": "Unknown", "severity": 15, "radius_m": 1109.9035198476956, "share_of_state": 0.0012851267991775188}}, {"type": "Feature", "geometry": {"type": "Point", "coordinates": [-86.78432059974854, 35.43327566964297]}, "properties": {"state": "TN", "cluster_id": 114, "county": "Unknown", "severity": 15, "radius_m": 1177.4604142987678, "share_of_state": 0.0012851267991775188}}, {"type": "Feature", "geometry": {"type": "Point", "coordinates": [-87.21703249698197, 36.43482627082776]}, "properties": {"state": "TN", "cluster_id": 116, "county": "Unknown", "severity": 15, "radius_m": 100.0, "share_of_state": 0.0012851267991775188}}, {"type": "Feature", "geometry": {"type": "Point", "coordinates": [-86.77682899589574, 36.39845186290666]}, "properties": {"state": "TN", "cluster_id": 117, "county": "Unknown", "severity": 15, "radius_m": 1111.4876508828313, "share_of_state": 0.0012851267991775188}}, {"type": "Feature", "geometry": {"type": "Point", "coordinates": [-86.63458737923331, 36.30191793463454]}, "properties": {"state": "TN", "cluster_id": 119, "county": "Unknown", "severity": 15, "radius_m": 1087.062593590586, "share_of_state": 0.0012851267991775188}}, {"type": "Feature", "geometry": {"type": "Point", "coordinates": [-86.23631847160468, 36.622182313110564]}, "properties": {"state": "TN", "cluster_id": 120, "county": "Unknown", "severity": 15, "radius_m": 276.9406380108888, "share_of_state": 0.0012851267991775188}}, {"type": "Feature", "geometry": {"type": "Point", "coordinates": [-86.6797305289783, 35.96754018540101]}, "properties": {"state": "TN", "cluster_id": 123, "county": "Unknown", "severity": 15, "radius_m": 1195.9432464081233, "share_of_state": 0.0012851267991775188}}, {"type": "Feature", "geometry": {"type": "Point", "coordinates": [-85.00884465143609, 36.230215677483514]}, "properties": {"state": "TN", "cluster_id": 138, "county": "Unknown", "severity": 15, "radius_m": 100.0, "share_of_state": 0.0012851267991775188}}, {"type": "Feature", "geometry": {"type": "Point", "coordinates": [-85.89322754910522, 35.211467362792845]}, "properties": {"state": "TN", "cluster_id": 139, "county": "Unknown", "severity": 15, "radius_m": 1213.4302111633826, "share_of_state": 0.0012851267991775188}}, {"type": "Feature", "geometry": {"type": "Point", "coordinates": [-85.32949169591242, 35.09796995031086]}, "properties": {"state": "TN", "cluster_id": 144, "county": "Unknown", "severity": 15, "radius_m": 194.56359288215046, "share_of_state": 0.0012851267991775188}}, {"type": "Feature", "geometry": {"type": "Point", "coordinates": [-85.83462732577026, 35.2336961942617]}, "properties": {"state": "TN", "cluster_id": 160, "county": "Unknown", "severity": 15, "radius_m": 156.37351670269774, "share_of_state": 0.0012851267991775188}}, {"type": "Feature", "geometry": {"type": "Point", "coordinates": [-85.62668489230781, 35.05509470681086]}, "properties": {"state": "TN", "cluster_id": 161, "county": "Unknown", "severity": 15, "radius_m": 1318.6972276961226, "share_of_state": 0.0012851267991775188}}, {"type": "Feature", "geometry": {"type": "Point", "coordinates": [-84.9402165053263, 35.57710465523313]}, "properties": {"state": "TN", "cluster_id": 173, "county": "Unknown", "severity": 15, "radius_m": 337.12326066646835, "share_of_state": 0.0012851267991775188}}, {"type": "Feature", "geometry": {"type": "Point", "coordinates": [-84.69694639990577, 35.11580131369842]}, "properties": {"state": "TN", "cluster_id": 195, "county": "Unknown", "severity": 15, "radius_m": 1242.1075322464437, "share_of_state": 0.0012851267991775188}}, {"type": "Feature", "geometry": {"type": "Point", "coordinates": [-84.99261213803284, 35.50707185305377]}, "properties": {"state": "TN", "cluster_id": 198, "county": "Unknown", "severity": 15, "radius_m": 1176.8115476695752, "share_of_state": 0.0012851267991775188}}, {"type": "Feature", "geometry": {"type": "Point", "coordinates": [-84.8032028457434, 35.73532382032283]}, "properties": {"state": "TN", "cluster_id": 199, "county": "Unknown", "severity": 15, "radius_m": 733.9853444292143, "share_of_state": 0.0012851267991775188}}, {"type": "Feature", "geometry": {"type": "Point", "coordinates": [-82.64638060189132, 36.398421919183406]}, "properties": {"state": "TN", "cluster_id": 210, "county": "Unknown", "severity": 15, "radius_m": 379.017135472206, "share_of_state": 0.0012851267991775188}}, {"type": "Feature", "geometry": {"type": "Point", "coordinates": [-84.5801099632779, 35.86847013873179]}, "properties": {"state": "TN", "cluster_id": 225, "county": "Unknown", "severity": 15, "radius_m": 100.0, "share_of_state": 0.0012851267991775188}}, {"type": "Feature", "geometry": {"type": "Point", "coordinates": [-83.20682752557416, 35.93685200199579]}, "properties": {"state": "TN", "cluster_id": 238, "county": "Unknown", "severity": 15, "radius_m": 1031.1023546466993, "share_of_state": 0.0012851267991775188}}, {"type": "Feature", "geometry": {"type": "Point", "coordinates": [-85.00271505441596, 35.93728581180628]}, "properties": {"state": "TN", "cluster_id": 136, "county": "Unknown", "severity": 13, "radius_m": 206.1246358946421, "share_of_state": 0.001113776559287183}}, {"type": "Feature", "geometry": {"type": "Point", "coordinates": [-84.60240976810995, 35.906230632623135]}, "properties": {"state": "TN", "cluster_id": 228, "county": "Unknown", "severity": 13, "radius_m": 975.0561963764266, "share_of_state": 0.001113776559287183}}, {"type": "Feature", "geometry": {"type": "Point", "coordinates": [-85.44732861976136, 36.20687888112126]}, "properties": {"state": "TN", "cluster_id": 170, "county": "Unknown", "severity": 12, "radius_m": 942.1112669451101, "share_of_state": 0.001028101439342015}}, {"type": "Feature", "geometry": {"type": "Point", "coordinates": [-89.73245448209782, 35.12900897026601]}, "properties": {"state": "TN", "cluster_id": 9, "county": "Unknown", "severity": 11, "radius_m": 862.8385562960432, "share_of_state": 0.0009424263193968472}}, {"type": "Feature", "geometry": {"type": "Point", "coordinates": [-86.5181030968369, 36.13839457343055]}, "properties": {"state": "TN", "cluster_id": 124, "county": "Unknown", "severity": 11, "radius_m": 100.0, "share_of_state": 0.0009424263193968472}}, {"type": "Feature", "geometry": {"type": "Point", "coordinates": [-86.34513236535153, 36.22274270079381]}, "properties": {"state": "TN", "cluster_id": 110, "county": "Unknown", "severity": 10, "radius_m": 599.192199067313, "share_of_state": 0.0008567511994516792}}, {"type": "Feature", "geometry": {"type": "Point", "coordinates": [-86.8819091114136, 35.44943395234117]}, "properties": {"state": "TN", "cluster_id": 115, "county": "Unknown", "severity": 9, "radius_m": 982.4245268734314, "share_of_state": 0.0007710760795065113}}, {"type": "Feature", "geometry": {"type": "Point", "coordinates": [-86.60474894495181, 35.85386336795223]}, "properties": {"state": "TN", "cluster_id": 118, "county": "Unknown", "severity": 4, "radius_m": 349.78315290669616, "share_of_state": 0.0003427004797806717}}]}